8 51
21 21 21 21 21 21 21 21
1 -1 21 21 21 21 21 21
2 -2 21 21 21 21 21 21
3 -3 21 21 21 21 21 21
4 -4 21 21 21 21 21 21
5 -5 21 21 21 21 21 21
1 2 -1 -2 21 21 21 21
1 2 -2 -1 21 21 21 21
2 1 -1 -2 21 21 21 21
2 1 -2 -1 21 21 21 21
1 3 -1 -3 21 21 21 21
1 3 -3 -1 21 21 21 21
3 1 -1 -3 21 21 21 21
3 1 -3 -1 21 21 21 21
1 4 -1 -4 21 21 21 21
1 4 -4 -1 21 21 21 21
4 1 -1 -4 21 21 21 21
4 1 -4 -1 21 21 21 21
1 5 -1 -5 21 21 21 21
1 5 -5 -1 21 21 21 21
5 1 -1 -5 21 21 21 21
5 1 -5 -1 21 21 21 21
2 3 -2 -3 21 21 21 21
2 3 -3 -2 21 21 21 21
3 2 -2 -3 21 21 21 21
3 2 -3 -2 21 21 21 21
2 4 -2 -4 21 21 21 21
2 4 -4 -2 21 21 21 21
4 2 -2 -4 21 21 21 21
4 2 -4 -2 21 21 21 21
2 5 -2 -5 21 21 21 21
2 5 -5 -2 21 21 21 21
5 2 -2 -5 21 21 21 21
5 2 -5 -2 21 21 21 21
3 4 -3 -4 21 21 21 21
3 4 -4 -3 21 21 21 21
4 3 -3 -4 21 21 21 21
4 3 -4 -3 21 21 21 21
3 5 -3 -5 21 21 21 21
3 5 -5 -3 21 21 21 21
5 3 -3 -5 21 21 21 21
5 3 -5 -3 21 21 21 21
4 5 -4 -5 21 21 21 21
4 5 -5 -4 21 21 21 21
5 4 -4 -5 21 21 21 21
5 4 -5 -4 21 21 21 21
1 1 -1 -1 21 21 21 21
2 2 -2 -2 21 21 21 21
3 3 -3 -3 21 21 21 21
4 4 -4 -4 21 21 21 21
5 5 -5 -5 21 21 21 21


7

1   941   1   1 2 3 4 5 6 7 8
1   1   21 21 21 21 21 21 21 21   1 2 3 4 5 6 7 8   720.0
1   1   -1 21 21 21 21 21 21 -1   1 2 3 4 5 6 7 8   120.0
1   1   -2 21 21 21 21 21 21 -2   1 2 3 4 5 6 7 8   120.0
1   1   -3 21 21 21 21 21 21 -3   1 2 3 4 5 6 7 8   120.0
1   1   -4 21 21 21 21 21 21 -4   1 2 3 4 5 6 7 8   120.0
1   1   -5 21 21 21 21 21 21 -5   1 2 3 4 5 6 7 8   120.0
1   1   1 -1 21 21 21 21 21 21   2 3 4 5 6 7 8 1   720.0
1   1   2 -2 21 21 21 21 21 21   2 3 4 5 6 7 8 1   720.0
1   1   3 -3 21 21 21 21 21 21   2 3 4 5 6 7 8 1   720.0
1   1   4 -4 21 21 21 21 21 21   2 3 4 5 6 7 8 1   720.0
1   1   5 -5 21 21 21 21 21 21   2 3 4 5 6 7 8 1   720.0
1   1   21 1 1 21 21 21 21 21   3 4 5 6 7 8 1 2   120.0
1   1   21 2 2 21 21 21 21 21   3 4 5 6 7 8 1 2   120.0
1   1   21 3 3 21 21 21 21 21   3 4 5 6 7 8 1 2   120.0
1   1   21 4 4 21 21 21 21 21   3 4 5 6 7 8 1 2   120.0
1   1   21 5 5 21 21 21 21 21   3 4 5 6 7 8 1 2   120.0
1   1   21 21 -1 1 21 21 21 21   4 5 6 7 8 1 2 3   24.0
1   1   21 21 -2 2 21 21 21 21   4 5 6 7 8 1 2 3   24.0
1   1   21 21 -3 3 21 21 21 21   4 5 6 7 8 1 2 3   24.0
1   1   21 21 -4 4 21 21 21 21   4 5 6 7 8 1 2 3   24.0
1   1   21 21 -5 5 21 21 21 21   4 5 6 7 8 1 2 3   24.0
1   1   21 21 21 -1 1 21 21 21   5 6 7 8 1 2 3 4   24.0
1   1   21 21 21 -2 2 21 21 21   5 6 7 8 1 2 3 4   24.0
1   1   21 21 21 -3 3 21 21 21   5 6 7 8 1 2 3 4   24.0
1   1   21 21 21 -4 4 21 21 21   5 6 7 8 1 2 3 4   24.0
1   1   21 21 21 -5 5 21 21 21   5 6 7 8 1 2 3 4   24.0
1   1   21 21 21 21 -1 1 21 21   6 7 8 1 2 3 4 5   24.0
1   1   21 21 21 21 -2 2 21 21   6 7 8 1 2 3 4 5   24.0
1   1   21 21 21 21 -3 3 21 21   6 7 8 1 2 3 4 5   24.0
1   1   21 21 21 21 -4 4 21 21   6 7 8 1 2 3 4 5   24.0
1   1   21 21 21 21 -5 5 21 21   6 7 8 1 2 3 4 5   24.0
1   1   21 21 21 21 21 -1 1 21   7 8 1 2 3 4 5 6   24.0
1   1   21 21 21 21 21 -2 2 21   7 8 1 2 3 4 5 6   24.0
1   1   21 21 21 21 21 -3 3 21   7 8 1 2 3 4 5 6   24.0
1   1   21 21 21 21 21 -4 4 21   7 8 1 2 3 4 5 6   24.0
1   1   21 21 21 21 21 -5 5 21   7 8 1 2 3 4 5 6   24.0
1   1   21 21 21 21 21 21 -1 1   8 1 2 3 4 5 6 7   24.0
1   1   21 21 21 21 21 21 -2 2   8 1 2 3 4 5 6 7   24.0
1   1   21 21 21 21 21 21 -3 3   8 1 2 3 4 5 6 7   24.0
1   1   21 21 21 21 21 21 -4 4   8 1 2 3 4 5 6 7   24.0
1   1   21 21 21 21 21 21 -5 5   8 1 2 3 4 5 6 7   24.0
1   1   -1 1 2 21 21 21 21 -2   1 2 3 4 5 6 7 8   24.0
1   1   -1 1 3 21 21 21 21 -3   1 2 3 4 5 6 7 8   24.0
1   1   -1 1 4 21 21 21 21 -4   1 2 3 4 5 6 7 8   24.0
1   1   -1 1 5 21 21 21 21 -5   1 2 3 4 5 6 7 8   24.0
1   1   -1 2 2 21 21 21 21 -1   1 2 3 4 5 6 7 8   24.0
1   1   -1 3 3 21 21 21 21 -1   1 2 3 4 5 6 7 8   24.0
1   1   -1 4 4 21 21 21 21 -1   1 2 3 4 5 6 7 8   24.0
1   1   -1 5 5 21 21 21 21 -1   1 2 3 4 5 6 7 8   24.0
1   1   -1 21 -1 2 21 21 21 -2   1 2 3 4 5 6 7 8   6.0
1   1   -1 21 -1 3 21 21 21 -3   1 2 3 4 5 6 7 8   6.0
1   1   -1 21 -1 4 21 21 21 -4   1 2 3 4 5 6 7 8   6.0
1   1   -1 21 -1 5 21 21 21 -5   1 2 3 4 5 6 7 8   6.0
1   1   -1 21 -2 2 21 21 21 -1   1 2 3 4 5 6 7 8   6.0
1   1   -1 21 -3 3 21 21 21 -1   1 2 3 4 5 6 7 8   6.0
1   1   -1 21 -4 4 21 21 21 -1   1 2 3 4 5 6 7 8   6.0
1   1   -1 21 -5 5 21 21 21 -1   1 2 3 4 5 6 7 8   6.0
1   1   -1 21 21 -1 2 21 21 -2   1 2 3 4 5 6 7 8   6.0
1   1   -1 21 21 -1 3 21 21 -3   1 2 3 4 5 6 7 8   6.0
1   1   -1 21 21 -1 4 21 21 -4   1 2 3 4 5 6 7 8   6.0
1   1   -1 21 21 -1 5 21 21 -5   1 2 3 4 5 6 7 8   6.0
1   1   -1 21 21 -2 2 21 21 -1   1 2 3 4 5 6 7 8   6.0
1   1   -1 21 21 -3 3 21 21 -1   1 2 3 4 5 6 7 8   6.0
1   1   -1 21 21 -4 4 21 21 -1   1 2 3 4 5 6 7 8   6.0
1   1   -1 21 21 -5 5 21 21 -1   1 2 3 4 5 6 7 8   6.0
1   1   -1 21 21 21 -1 2 21 -2   1 2 3 4 5 6 7 8   6.0
1   1   -1 21 21 21 -1 3 21 -3   1 2 3 4 5 6 7 8   6.0
1   1   -1 21 21 21 -1 4 21 -4   1 2 3 4 5 6 7 8   6.0
1   1   -1 21 21 21 -1 5 21 -5   1 2 3 4 5 6 7 8   6.0
1   1   -1 21 21 21 -2 2 21 -1   1 2 3 4 5 6 7 8   6.0
1   1   -1 21 21 21 -3 3 21 -1   1 2 3 4 5 6 7 8   6.0
1   1   -1 21 21 21 -4 4 21 -1   1 2 3 4 5 6 7 8   6.0
1   1   -1 21 21 21 -5 5 21 -1   1 2 3 4 5 6 7 8   6.0
1   1   -1 21 21 21 21 -1 2 -2   1 2 3 4 5 6 7 8   6.0
1   1   -1 21 21 21 21 -1 3 -3   1 2 3 4 5 6 7 8   6.0
1   1   -1 21 21 21 21 -1 4 -4   1 2 3 4 5 6 7 8   6.0
1   1   -1 21 21 21 21 -1 5 -5   1 2 3 4 5 6 7 8   6.0
1   1   -1 21 21 21 21 -2 2 -1   1 2 3 4 5 6 7 8   6.0
1   1   -1 21 21 21 21 -3 3 -1   1 2 3 4 5 6 7 8   6.0
1   1   -1 21 21 21 21 -4 4 -1   1 2 3 4 5 6 7 8   6.0
1   1   -1 21 21 21 21 -5 5 -1   1 2 3 4 5 6 7 8   6.0
1   1   -2 1 1 21 21 21 21 -2   1 2 3 4 5 6 7 8   24.0
1   1   -2 2 1 21 21 21 21 -1   1 2 3 4 5 6 7 8   24.0
1   1   -2 2 3 21 21 21 21 -3   1 2 3 4 5 6 7 8   24.0
1   1   -2 2 4 21 21 21 21 -4   1 2 3 4 5 6 7 8   24.0
1   1   -2 2 5 21 21 21 21 -5   1 2 3 4 5 6 7 8   24.0
1   1   -2 3 3 21 21 21 21 -2   1 2 3 4 5 6 7 8   24.0
1   1   -2 4 4 21 21 21 21 -2   1 2 3 4 5 6 7 8   24.0
1   1   -2 5 5 21 21 21 21 -2   1 2 3 4 5 6 7 8   24.0
1   1   -2 21 -1 1 21 21 21 -2   1 2 3 4 5 6 7 8   6.0
1   1   -2 21 -2 1 21 21 21 -1   1 2 3 4 5 6 7 8   6.0
1   1   -2 21 -2 3 21 21 21 -3   1 2 3 4 5 6 7 8   6.0
1   1   -2 21 -2 4 21 21 21 -4   1 2 3 4 5 6 7 8   6.0
1   1   -2 21 -2 5 21 21 21 -5   1 2 3 4 5 6 7 8   6.0
1   1   -2 21 -3 3 21 21 21 -2   1 2 3 4 5 6 7 8   6.0
1   1   -2 21 -4 4 21 21 21 -2   1 2 3 4 5 6 7 8   6.0
1   1   -2 21 -5 5 21 21 21 -2   1 2 3 4 5 6 7 8   6.0
1   1   -2 21 21 -1 1 21 21 -2   1 2 3 4 5 6 7 8   6.0
1   1   -2 21 21 -2 1 21 21 -1   1 2 3 4 5 6 7 8   6.0
1   1   -2 21 21 -2 3 21 21 -3   1 2 3 4 5 6 7 8   6.0
1   1   -2 21 21 -2 4 21 21 -4   1 2 3 4 5 6 7 8   6.0
1   1   -2 21 21 -2 5 21 21 -5   1 2 3 4 5 6 7 8   6.0
1   1   -2 21 21 -3 3 21 21 -2   1 2 3 4 5 6 7 8   6.0
1   1   -2 21 21 -4 4 21 21 -2   1 2 3 4 5 6 7 8   6.0
1   1   -2 21 21 -5 5 21 21 -2   1 2 3 4 5 6 7 8   6.0
1   1   -2 21 21 21 -1 1 21 -2   1 2 3 4 5 6 7 8   6.0
1   1   -2 21 21 21 -2 1 21 -1   1 2 3 4 5 6 7 8   6.0
1   1   -2 21 21 21 -2 3 21 -3   1 2 3 4 5 6 7 8   6.0
1   1   -2 21 21 21 -2 4 21 -4   1 2 3 4 5 6 7 8   6.0
1   1   -2 21 21 21 -2 5 21 -5   1 2 3 4 5 6 7 8   6.0
1   1   -2 21 21 21 -3 3 21 -2   1 2 3 4 5 6 7 8   6.0
1   1   -2 21 21 21 -4 4 21 -2   1 2 3 4 5 6 7 8   6.0
1   1   -2 21 21 21 -5 5 21 -2   1 2 3 4 5 6 7 8   6.0
1   1   -2 21 21 21 21 -1 1 -2   1 2 3 4 5 6 7 8   6.0
1   1   -2 21 21 21 21 -2 1 -1   1 2 3 4 5 6 7 8   6.0
1   1   -2 21 21 21 21 -2 3 -3   1 2 3 4 5 6 7 8   6.0
1   1   -2 21 21 21 21 -2 4 -4   1 2 3 4 5 6 7 8   6.0
1   1   -2 21 21 21 21 -2 5 -5   1 2 3 4 5 6 7 8   6.0
1   1   -2 21 21 21 21 -3 3 -2   1 2 3 4 5 6 7 8   6.0
1   1   -2 21 21 21 21 -4 4 -2   1 2 3 4 5 6 7 8   6.0
1   1   -2 21 21 21 21 -5 5 -2   1 2 3 4 5 6 7 8   6.0
1   1   -3 1 1 21 21 21 21 -3   1 2 3 4 5 6 7 8   24.0
1   1   -3 2 2 21 21 21 21 -3   1 2 3 4 5 6 7 8   24.0
1   1   -3 3 1 21 21 21 21 -1   1 2 3 4 5 6 7 8   24.0
1   1   -3 3 2 21 21 21 21 -2   1 2 3 4 5 6 7 8   24.0
1   1   -3 3 4 21 21 21 21 -4   1 2 3 4 5 6 7 8   24.0
1   1   -3 3 5 21 21 21 21 -5   1 2 3 4 5 6 7 8   24.0
1   1   -3 4 4 21 21 21 21 -3   1 2 3 4 5 6 7 8   24.0
1   1   -3 5 5 21 21 21 21 -3   1 2 3 4 5 6 7 8   24.0
1   1   -3 21 -1 1 21 21 21 -3   1 2 3 4 5 6 7 8   6.0
1   1   -3 21 -2 2 21 21 21 -3   1 2 3 4 5 6 7 8   6.0
1   1   -3 21 -3 1 21 21 21 -1   1 2 3 4 5 6 7 8   6.0
1   1   -3 21 -3 2 21 21 21 -2   1 2 3 4 5 6 7 8   6.0
1   1   -3 21 -3 4 21 21 21 -4   1 2 3 4 5 6 7 8   6.0
1   1   -3 21 -3 5 21 21 21 -5   1 2 3 4 5 6 7 8   6.0
1   1   -3 21 -4 4 21 21 21 -3   1 2 3 4 5 6 7 8   6.0
1   1   -3 21 -5 5 21 21 21 -3   1 2 3 4 5 6 7 8   6.0
1   1   -3 21 21 -1 1 21 21 -3   1 2 3 4 5 6 7 8   6.0
1   1   -3 21 21 -2 2 21 21 -3   1 2 3 4 5 6 7 8   6.0
1   1   -3 21 21 -3 1 21 21 -1   1 2 3 4 5 6 7 8   6.0
1   1   -3 21 21 -3 2 21 21 -2   1 2 3 4 5 6 7 8   6.0
1   1   -3 21 21 -3 4 21 21 -4   1 2 3 4 5 6 7 8   6.0
1   1   -3 21 21 -3 5 21 21 -5   1 2 3 4 5 6 7 8   6.0
1   1   -3 21 21 -4 4 21 21 -3   1 2 3 4 5 6 7 8   6.0
1   1   -3 21 21 -5 5 21 21 -3   1 2 3 4 5 6 7 8   6.0
1   1   -3 21 21 21 -1 1 21 -3   1 2 3 4 5 6 7 8   6.0
1   1   -3 21 21 21 -2 2 21 -3   1 2 3 4 5 6 7 8   6.0
1   1   -3 21 21 21 -3 1 21 -1   1 2 3 4 5 6 7 8   6.0
1   1   -3 21 21 21 -3 2 21 -2   1 2 3 4 5 6 7 8   6.0
1   1   -3 21 21 21 -3 4 21 -4   1 2 3 4 5 6 7 8   6.0
1   1   -3 21 21 21 -3 5 21 -5   1 2 3 4 5 6 7 8   6.0
1   1   -3 21 21 21 -4 4 21 -3   1 2 3 4 5 6 7 8   6.0
1   1   -3 21 21 21 -5 5 21 -3   1 2 3 4 5 6 7 8   6.0
1   1   -3 21 21 21 21 -1 1 -3   1 2 3 4 5 6 7 8   6.0
1   1   -3 21 21 21 21 -2 2 -3   1 2 3 4 5 6 7 8   6.0
1   1   -3 21 21 21 21 -3 1 -1   1 2 3 4 5 6 7 8   6.0
1   1   -3 21 21 21 21 -3 2 -2   1 2 3 4 5 6 7 8   6.0
1   1   -3 21 21 21 21 -3 4 -4   1 2 3 4 5 6 7 8   6.0
1   1   -3 21 21 21 21 -3 5 -5   1 2 3 4 5 6 7 8   6.0
1   1   -3 21 21 21 21 -4 4 -3   1 2 3 4 5 6 7 8   6.0
1   1   -3 21 21 21 21 -5 5 -3   1 2 3 4 5 6 7 8   6.0
1   1   -4 1 1 21 21 21 21 -4   1 2 3 4 5 6 7 8   24.0
1   1   -4 2 2 21 21 21 21 -4   1 2 3 4 5 6 7 8   24.0
1   1   -4 3 3 21 21 21 21 -4   1 2 3 4 5 6 7 8   24.0
1   1   -4 4 1 21 21 21 21 -1   1 2 3 4 5 6 7 8   24.0
1   1   -4 4 2 21 21 21 21 -2   1 2 3 4 5 6 7 8   24.0
1   1   -4 4 3 21 21 21 21 -3   1 2 3 4 5 6 7 8   24.0
1   1   -4 4 5 21 21 21 21 -5   1 2 3 4 5 6 7 8   24.0
1   1   -4 5 5 21 21 21 21 -4   1 2 3 4 5 6 7 8   24.0
1   1   -4 21 -1 1 21 21 21 -4   1 2 3 4 5 6 7 8   6.0
1   1   -4 21 -2 2 21 21 21 -4   1 2 3 4 5 6 7 8   6.0
1   1   -4 21 -3 3 21 21 21 -4   1 2 3 4 5 6 7 8   6.0
1   1   -4 21 -4 1 21 21 21 -1   1 2 3 4 5 6 7 8   6.0
1   1   -4 21 -4 2 21 21 21 -2   1 2 3 4 5 6 7 8   6.0
1   1   -4 21 -4 3 21 21 21 -3   1 2 3 4 5 6 7 8   6.0
1   1   -4 21 -4 5 21 21 21 -5   1 2 3 4 5 6 7 8   6.0
1   1   -4 21 -5 5 21 21 21 -4   1 2 3 4 5 6 7 8   6.0
1   1   -4 21 21 -1 1 21 21 -4   1 2 3 4 5 6 7 8   6.0
1   1   -4 21 21 -2 2 21 21 -4   1 2 3 4 5 6 7 8   6.0
1   1   -4 21 21 -3 3 21 21 -4   1 2 3 4 5 6 7 8   6.0
1   1   -4 21 21 -4 1 21 21 -1   1 2 3 4 5 6 7 8   6.0
1   1   -4 21 21 -4 2 21 21 -2   1 2 3 4 5 6 7 8   6.0
1   1   -4 21 21 -4 3 21 21 -3   1 2 3 4 5 6 7 8   6.0
1   1   -4 21 21 -4 5 21 21 -5   1 2 3 4 5 6 7 8   6.0
1   1   -4 21 21 -5 5 21 21 -4   1 2 3 4 5 6 7 8   6.0
1   1   -4 21 21 21 -1 1 21 -4   1 2 3 4 5 6 7 8   6.0
1   1   -4 21 21 21 -2 2 21 -4   1 2 3 4 5 6 7 8   6.0
1   1   -4 21 21 21 -3 3 21 -4   1 2 3 4 5 6 7 8   6.0
1   1   -4 21 21 21 -4 1 21 -1   1 2 3 4 5 6 7 8   6.0
1   1   -4 21 21 21 -4 2 21 -2   1 2 3 4 5 6 7 8   6.0
1   1   -4 21 21 21 -4 3 21 -3   1 2 3 4 5 6 7 8   6.0
1   1   -4 21 21 21 -4 5 21 -5   1 2 3 4 5 6 7 8   6.0
1   1   -4 21 21 21 -5 5 21 -4   1 2 3 4 5 6 7 8   6.0
1   1   -4 21 21 21 21 -1 1 -4   1 2 3 4 5 6 7 8   6.0
1   1   -4 21 21 21 21 -2 2 -4   1 2 3 4 5 6 7 8   6.0
1   1   -4 21 21 21 21 -3 3 -4   1 2 3 4 5 6 7 8   6.0
1   1   -4 21 21 21 21 -4 1 -1   1 2 3 4 5 6 7 8   6.0
1   1   -4 21 21 21 21 -4 2 -2   1 2 3 4 5 6 7 8   6.0
1   1   -4 21 21 21 21 -4 3 -3   1 2 3 4 5 6 7 8   6.0
1   1   -4 21 21 21 21 -4 5 -5   1 2 3 4 5 6 7 8   6.0
1   1   -4 21 21 21 21 -5 5 -4   1 2 3 4 5 6 7 8   6.0
1   1   -5 1 1 21 21 21 21 -5   1 2 3 4 5 6 7 8   24.0
1   1   -5 2 2 21 21 21 21 -5   1 2 3 4 5 6 7 8   24.0
1   1   -5 3 3 21 21 21 21 -5   1 2 3 4 5 6 7 8   24.0
1   1   -5 4 4 21 21 21 21 -5   1 2 3 4 5 6 7 8   24.0
1   1   -5 5 1 21 21 21 21 -1   1 2 3 4 5 6 7 8   24.0
1   1   -5 5 2 21 21 21 21 -2   1 2 3 4 5 6 7 8   24.0
1   1   -5 5 3 21 21 21 21 -3   1 2 3 4 5 6 7 8   24.0
1   1   -5 5 4 21 21 21 21 -4   1 2 3 4 5 6 7 8   24.0
1   1   -5 21 -1 1 21 21 21 -5   1 2 3 4 5 6 7 8   6.0
1   1   -5 21 -2 2 21 21 21 -5   1 2 3 4 5 6 7 8   6.0
1   1   -5 21 -3 3 21 21 21 -5   1 2 3 4 5 6 7 8   6.0
1   1   -5 21 -4 4 21 21 21 -5   1 2 3 4 5 6 7 8   6.0
1   1   -5 21 -5 1 21 21 21 -1   1 2 3 4 5 6 7 8   6.0
1   1   -5 21 -5 2 21 21 21 -2   1 2 3 4 5 6 7 8   6.0
1   1   -5 21 -5 3 21 21 21 -3   1 2 3 4 5 6 7 8   6.0
1   1   -5 21 -5 4 21 21 21 -4   1 2 3 4 5 6 7 8   6.0
1   1   -5 21 21 -1 1 21 21 -5   1 2 3 4 5 6 7 8   6.0
1   1   -5 21 21 -2 2 21 21 -5   1 2 3 4 5 6 7 8   6.0
1   1   -5 21 21 -3 3 21 21 -5   1 2 3 4 5 6 7 8   6.0
1   1   -5 21 21 -4 4 21 21 -5   1 2 3 4 5 6 7 8   6.0
1   1   -5 21 21 -5 1 21 21 -1   1 2 3 4 5 6 7 8   6.0
1   1   -5 21 21 -5 2 21 21 -2   1 2 3 4 5 6 7 8   6.0
1   1   -5 21 21 -5 3 21 21 -3   1 2 3 4 5 6 7 8   6.0
1   1   -5 21 21 -5 4 21 21 -4   1 2 3 4 5 6 7 8   6.0
1   1   -5 21 21 21 -1 1 21 -5   1 2 3 4 5 6 7 8   6.0
1   1   -5 21 21 21 -2 2 21 -5   1 2 3 4 5 6 7 8   6.0
1   1   -5 21 21 21 -3 3 21 -5   1 2 3 4 5 6 7 8   6.0
1   1   -5 21 21 21 -4 4 21 -5   1 2 3 4 5 6 7 8   6.0
1   1   -5 21 21 21 -5 1 21 -1   1 2 3 4 5 6 7 8   6.0
1   1   -5 21 21 21 -5 2 21 -2   1 2 3 4 5 6 7 8   6.0
1   1   -5 21 21 21 -5 3 21 -3   1 2 3 4 5 6 7 8   6.0
1   1   -5 21 21 21 -5 4 21 -4   1 2 3 4 5 6 7 8   6.0
1   1   -5 21 21 21 21 -1 1 -5   1 2 3 4 5 6 7 8   6.0
1   1   -5 21 21 21 21 -2 2 -5   1 2 3 4 5 6 7 8   6.0
1   1   -5 21 21 21 21 -3 3 -5   1 2 3 4 5 6 7 8   6.0
1   1   -5 21 21 21 21 -4 4 -5   1 2 3 4 5 6 7 8   6.0
1   1   -5 21 21 21 21 -5 1 -1   1 2 3 4 5 6 7 8   6.0
1   1   -5 21 21 21 21 -5 2 -2   1 2 3 4 5 6 7 8   6.0
1   1   -5 21 21 21 21 -5 3 -3   1 2 3 4 5 6 7 8   6.0
1   1   -5 21 21 21 21 -5 4 -4   1 2 3 4 5 6 7 8   6.0
1   1   1 -1 -2 2 21 21 21 21   4 5 6 7 8 1 2 3   24.0
1   1   1 -1 -3 3 21 21 21 21   4 5 6 7 8 1 2 3   24.0
1   1   1 -1 -4 4 21 21 21 21   4 5 6 7 8 1 2 3   24.0
1   1   1 -1 -5 5 21 21 21 21   4 5 6 7 8 1 2 3   24.0
1   1   1 -1 21 -2 2 21 21 21   5 6 7 8 1 2 3 4   24.0
1   1   1 -1 21 -3 3 21 21 21   5 6 7 8 1 2 3 4   24.0
1   1   1 -1 21 -4 4 21 21 21   5 6 7 8 1 2 3 4   24.0
1   1   1 -1 21 -5 5 21 21 21   5 6 7 8 1 2 3 4   24.0
1   1   1 -1 21 21 -2 2 21 21   6 7 8 1 2 3 4 5   24.0
1   1   1 -1 21 21 -3 3 21 21   6 7 8 1 2 3 4 5   24.0
1   1   1 -1 21 21 -4 4 21 21   6 7 8 1 2 3 4 5   24.0
1   1   1 -1 21 21 -5 5 21 21   6 7 8 1 2 3 4 5   24.0
1   1   1 -1 21 21 21 -2 2 21   7 8 1 2 3 4 5 6   24.0
1   1   1 -1 21 21 21 -3 3 21   7 8 1 2 3 4 5 6   24.0
1   1   1 -1 21 21 21 -4 4 21   7 8 1 2 3 4 5 6   24.0
1   1   1 -1 21 21 21 -5 5 21   7 8 1 2 3 4 5 6   24.0
1   1   1 -1 21 21 21 21 -2 2   8 1 2 3 4 5 6 7   24.0
1   1   1 -1 21 21 21 21 -3 3   8 1 2 3 4 5 6 7   24.0
1   1   1 -1 21 21 21 21 -4 4   8 1 2 3 4 5 6 7   24.0
1   1   1 -1 21 21 21 21 -5 5   8 1 2 3 4 5 6 7   24.0
1   1   1 -2 -2 1 21 21 21 21   4 5 6 7 8 1 2 3   24.0
1   1   1 -2 21 -2 1 21 21 21   5 6 7 8 1 2 3 4   24.0
1   1   1 -2 21 21 -2 1 21 21   6 7 8 1 2 3 4 5   24.0
1   1   1 -2 21 21 21 -2 1 21   7 8 1 2 3 4 5 6   24.0
1   1   1 -2 21 21 21 21 -2 1   8 1 2 3 4 5 6 7   24.0
1   1   1 -3 -3 1 21 21 21 21   4 5 6 7 8 1 2 3   24.0
1   1   1 -3 21 -3 1 21 21 21   5 6 7 8 1 2 3 4   24.0
1   1   1 -3 21 21 -3 1 21 21   6 7 8 1 2 3 4 5   24.0
1   1   1 -3 21 21 21 -3 1 21   7 8 1 2 3 4 5 6   24.0
1   1   1 -3 21 21 21 21 -3 1   8 1 2 3 4 5 6 7   24.0
1   1   1 -4 -4 1 21 21 21 21   4 5 6 7 8 1 2 3   24.0
1   1   1 -4 21 -4 1 21 21 21   5 6 7 8 1 2 3 4   24.0
1   1   1 -4 21 21 -4 1 21 21   6 7 8 1 2 3 4 5   24.0
1   1   1 -4 21 21 21 -4 1 21   7 8 1 2 3 4 5 6   24.0
1   1   1 -4 21 21 21 21 -4 1   8 1 2 3 4 5 6 7   24.0
1   1   1 -5 -5 1 21 21 21 21   4 5 6 7 8 1 2 3   24.0
1   1   1 -5 21 -5 1 21 21 21   5 6 7 8 1 2 3 4   24.0
1   1   1 -5 21 21 -5 1 21 21   6 7 8 1 2 3 4 5   24.0
1   1   1 -5 21 21 21 -5 1 21   7 8 1 2 3 4 5 6   24.0
1   1   1 -5 21 21 21 21 -5 1   8 1 2 3 4 5 6 7   24.0
1   1   2 -1 -1 2 21 21 21 21   4 5 6 7 8 1 2 3   24.0
1   1   2 -1 21 -1 2 21 21 21   5 6 7 8 1 2 3 4   24.0
1   1   2 -1 21 21 -1 2 21 21   6 7 8 1 2 3 4 5   24.0
1   1   2 -1 21 21 21 -1 2 21   7 8 1 2 3 4 5 6   24.0
1   1   2 -1 21 21 21 21 -1 2   8 1 2 3 4 5 6 7   24.0
1   1   2 -2 -1 1 21 21 21 21   4 5 6 7 8 1 2 3   24.0
1   1   2 -2 -3 3 21 21 21 21   4 5 6 7 8 1 2 3   24.0
1   1   2 -2 -4 4 21 21 21 21   4 5 6 7 8 1 2 3   24.0
1   1   2 -2 -5 5 21 21 21 21   4 5 6 7 8 1 2 3   24.0
1   1   2 -2 21 -1 1 21 21 21   5 6 7 8 1 2 3 4   24.0
1   1   2 -2 21 -3 3 21 21 21   5 6 7 8 1 2 3 4   24.0
1   1   2 -2 21 -4 4 21 21 21   5 6 7 8 1 2 3 4   24.0
1   1   2 -2 21 -5 5 21 21 21   5 6 7 8 1 2 3 4   24.0
1   1   2 -2 21 21 -1 1 21 21   6 7 8 1 2 3 4 5   24.0
1   1   2 -2 21 21 -3 3 21 21   6 7 8 1 2 3 4 5   24.0
1   1   2 -2 21 21 -4 4 21 21   6 7 8 1 2 3 4 5   24.0
1   1   2 -2 21 21 -5 5 21 21   6 7 8 1 2 3 4 5   24.0
1   1   2 -2 21 21 21 -1 1 21   7 8 1 2 3 4 5 6   24.0
1   1   2 -2 21 21 21 -3 3 21   7 8 1 2 3 4 5 6   24.0
1   1   2 -2 21 21 21 -4 4 21   7 8 1 2 3 4 5 6   24.0
1   1   2 -2 21 21 21 -5 5 21   7 8 1 2 3 4 5 6   24.0
1   1   2 -2 21 21 21 21 -1 1   8 1 2 3 4 5 6 7   24.0
1   1   2 -2 21 21 21 21 -3 3   8 1 2 3 4 5 6 7   24.0
1   1   2 -2 21 21 21 21 -4 4   8 1 2 3 4 5 6 7   24.0
1   1   2 -2 21 21 21 21 -5 5   8 1 2 3 4 5 6 7   24.0
1   1   2 -3 -3 2 21 21 21 21   4 5 6 7 8 1 2 3   24.0
1   1   2 -3 21 -3 2 21 21 21   5 6 7 8 1 2 3 4   24.0
1   1   2 -3 21 21 -3 2 21 21   6 7 8 1 2 3 4 5   24.0
1   1   2 -3 21 21 21 -3 2 21   7 8 1 2 3 4 5 6   24.0
1   1   2 -3 21 21 21 21 -3 2   8 1 2 3 4 5 6 7   24.0
1   1   2 -4 -4 2 21 21 21 21   4 5 6 7 8 1 2 3   24.0
1   1   2 -4 21 -4 2 21 21 21   5 6 7 8 1 2 3 4   24.0
1   1   2 -4 21 21 -4 2 21 21   6 7 8 1 2 3 4 5   24.0
1   1   2 -4 21 21 21 -4 2 21   7 8 1 2 3 4 5 6   24.0
1   1   2 -4 21 21 21 21 -4 2   8 1 2 3 4 5 6 7   24.0
1   1   2 -5 -5 2 21 21 21 21   4 5 6 7 8 1 2 3   24.0
1   1   2 -5 21 -5 2 21 21 21   5 6 7 8 1 2 3 4   24.0
1   1   2 -5 21 21 -5 2 21 21   6 7 8 1 2 3 4 5   24.0
1   1   2 -5 21 21 21 -5 2 21   7 8 1 2 3 4 5 6   24.0
1   1   2 -5 21 21 21 21 -5 2   8 1 2 3 4 5 6 7   24.0
1   1   3 -1 -1 3 21 21 21 21   4 5 6 7 8 1 2 3   24.0
1   1   3 -1 21 -1 3 21 21 21   5 6 7 8 1 2 3 4   24.0
1   1   3 -1 21 21 -1 3 21 21   6 7 8 1 2 3 4 5   24.0
1   1   3 -1 21 21 21 -1 3 21   7 8 1 2 3 4 5 6   24.0
1   1   3 -1 21 21 21 21 -1 3   8 1 2 3 4 5 6 7   24.0
1   1   3 -2 -2 3 21 21 21 21   4 5 6 7 8 1 2 3   24.0
1   1   3 -2 21 -2 3 21 21 21   5 6 7 8 1 2 3 4   24.0
1   1   3 -2 21 21 -2 3 21 21   6 7 8 1 2 3 4 5   24.0
1   1   3 -2 21 21 21 -2 3 21   7 8 1 2 3 4 5 6   24.0
1   1   3 -2 21 21 21 21 -2 3   8 1 2 3 4 5 6 7   24.0
1   1   3 -3 -1 1 21 21 21 21   4 5 6 7 8 1 2 3   24.0
1   1   3 -3 -2 2 21 21 21 21   4 5 6 7 8 1 2 3   24.0
1   1   3 -3 -4 4 21 21 21 21   4 5 6 7 8 1 2 3   24.0
1   1   3 -3 -5 5 21 21 21 21   4 5 6 7 8 1 2 3   24.0
1   1   3 -3 21 -1 1 21 21 21   5 6 7 8 1 2 3 4   24.0
1   1   3 -3 21 -2 2 21 21 21   5 6 7 8 1 2 3 4   24.0
1   1   3 -3 21 -4 4 21 21 21   5 6 7 8 1 2 3 4   24.0
1   1   3 -3 21 -5 5 21 21 21   5 6 7 8 1 2 3 4   24.0
1   1   3 -3 21 21 -1 1 21 21   6 7 8 1 2 3 4 5   24.0
1   1   3 -3 21 21 -2 2 21 21   6 7 8 1 2 3 4 5   24.0
1   1   3 -3 21 21 -4 4 21 21   6 7 8 1 2 3 4 5   24.0
1   1   3 -3 21 21 -5 5 21 21   6 7 8 1 2 3 4 5   24.0
1   1   3 -3 21 21 21 -1 1 21   7 8 1 2 3 4 5 6   24.0
1   1   3 -3 21 21 21 -2 2 21   7 8 1 2 3 4 5 6   24.0
1   1   3 -3 21 21 21 -4 4 21   7 8 1 2 3 4 5 6   24.0
1   1   3 -3 21 21 21 -5 5 21   7 8 1 2 3 4 5 6   24.0
1   1   3 -3 21 21 21 21 -1 1   8 1 2 3 4 5 6 7   24.0
1   1   3 -3 21 21 21 21 -2 2   8 1 2 3 4 5 6 7   24.0
1   1   3 -3 21 21 21 21 -4 4   8 1 2 3 4 5 6 7   24.0
1   1   3 -3 21 21 21 21 -5 5   8 1 2 3 4 5 6 7   24.0
1   1   3 -4 -4 3 21 21 21 21   4 5 6 7 8 1 2 3   24.0
1   1   3 -4 21 -4 3 21 21 21   5 6 7 8 1 2 3 4   24.0
1   1   3 -4 21 21 -4 3 21 21   6 7 8 1 2 3 4 5   24.0
1   1   3 -4 21 21 21 -4 3 21   7 8 1 2 3 4 5 6   24.0
1   1   3 -4 21 21 21 21 -4 3   8 1 2 3 4 5 6 7   24.0
1   1   3 -5 -5 3 21 21 21 21   4 5 6 7 8 1 2 3   24.0
1   1   3 -5 21 -5 3 21 21 21   5 6 7 8 1 2 3 4   24.0
1   1   3 -5 21 21 -5 3 21 21   6 7 8 1 2 3 4 5   24.0
1   1   3 -5 21 21 21 -5 3 21   7 8 1 2 3 4 5 6   24.0
1   1   3 -5 21 21 21 21 -5 3   8 1 2 3 4 5 6 7   24.0
1   1   4 -1 -1 4 21 21 21 21   4 5 6 7 8 1 2 3   24.0
1   1   4 -1 21 -1 4 21 21 21   5 6 7 8 1 2 3 4   24.0
1   1   4 -1 21 21 -1 4 21 21   6 7 8 1 2 3 4 5   24.0
1   1   4 -1 21 21 21 -1 4 21   7 8 1 2 3 4 5 6   24.0
1   1   4 -1 21 21 21 21 -1 4   8 1 2 3 4 5 6 7   24.0
1   1   4 -2 -2 4 21 21 21 21   4 5 6 7 8 1 2 3   24.0
1   1   4 -2 21 -2 4 21 21 21   5 6 7 8 1 2 3 4   24.0
1   1   4 -2 21 21 -2 4 21 21   6 7 8 1 2 3 4 5   24.0
1   1   4 -2 21 21 21 -2 4 21   7 8 1 2 3 4 5 6   24.0
1   1   4 -2 21 21 21 21 -2 4   8 1 2 3 4 5 6 7   24.0
1   1   4 -3 -3 4 21 21 21 21   4 5 6 7 8 1 2 3   24.0
1   1   4 -3 21 -3 4 21 21 21   5 6 7 8 1 2 3 4   24.0
1   1   4 -3 21 21 -3 4 21 21   6 7 8 1 2 3 4 5   24.0
1   1   4 -3 21 21 21 -3 4 21   7 8 1 2 3 4 5 6   24.0
1   1   4 -3 21 21 21 21 -3 4   8 1 2 3 4 5 6 7   24.0
1   1   4 -4 -1 1 21 21 21 21   4 5 6 7 8 1 2 3   24.0
1   1   4 -4 -2 2 21 21 21 21   4 5 6 7 8 1 2 3   24.0
1   1   4 -4 -3 3 21 21 21 21   4 5 6 7 8 1 2 3   24.0
1   1   4 -4 -5 5 21 21 21 21   4 5 6 7 8 1 2 3   24.0
1   1   4 -4 21 -1 1 21 21 21   5 6 7 8 1 2 3 4   24.0
1   1   4 -4 21 -2 2 21 21 21   5 6 7 8 1 2 3 4   24.0
1   1   4 -4 21 -3 3 21 21 21   5 6 7 8 1 2 3 4   24.0
1   1   4 -4 21 -5 5 21 21 21   5 6 7 8 1 2 3 4   24.0
1   1   4 -4 21 21 -1 1 21 21   6 7 8 1 2 3 4 5   24.0
1   1   4 -4 21 21 -2 2 21 21   6 7 8 1 2 3 4 5   24.0
1   1   4 -4 21 21 -3 3 21 21   6 7 8 1 2 3 4 5   24.0
1   1   4 -4 21 21 -5 5 21 21   6 7 8 1 2 3 4 5   24.0
1   1   4 -4 21 21 21 -1 1 21   7 8 1 2 3 4 5 6   24.0
1   1   4 -4 21 21 21 -2 2 21   7 8 1 2 3 4 5 6   24.0
1   1   4 -4 21 21 21 -3 3 21   7 8 1 2 3 4 5 6   24.0
1   1   4 -4 21 21 21 -5 5 21   7 8 1 2 3 4 5 6   24.0
1   1   4 -4 21 21 21 21 -1 1   8 1 2 3 4 5 6 7   24.0
1   1   4 -4 21 21 21 21 -2 2   8 1 2 3 4 5 6 7   24.0
1   1   4 -4 21 21 21 21 -3 3   8 1 2 3 4 5 6 7   24.0
1   1   4 -4 21 21 21 21 -5 5   8 1 2 3 4 5 6 7   24.0
1   1   4 -5 -5 4 21 21 21 21   4 5 6 7 8 1 2 3   24.0
1   1   4 -5 21 -5 4 21 21 21   5 6 7 8 1 2 3 4   24.0
1   1   4 -5 21 21 -5 4 21 21   6 7 8 1 2 3 4 5   24.0
1   1   4 -5 21 21 21 -5 4 21   7 8 1 2 3 4 5 6   24.0
1   1   4 -5 21 21 21 21 -5 4   8 1 2 3 4 5 6 7   24.0
1   1   5 -1 -1 5 21 21 21 21   4 5 6 7 8 1 2 3   24.0
1   1   5 -1 21 -1 5 21 21 21   5 6 7 8 1 2 3 4   24.0
1   1   5 -1 21 21 -1 5 21 21   6 7 8 1 2 3 4 5   24.0
1   1   5 -1 21 21 21 -1 5 21   7 8 1 2 3 4 5 6   24.0
1   1   5 -1 21 21 21 21 -1 5   8 1 2 3 4 5 6 7   24.0
1   1   5 -2 -2 5 21 21 21 21   4 5 6 7 8 1 2 3   24.0
1   1   5 -2 21 -2 5 21 21 21   5 6 7 8 1 2 3 4   24.0
1   1   5 -2 21 21 -2 5 21 21   6 7 8 1 2 3 4 5   24.0
1   1   5 -2 21 21 21 -2 5 21   7 8 1 2 3 4 5 6   24.0
1   1   5 -2 21 21 21 21 -2 5   8 1 2 3 4 5 6 7   24.0
1   1   5 -3 -3 5 21 21 21 21   4 5 6 7 8 1 2 3   24.0
1   1   5 -3 21 -3 5 21 21 21   5 6 7 8 1 2 3 4   24.0
1   1   5 -3 21 21 -3 5 21 21   6 7 8 1 2 3 4 5   24.0
1   1   5 -3 21 21 21 -3 5 21   7 8 1 2 3 4 5 6   24.0
1   1   5 -3 21 21 21 21 -3 5   8 1 2 3 4 5 6 7   24.0
1   1   5 -4 -4 5 21 21 21 21   4 5 6 7 8 1 2 3   24.0
1   1   5 -4 21 -4 5 21 21 21   5 6 7 8 1 2 3 4   24.0
1   1   5 -4 21 21 -4 5 21 21   6 7 8 1 2 3 4 5   24.0
1   1   5 -4 21 21 21 -4 5 21   7 8 1 2 3 4 5 6   24.0
1   1   5 -4 21 21 21 21 -4 5   8 1 2 3 4 5 6 7   24.0
1   1   5 -5 -1 1 21 21 21 21   4 5 6 7 8 1 2 3   24.0
1   1   5 -5 -2 2 21 21 21 21   4 5 6 7 8 1 2 3   24.0
1   1   5 -5 -3 3 21 21 21 21   4 5 6 7 8 1 2 3   24.0
1   1   5 -5 -4 4 21 21 21 21   4 5 6 7 8 1 2 3   24.0
1   1   5 -5 21 -1 1 21 21 21   5 6 7 8 1 2 3 4   24.0
1   1   5 -5 21 -2 2 21 21 21   5 6 7 8 1 2 3 4   24.0
1   1   5 -5 21 -3 3 21 21 21   5 6 7 8 1 2 3 4   24.0
1   1   5 -5 21 -4 4 21 21 21   5 6 7 8 1 2 3 4   24.0
1   1   5 -5 21 21 -1 1 21 21   6 7 8 1 2 3 4 5   24.0
1   1   5 -5 21 21 -2 2 21 21   6 7 8 1 2 3 4 5   24.0
1   1   5 -5 21 21 -3 3 21 21   6 7 8 1 2 3 4 5   24.0
1   1   5 -5 21 21 -4 4 21 21   6 7 8 1 2 3 4 5   24.0
1   1   5 -5 21 21 21 -1 1 21   7 8 1 2 3 4 5 6   24.0
1   1   5 -5 21 21 21 -2 2 21   7 8 1 2 3 4 5 6   24.0
1   1   5 -5 21 21 21 -3 3 21   7 8 1 2 3 4 5 6   24.0
1   1   5 -5 21 21 21 -4 4 21   7 8 1 2 3 4 5 6   24.0
1   1   5 -5 21 21 21 21 -1 1   8 1 2 3 4 5 6 7   24.0
1   1   5 -5 21 21 21 21 -2 2   8 1 2 3 4 5 6 7   24.0
1   1   5 -5 21 21 21 21 -3 3   8 1 2 3 4 5 6 7   24.0
1   1   5 -5 21 21 21 21 -4 4   8 1 2 3 4 5 6 7   24.0
1   1   21 1 1 -2 2 21 21 21   5 6 7 8 1 2 3 4   6.0
1   1   21 1 1 -3 3 21 21 21   5 6 7 8 1 2 3 4   6.0
1   1   21 1 1 -4 4 21 21 21   5 6 7 8 1 2 3 4   6.0
1   1   21 1 1 -5 5 21 21 21   5 6 7 8 1 2 3 4   6.0
1   1   21 1 1 21 -2 2 21 21   6 7 8 1 2 3 4 5   6.0
1   1   21 1 1 21 -3 3 21 21   6 7 8 1 2 3 4 5   6.0
1   1   21 1 1 21 -4 4 21 21   6 7 8 1 2 3 4 5   6.0
1   1   21 1 1 21 -5 5 21 21   6 7 8 1 2 3 4 5   6.0
1   1   21 1 1 21 21 -2 2 21   7 8 1 2 3 4 5 6   6.0
1   1   21 1 1 21 21 -3 3 21   7 8 1 2 3 4 5 6   6.0
1   1   21 1 1 21 21 -4 4 21   7 8 1 2 3 4 5 6   6.0
1   1   21 1 1 21 21 -5 5 21   7 8 1 2 3 4 5 6   6.0
1   1   21 1 1 21 21 21 -2 2   8 1 2 3 4 5 6 7   6.0
1   1   21 1 1 21 21 21 -3 3   8 1 2 3 4 5 6 7   6.0
1   1   21 1 1 21 21 21 -4 4   8 1 2 3 4 5 6 7   6.0
1   1   21 1 1 21 21 21 -5 5   8 1 2 3 4 5 6 7   6.0
1   1   21 1 2 -2 1 21 21 21   5 6 7 8 1 2 3 4   6.0
1   1   21 1 2 21 -2 1 21 21   6 7 8 1 2 3 4 5   6.0
1   1   21 1 2 21 21 -2 1 21   7 8 1 2 3 4 5 6   6.0
1   1   21 1 2 21 21 21 -2 1   8 1 2 3 4 5 6 7   6.0
1   1   21 1 3 -3 1 21 21 21   5 6 7 8 1 2 3 4   6.0
1   1   21 1 3 21 -3 1 21 21   6 7 8 1 2 3 4 5   6.0
1   1   21 1 3 21 21 -3 1 21   7 8 1 2 3 4 5 6   6.0
1   1   21 1 3 21 21 21 -3 1   8 1 2 3 4 5 6 7   6.0
1   1   21 1 4 -4 1 21 21 21   5 6 7 8 1 2 3 4   6.0
1   1   21 1 4 21 -4 1 21 21   6 7 8 1 2 3 4 5   6.0
1   1   21 1 4 21 21 -4 1 21   7 8 1 2 3 4 5 6   6.0
1   1   21 1 4 21 21 21 -4 1   8 1 2 3 4 5 6 7   6.0
1   1   21 1 5 -5 1 21 21 21   5 6 7 8 1 2 3 4   6.0
1   1   21 1 5 21 -5 1 21 21   6 7 8 1 2 3 4 5   6.0
1   1   21 1 5 21 21 -5 1 21   7 8 1 2 3 4 5 6   6.0
1   1   21 1 5 21 21 21 -5 1   8 1 2 3 4 5 6 7   6.0
1   1   21 2 1 -1 2 21 21 21   5 6 7 8 1 2 3 4   6.0
1   1   21 2 1 21 -1 2 21 21   6 7 8 1 2 3 4 5   6.0
1   1   21 2 1 21 21 -1 2 21   7 8 1 2 3 4 5 6   6.0
1   1   21 2 1 21 21 21 -1 2   8 1 2 3 4 5 6 7   6.0
1   1   21 2 2 -1 1 21 21 21   5 6 7 8 1 2 3 4   6.0
1   1   21 2 2 -3 3 21 21 21   5 6 7 8 1 2 3 4   6.0
1   1   21 2 2 -4 4 21 21 21   5 6 7 8 1 2 3 4   6.0
1   1   21 2 2 -5 5 21 21 21   5 6 7 8 1 2 3 4   6.0
1   1   21 2 2 21 -1 1 21 21   6 7 8 1 2 3 4 5   6.0
1   1   21 2 2 21 -3 3 21 21   6 7 8 1 2 3 4 5   6.0
1   1   21 2 2 21 -4 4 21 21   6 7 8 1 2 3 4 5   6.0
1   1   21 2 2 21 -5 5 21 21   6 7 8 1 2 3 4 5   6.0
1   1   21 2 2 21 21 -1 1 21   7 8 1 2 3 4 5 6   6.0
1   1   21 2 2 21 21 -3 3 21   7 8 1 2 3 4 5 6   6.0
1   1   21 2 2 21 21 -4 4 21   7 8 1 2 3 4 5 6   6.0
1   1   21 2 2 21 21 -5 5 21   7 8 1 2 3 4 5 6   6.0
1   1   21 2 2 21 21 21 -1 1   8 1 2 3 4 5 6 7   6.0
1   1   21 2 2 21 21 21 -3 3   8 1 2 3 4 5 6 7   6.0
1   1   21 2 2 21 21 21 -4 4   8 1 2 3 4 5 6 7   6.0
1   1   21 2 2 21 21 21 -5 5   8 1 2 3 4 5 6 7   6.0
1   1   21 2 3 -3 2 21 21 21   5 6 7 8 1 2 3 4   6.0
1   1   21 2 3 21 -3 2 21 21   6 7 8 1 2 3 4 5   6.0
1   1   21 2 3 21 21 -3 2 21   7 8 1 2 3 4 5 6   6.0
1   1   21 2 3 21 21 21 -3 2   8 1 2 3 4 5 6 7   6.0
1   1   21 2 4 -4 2 21 21 21   5 6 7 8 1 2 3 4   6.0
1   1   21 2 4 21 -4 2 21 21   6 7 8 1 2 3 4 5   6.0
1   1   21 2 4 21 21 -4 2 21   7 8 1 2 3 4 5 6   6.0
1   1   21 2 4 21 21 21 -4 2   8 1 2 3 4 5 6 7   6.0
1   1   21 2 5 -5 2 21 21 21   5 6 7 8 1 2 3 4   6.0
1   1   21 2 5 21 -5 2 21 21   6 7 8 1 2 3 4 5   6.0
1   1   21 2 5 21 21 -5 2 21   7 8 1 2 3 4 5 6   6.0
1   1   21 2 5 21 21 21 -5 2   8 1 2 3 4 5 6 7   6.0
1   1   21 3 1 -1 3 21 21 21   5 6 7 8 1 2 3 4   6.0
1   1   21 3 1 21 -1 3 21 21   6 7 8 1 2 3 4 5   6.0
1   1   21 3 1 21 21 -1 3 21   7 8 1 2 3 4 5 6   6.0
1   1   21 3 1 21 21 21 -1 3   8 1 2 3 4 5 6 7   6.0
1   1   21 3 2 -2 3 21 21 21   5 6 7 8 1 2 3 4   6.0
1   1   21 3 2 21 -2 3 21 21   6 7 8 1 2 3 4 5   6.0
1   1   21 3 2 21 21 -2 3 21   7 8 1 2 3 4 5 6   6.0
1   1   21 3 2 21 21 21 -2 3   8 1 2 3 4 5 6 7   6.0
1   1   21 3 3 -1 1 21 21 21   5 6 7 8 1 2 3 4   6.0
1   1   21 3 3 -2 2 21 21 21   5 6 7 8 1 2 3 4   6.0
1   1   21 3 3 -4 4 21 21 21   5 6 7 8 1 2 3 4   6.0
1   1   21 3 3 -5 5 21 21 21   5 6 7 8 1 2 3 4   6.0
1   1   21 3 3 21 -1 1 21 21   6 7 8 1 2 3 4 5   6.0
1   1   21 3 3 21 -2 2 21 21   6 7 8 1 2 3 4 5   6.0
1   1   21 3 3 21 -4 4 21 21   6 7 8 1 2 3 4 5   6.0
1   1   21 3 3 21 -5 5 21 21   6 7 8 1 2 3 4 5   6.0
1   1   21 3 3 21 21 -1 1 21   7 8 1 2 3 4 5 6   6.0
1   1   21 3 3 21 21 -2 2 21   7 8 1 2 3 4 5 6   6.0
1   1   21 3 3 21 21 -4 4 21   7 8 1 2 3 4 5 6   6.0
1   1   21 3 3 21 21 -5 5 21   7 8 1 2 3 4 5 6   6.0
1   1   21 3 3 21 21 21 -1 1   8 1 2 3 4 5 6 7   6.0
1   1   21 3 3 21 21 21 -2 2   8 1 2 3 4 5 6 7   6.0
1   1   21 3 3 21 21 21 -4 4   8 1 2 3 4 5 6 7   6.0
1   1   21 3 3 21 21 21 -5 5   8 1 2 3 4 5 6 7   6.0
1   1   21 3 4 -4 3 21 21 21   5 6 7 8 1 2 3 4   6.0
1   1   21 3 4 21 -4 3 21 21   6 7 8 1 2 3 4 5   6.0
1   1   21 3 4 21 21 -4 3 21   7 8 1 2 3 4 5 6   6.0
1   1   21 3 4 21 21 21 -4 3   8 1 2 3 4 5 6 7   6.0
1   1   21 3 5 -5 3 21 21 21   5 6 7 8 1 2 3 4   6.0
1   1   21 3 5 21 -5 3 21 21   6 7 8 1 2 3 4 5   6.0
1   1   21 3 5 21 21 -5 3 21   7 8 1 2 3 4 5 6   6.0
1   1   21 3 5 21 21 21 -5 3   8 1 2 3 4 5 6 7   6.0
1   1   21 4 1 -1 4 21 21 21   5 6 7 8 1 2 3 4   6.0
1   1   21 4 1 21 -1 4 21 21   6 7 8 1 2 3 4 5   6.0
1   1   21 4 1 21 21 -1 4 21   7 8 1 2 3 4 5 6   6.0
1   1   21 4 1 21 21 21 -1 4   8 1 2 3 4 5 6 7   6.0
1   1   21 4 2 -2 4 21 21 21   5 6 7 8 1 2 3 4   6.0
1   1   21 4 2 21 -2 4 21 21   6 7 8 1 2 3 4 5   6.0
1   1   21 4 2 21 21 -2 4 21   7 8 1 2 3 4 5 6   6.0
1   1   21 4 2 21 21 21 -2 4   8 1 2 3 4 5 6 7   6.0
1   1   21 4 3 -3 4 21 21 21   5 6 7 8 1 2 3 4   6.0
1   1   21 4 3 21 -3 4 21 21   6 7 8 1 2 3 4 5   6.0
1   1   21 4 3 21 21 -3 4 21   7 8 1 2 3 4 5 6   6.0
1   1   21 4 3 21 21 21 -3 4   8 1 2 3 4 5 6 7   6.0
1   1   21 4 4 -1 1 21 21 21   5 6 7 8 1 2 3 4   6.0
1   1   21 4 4 -2 2 21 21 21   5 6 7 8 1 2 3 4   6.0
1   1   21 4 4 -3 3 21 21 21   5 6 7 8 1 2 3 4   6.0
1   1   21 4 4 -5 5 21 21 21   5 6 7 8 1 2 3 4   6.0
1   1   21 4 4 21 -1 1 21 21   6 7 8 1 2 3 4 5   6.0
1   1   21 4 4 21 -2 2 21 21   6 7 8 1 2 3 4 5   6.0
1   1   21 4 4 21 -3 3 21 21   6 7 8 1 2 3 4 5   6.0
1   1   21 4 4 21 -5 5 21 21   6 7 8 1 2 3 4 5   6.0
1   1   21 4 4 21 21 -1 1 21   7 8 1 2 3 4 5 6   6.0
1   1   21 4 4 21 21 -2 2 21   7 8 1 2 3 4 5 6   6.0
1   1   21 4 4 21 21 -3 3 21   7 8 1 2 3 4 5 6   6.0
1   1   21 4 4 21 21 -5 5 21   7 8 1 2 3 4 5 6   6.0
1   1   21 4 4 21 21 21 -1 1   8 1 2 3 4 5 6 7   6.0
1   1   21 4 4 21 21 21 -2 2   8 1 2 3 4 5 6 7   6.0
1   1   21 4 4 21 21 21 -3 3   8 1 2 3 4 5 6 7   6.0
1   1   21 4 4 21 21 21 -5 5   8 1 2 3 4 5 6 7   6.0
1   1   21 4 5 -5 4 21 21 21   5 6 7 8 1 2 3 4   6.0
1   1   21 4 5 21 -5 4 21 21   6 7 8 1 2 3 4 5   6.0
1   1   21 4 5 21 21 -5 4 21   7 8 1 2 3 4 5 6   6.0
1   1   21 4 5 21 21 21 -5 4   8 1 2 3 4 5 6 7   6.0
1   1   21 5 1 -1 5 21 21 21   5 6 7 8 1 2 3 4   6.0
1   1   21 5 1 21 -1 5 21 21   6 7 8 1 2 3 4 5   6.0
1   1   21 5 1 21 21 -1 5 21   7 8 1 2 3 4 5 6   6.0
1   1   21 5 1 21 21 21 -1 5   8 1 2 3 4 5 6 7   6.0
1   1   21 5 2 -2 5 21 21 21   5 6 7 8 1 2 3 4   6.0
1   1   21 5 2 21 -2 5 21 21   6 7 8 1 2 3 4 5   6.0
1   1   21 5 2 21 21 -2 5 21   7 8 1 2 3 4 5 6   6.0
1   1   21 5 2 21 21 21 -2 5   8 1 2 3 4 5 6 7   6.0
1   1   21 5 3 -3 5 21 21 21   5 6 7 8 1 2 3 4   6.0
1   1   21 5 3 21 -3 5 21 21   6 7 8 1 2 3 4 5   6.0
1   1   21 5 3 21 21 -3 5 21   7 8 1 2 3 4 5 6   6.0
1   1   21 5 3 21 21 21 -3 5   8 1 2 3 4 5 6 7   6.0
1   1   21 5 4 -4 5 21 21 21   5 6 7 8 1 2 3 4   6.0
1   1   21 5 4 21 -4 5 21 21   6 7 8 1 2 3 4 5   6.0
1   1   21 5 4 21 21 -4 5 21   7 8 1 2 3 4 5 6   6.0
1   1   21 5 4 21 21 21 -4 5   8 1 2 3 4 5 6 7   6.0
1   1   21 5 5 -1 1 21 21 21   5 6 7 8 1 2 3 4   6.0
1   1   21 5 5 -2 2 21 21 21   5 6 7 8 1 2 3 4   6.0
1   1   21 5 5 -3 3 21 21 21   5 6 7 8 1 2 3 4   6.0
1   1   21 5 5 -4 4 21 21 21   5 6 7 8 1 2 3 4   6.0
1   1   21 5 5 21 -1 1 21 21   6 7 8 1 2 3 4 5   6.0
1   1   21 5 5 21 -2 2 21 21   6 7 8 1 2 3 4 5   6.0
1   1   21 5 5 21 -3 3 21 21   6 7 8 1 2 3 4 5   6.0
1   1   21 5 5 21 -4 4 21 21   6 7 8 1 2 3 4 5   6.0
1   1   21 5 5 21 21 -1 1 21   7 8 1 2 3 4 5 6   6.0
1   1   21 5 5 21 21 -2 2 21   7 8 1 2 3 4 5 6   6.0
1   1   21 5 5 21 21 -3 3 21   7 8 1 2 3 4 5 6   6.0
1   1   21 5 5 21 21 -4 4 21   7 8 1 2 3 4 5 6   6.0
1   1   21 5 5 21 21 21 -1 1   8 1 2 3 4 5 6 7   6.0
1   1   21 5 5 21 21 21 -2 2   8 1 2 3 4 5 6 7   6.0
1   1   21 5 5 21 21 21 -3 3   8 1 2 3 4 5 6 7   6.0
1   1   21 5 5 21 21 21 -4 4   8 1 2 3 4 5 6 7   6.0
1   1   21 21 -1 1 -2 2 21 21   6 7 8 1 2 3 4 5   2.0
1   1   21 21 -1 1 -3 3 21 21   6 7 8 1 2 3 4 5   2.0
1   1   21 21 -1 1 -4 4 21 21   6 7 8 1 2 3 4 5   2.0
1   1   21 21 -1 1 -5 5 21 21   6 7 8 1 2 3 4 5   2.0
1   1   21 21 -1 1 21 -2 2 21   7 8 1 2 3 4 5 6   2.0
1   1   21 21 -1 1 21 -3 3 21   7 8 1 2 3 4 5 6   2.0
1   1   21 21 -1 1 21 -4 4 21   7 8 1 2 3 4 5 6   2.0
1   1   21 21 -1 1 21 -5 5 21   7 8 1 2 3 4 5 6   2.0
1   1   21 21 -1 1 21 21 -2 2   8 1 2 3 4 5 6 7   2.0
1   1   21 21 -1 1 21 21 -3 3   8 1 2 3 4 5 6 7   2.0
1   1   21 21 -1 1 21 21 -4 4   8 1 2 3 4 5 6 7   2.0
1   1   21 21 -1 1 21 21 -5 5   8 1 2 3 4 5 6 7   2.0
1   1   21 21 -1 2 -2 1 21 21   6 7 8 1 2 3 4 5   2.0
1   1   21 21 -1 2 21 -2 1 21   7 8 1 2 3 4 5 6   2.0
1   1   21 21 -1 2 21 21 -2 1   8 1 2 3 4 5 6 7   2.0
1   1   21 21 -1 3 -3 1 21 21   6 7 8 1 2 3 4 5   2.0
1   1   21 21 -1 3 21 -3 1 21   7 8 1 2 3 4 5 6   2.0
1   1   21 21 -1 3 21 21 -3 1   8 1 2 3 4 5 6 7   2.0
1   1   21 21 -1 4 -4 1 21 21   6 7 8 1 2 3 4 5   2.0
1   1   21 21 -1 4 21 -4 1 21   7 8 1 2 3 4 5 6   2.0
1   1   21 21 -1 4 21 21 -4 1   8 1 2 3 4 5 6 7   2.0
1   1   21 21 -1 5 -5 1 21 21   6 7 8 1 2 3 4 5   2.0
1   1   21 21 -1 5 21 -5 1 21   7 8 1 2 3 4 5 6   2.0
1   1   21 21 -1 5 21 21 -5 1   8 1 2 3 4 5 6 7   2.0
1   1   21 21 -2 1 -1 2 21 21   6 7 8 1 2 3 4 5   2.0
1   1   21 21 -2 1 21 -1 2 21   7 8 1 2 3 4 5 6   2.0
1   1   21 21 -2 1 21 21 -1 2   8 1 2 3 4 5 6 7   2.0
1   1   21 21 -2 2 -1 1 21 21   6 7 8 1 2 3 4 5   2.0
1   1   21 21 -2 2 -3 3 21 21   6 7 8 1 2 3 4 5   2.0
1   1   21 21 -2 2 -4 4 21 21   6 7 8 1 2 3 4 5   2.0
1   1   21 21 -2 2 -5 5 21 21   6 7 8 1 2 3 4 5   2.0
1   1   21 21 -2 2 21 -1 1 21   7 8 1 2 3 4 5 6   2.0
1   1   21 21 -2 2 21 -3 3 21   7 8 1 2 3 4 5 6   2.0
1   1   21 21 -2 2 21 -4 4 21   7 8 1 2 3 4 5 6   2.0
1   1   21 21 -2 2 21 -5 5 21   7 8 1 2 3 4 5 6   2.0
1   1   21 21 -2 2 21 21 -1 1   8 1 2 3 4 5 6 7   2.0
1   1   21 21 -2 2 21 21 -3 3   8 1 2 3 4 5 6 7   2.0
1   1   21 21 -2 2 21 21 -4 4   8 1 2 3 4 5 6 7   2.0
1   1   21 21 -2 2 21 21 -5 5   8 1 2 3 4 5 6 7   2.0
1   1   21 21 -2 3 -3 2 21 21   6 7 8 1 2 3 4 5   2.0
1   1   21 21 -2 3 21 -3 2 21   7 8 1 2 3 4 5 6   2.0
1   1   21 21 -2 3 21 21 -3 2   8 1 2 3 4 5 6 7   2.0
1   1   21 21 -2 4 -4 2 21 21   6 7 8 1 2 3 4 5   2.0
1   1   21 21 -2 4 21 -4 2 21   7 8 1 2 3 4 5 6   2.0
1   1   21 21 -2 4 21 21 -4 2   8 1 2 3 4 5 6 7   2.0
1   1   21 21 -2 5 -5 2 21 21   6 7 8 1 2 3 4 5   2.0
1   1   21 21 -2 5 21 -5 2 21   7 8 1 2 3 4 5 6   2.0
1   1   21 21 -2 5 21 21 -5 2   8 1 2 3 4 5 6 7   2.0
1   1   21 21 -3 1 -1 3 21 21   6 7 8 1 2 3 4 5   2.0
1   1   21 21 -3 1 21 -1 3 21   7 8 1 2 3 4 5 6   2.0
1   1   21 21 -3 1 21 21 -1 3   8 1 2 3 4 5 6 7   2.0
1   1   21 21 -3 2 -2 3 21 21   6 7 8 1 2 3 4 5   2.0
1   1   21 21 -3 2 21 -2 3 21   7 8 1 2 3 4 5 6   2.0
1   1   21 21 -3 2 21 21 -2 3   8 1 2 3 4 5 6 7   2.0
1   1   21 21 -3 3 -1 1 21 21   6 7 8 1 2 3 4 5   2.0
1   1   21 21 -3 3 -2 2 21 21   6 7 8 1 2 3 4 5   2.0
1   1   21 21 -3 3 -4 4 21 21   6 7 8 1 2 3 4 5   2.0
1   1   21 21 -3 3 -5 5 21 21   6 7 8 1 2 3 4 5   2.0
1   1   21 21 -3 3 21 -1 1 21   7 8 1 2 3 4 5 6   2.0
1   1   21 21 -3 3 21 -2 2 21   7 8 1 2 3 4 5 6   2.0
1   1   21 21 -3 3 21 -4 4 21   7 8 1 2 3 4 5 6   2.0
1   1   21 21 -3 3 21 -5 5 21   7 8 1 2 3 4 5 6   2.0
1   1   21 21 -3 3 21 21 -1 1   8 1 2 3 4 5 6 7   2.0
1   1   21 21 -3 3 21 21 -2 2   8 1 2 3 4 5 6 7   2.0
1   1   21 21 -3 3 21 21 -4 4   8 1 2 3 4 5 6 7   2.0
1   1   21 21 -3 3 21 21 -5 5   8 1 2 3 4 5 6 7   2.0
1   1   21 21 -3 4 -4 3 21 21   6 7 8 1 2 3 4 5   2.0
1   1   21 21 -3 4 21 -4 3 21   7 8 1 2 3 4 5 6   2.0
1   1   21 21 -3 4 21 21 -4 3   8 1 2 3 4 5 6 7   2.0
1   1   21 21 -3 5 -5 3 21 21   6 7 8 1 2 3 4 5   2.0
1   1   21 21 -3 5 21 -5 3 21   7 8 1 2 3 4 5 6   2.0
1   1   21 21 -3 5 21 21 -5 3   8 1 2 3 4 5 6 7   2.0
1   1   21 21 -4 1 -1 4 21 21   6 7 8 1 2 3 4 5   2.0
1   1   21 21 -4 1 21 -1 4 21   7 8 1 2 3 4 5 6   2.0
1   1   21 21 -4 1 21 21 -1 4   8 1 2 3 4 5 6 7   2.0
1   1   21 21 -4 2 -2 4 21 21   6 7 8 1 2 3 4 5   2.0
1   1   21 21 -4 2 21 -2 4 21   7 8 1 2 3 4 5 6   2.0
1   1   21 21 -4 2 21 21 -2 4   8 1 2 3 4 5 6 7   2.0
1   1   21 21 -4 3 -3 4 21 21   6 7 8 1 2 3 4 5   2.0
1   1   21 21 -4 3 21 -3 4 21   7 8 1 2 3 4 5 6   2.0
1   1   21 21 -4 3 21 21 -3 4   8 1 2 3 4 5 6 7   2.0
1   1   21 21 -4 4 -1 1 21 21   6 7 8 1 2 3 4 5   2.0
1   1   21 21 -4 4 -2 2 21 21   6 7 8 1 2 3 4 5   2.0
1   1   21 21 -4 4 -3 3 21 21   6 7 8 1 2 3 4 5   2.0
1   1   21 21 -4 4 -5 5 21 21   6 7 8 1 2 3 4 5   2.0
1   1   21 21 -4 4 21 -1 1 21   7 8 1 2 3 4 5 6   2.0
1   1   21 21 -4 4 21 -2 2 21   7 8 1 2 3 4 5 6   2.0
1   1   21 21 -4 4 21 -3 3 21   7 8 1 2 3 4 5 6   2.0
1   1   21 21 -4 4 21 -5 5 21   7 8 1 2 3 4 5 6   2.0
1   1   21 21 -4 4 21 21 -1 1   8 1 2 3 4 5 6 7   2.0
1   1   21 21 -4 4 21 21 -2 2   8 1 2 3 4 5 6 7   2.0
1   1   21 21 -4 4 21 21 -3 3   8 1 2 3 4 5 6 7   2.0
1   1   21 21 -4 4 21 21 -5 5   8 1 2 3 4 5 6 7   2.0
1   1   21 21 -4 5 -5 4 21 21   6 7 8 1 2 3 4 5   2.0
1   1   21 21 -4 5 21 -5 4 21   7 8 1 2 3 4 5 6   2.0
1   1   21 21 -4 5 21 21 -5 4   8 1 2 3 4 5 6 7   2.0
1   1   21 21 -5 1 -1 5 21 21   6 7 8 1 2 3 4 5   2.0
1   1   21 21 -5 1 21 -1 5 21   7 8 1 2 3 4 5 6   2.0
1   1   21 21 -5 1 21 21 -1 5   8 1 2 3 4 5 6 7   2.0
1   1   21 21 -5 2 -2 5 21 21   6 7 8 1 2 3 4 5   2.0
1   1   21 21 -5 2 21 -2 5 21   7 8 1 2 3 4 5 6   2.0
1   1   21 21 -5 2 21 21 -2 5   8 1 2 3 4 5 6 7   2.0
1   1   21 21 -5 3 -3 5 21 21   6 7 8 1 2 3 4 5   2.0
1   1   21 21 -5 3 21 -3 5 21   7 8 1 2 3 4 5 6   2.0
1   1   21 21 -5 3 21 21 -3 5   8 1 2 3 4 5 6 7   2.0
1   1   21 21 -5 4 -4 5 21 21   6 7 8 1 2 3 4 5   2.0
1   1   21 21 -5 4 21 -4 5 21   7 8 1 2 3 4 5 6   2.0
1   1   21 21 -5 4 21 21 -4 5   8 1 2 3 4 5 6 7   2.0
1   1   21 21 -5 5 -1 1 21 21   6 7 8 1 2 3 4 5   2.0
1   1   21 21 -5 5 -2 2 21 21   6 7 8 1 2 3 4 5   2.0
1   1   21 21 -5 5 -3 3 21 21   6 7 8 1 2 3 4 5   2.0
1   1   21 21 -5 5 -4 4 21 21   6 7 8 1 2 3 4 5   2.0
1   1   21 21 -5 5 21 -1 1 21   7 8 1 2 3 4 5 6   2.0
1   1   21 21 -5 5 21 -2 2 21   7 8 1 2 3 4 5 6   2.0
1   1   21 21 -5 5 21 -3 3 21   7 8 1 2 3 4 5 6   2.0
1   1   21 21 -5 5 21 -4 4 21   7 8 1 2 3 4 5 6   2.0
1   1   21 21 -5 5 21 21 -1 1   8 1 2 3 4 5 6 7   2.0
1   1   21 21 -5 5 21 21 -2 2   8 1 2 3 4 5 6 7   2.0
1   1   21 21 -5 5 21 21 -3 3   8 1 2 3 4 5 6 7   2.0
1   1   21 21 -5 5 21 21 -4 4   8 1 2 3 4 5 6 7   2.0
1   1   21 21 21 -1 1 -2 2 21   7 8 1 2 3 4 5 6   2.0
1   1   21 21 21 -1 1 -3 3 21   7 8 1 2 3 4 5 6   2.0
1   1   21 21 21 -1 1 -4 4 21   7 8 1 2 3 4 5 6   2.0
1   1   21 21 21 -1 1 -5 5 21   7 8 1 2 3 4 5 6   2.0
1   1   21 21 21 -1 1 21 -2 2   8 1 2 3 4 5 6 7   2.0
1   1   21 21 21 -1 1 21 -3 3   8 1 2 3 4 5 6 7   2.0
1   1   21 21 21 -1 1 21 -4 4   8 1 2 3 4 5 6 7   2.0
1   1   21 21 21 -1 1 21 -5 5   8 1 2 3 4 5 6 7   2.0
1   1   21 21 21 -1 2 -2 1 21   7 8 1 2 3 4 5 6   2.0
1   1   21 21 21 -1 2 21 -2 1   8 1 2 3 4 5 6 7   2.0
1   1   21 21 21 -1 3 -3 1 21   7 8 1 2 3 4 5 6   2.0
1   1   21 21 21 -1 3 21 -3 1   8 1 2 3 4 5 6 7   2.0
1   1   21 21 21 -1 4 -4 1 21   7 8 1 2 3 4 5 6   2.0
1   1   21 21 21 -1 4 21 -4 1   8 1 2 3 4 5 6 7   2.0
1   1   21 21 21 -1 5 -5 1 21   7 8 1 2 3 4 5 6   2.0
1   1   21 21 21 -1 5 21 -5 1   8 1 2 3 4 5 6 7   2.0
1   1   21 21 21 -2 1 -1 2 21   7 8 1 2 3 4 5 6   2.0
1   1   21 21 21 -2 1 21 -1 2   8 1 2 3 4 5 6 7   2.0
1   1   21 21 21 -2 2 -1 1 21   7 8 1 2 3 4 5 6   2.0
1   1   21 21 21 -2 2 -3 3 21   7 8 1 2 3 4 5 6   2.0
1   1   21 21 21 -2 2 -4 4 21   7 8 1 2 3 4 5 6   2.0
1   1   21 21 21 -2 2 -5 5 21   7 8 1 2 3 4 5 6   2.0
1   1   21 21 21 -2 2 21 -1 1   8 1 2 3 4 5 6 7   2.0
1   1   21 21 21 -2 2 21 -3 3   8 1 2 3 4 5 6 7   2.0
1   1   21 21 21 -2 2 21 -4 4   8 1 2 3 4 5 6 7   2.0
1   1   21 21 21 -2 2 21 -5 5   8 1 2 3 4 5 6 7   2.0
1   1   21 21 21 -2 3 -3 2 21   7 8 1 2 3 4 5 6   2.0
1   1   21 21 21 -2 3 21 -3 2   8 1 2 3 4 5 6 7   2.0
1   1   21 21 21 -2 4 -4 2 21   7 8 1 2 3 4 5 6   2.0
1   1   21 21 21 -2 4 21 -4 2   8 1 2 3 4 5 6 7   2.0
1   1   21 21 21 -2 5 -5 2 21   7 8 1 2 3 4 5 6   2.0
1   1   21 21 21 -2 5 21 -5 2   8 1 2 3 4 5 6 7   2.0
1   1   21 21 21 -3 1 -1 3 21   7 8 1 2 3 4 5 6   2.0
1   1   21 21 21 -3 1 21 -1 3   8 1 2 3 4 5 6 7   2.0
1   1   21 21 21 -3 2 -2 3 21   7 8 1 2 3 4 5 6   2.0
1   1   21 21 21 -3 2 21 -2 3   8 1 2 3 4 5 6 7   2.0
1   1   21 21 21 -3 3 -1 1 21   7 8 1 2 3 4 5 6   2.0
1   1   21 21 21 -3 3 -2 2 21   7 8 1 2 3 4 5 6   2.0
1   1   21 21 21 -3 3 -4 4 21   7 8 1 2 3 4 5 6   2.0
1   1   21 21 21 -3 3 -5 5 21   7 8 1 2 3 4 5 6   2.0
1   1   21 21 21 -3 3 21 -1 1   8 1 2 3 4 5 6 7   2.0
1   1   21 21 21 -3 3 21 -2 2   8 1 2 3 4 5 6 7   2.0
1   1   21 21 21 -3 3 21 -4 4   8 1 2 3 4 5 6 7   2.0
1   1   21 21 21 -3 3 21 -5 5   8 1 2 3 4 5 6 7   2.0
1   1   21 21 21 -3 4 -4 3 21   7 8 1 2 3 4 5 6   2.0
1   1   21 21 21 -3 4 21 -4 3   8 1 2 3 4 5 6 7   2.0
1   1   21 21 21 -3 5 -5 3 21   7 8 1 2 3 4 5 6   2.0
1   1   21 21 21 -3 5 21 -5 3   8 1 2 3 4 5 6 7   2.0
1   1   21 21 21 -4 1 -1 4 21   7 8 1 2 3 4 5 6   2.0
1   1   21 21 21 -4 1 21 -1 4   8 1 2 3 4 5 6 7   2.0
1   1   21 21 21 -4 2 -2 4 21   7 8 1 2 3 4 5 6   2.0
1   1   21 21 21 -4 2 21 -2 4   8 1 2 3 4 5 6 7   2.0
1   1   21 21 21 -4 3 -3 4 21   7 8 1 2 3 4 5 6   2.0
1   1   21 21 21 -4 3 21 -3 4   8 1 2 3 4 5 6 7   2.0
1   1   21 21 21 -4 4 -1 1 21   7 8 1 2 3 4 5 6   2.0
1   1   21 21 21 -4 4 -2 2 21   7 8 1 2 3 4 5 6   2.0
1   1   21 21 21 -4 4 -3 3 21   7 8 1 2 3 4 5 6   2.0
1   1   21 21 21 -4 4 -5 5 21   7 8 1 2 3 4 5 6   2.0
1   1   21 21 21 -4 4 21 -1 1   8 1 2 3 4 5 6 7   2.0
1   1   21 21 21 -4 4 21 -2 2   8 1 2 3 4 5 6 7   2.0
1   1   21 21 21 -4 4 21 -3 3   8 1 2 3 4 5 6 7   2.0
1   1   21 21 21 -4 4 21 -5 5   8 1 2 3 4 5 6 7   2.0
1   1   21 21 21 -4 5 -5 4 21   7 8 1 2 3 4 5 6   2.0
1   1   21 21 21 -4 5 21 -5 4   8 1 2 3 4 5 6 7   2.0
1   1   21 21 21 -5 1 -1 5 21   7 8 1 2 3 4 5 6   2.0
1   1   21 21 21 -5 1 21 -1 5   8 1 2 3 4 5 6 7   2.0
1   1   21 21 21 -5 2 -2 5 21   7 8 1 2 3 4 5 6   2.0
1   1   21 21 21 -5 2 21 -2 5   8 1 2 3 4 5 6 7   2.0
1   1   21 21 21 -5 3 -3 5 21   7 8 1 2 3 4 5 6   2.0
1   1   21 21 21 -5 3 21 -3 5   8 1 2 3 4 5 6 7   2.0
1   1   21 21 21 -5 4 -4 5 21   7 8 1 2 3 4 5 6   2.0
1   1   21 21 21 -5 4 21 -4 5   8 1 2 3 4 5 6 7   2.0
1   1   21 21 21 -5 5 -1 1 21   7 8 1 2 3 4 5 6   2.0
1   1   21 21 21 -5 5 -2 2 21   7 8 1 2 3 4 5 6   2.0
1   1   21 21 21 -5 5 -3 3 21   7 8 1 2 3 4 5 6   2.0
1   1   21 21 21 -5 5 -4 4 21   7 8 1 2 3 4 5 6   2.0
1   1   21 21 21 -5 5 21 -1 1   8 1 2 3 4 5 6 7   2.0
1   1   21 21 21 -5 5 21 -2 2   8 1 2 3 4 5 6 7   2.0
1   1   21 21 21 -5 5 21 -3 3   8 1 2 3 4 5 6 7   2.0
1   1   21 21 21 -5 5 21 -4 4   8 1 2 3 4 5 6 7   2.0
1   1   21 21 21 21 -1 1 -2 2   8 1 2 3 4 5 6 7   2.0
1   1   21 21 21 21 -1 1 -3 3   8 1 2 3 4 5 6 7   2.0
1   1   21 21 21 21 -1 1 -4 4   8 1 2 3 4 5 6 7   2.0
1   1   21 21 21 21 -1 1 -5 5   8 1 2 3 4 5 6 7   2.0
1   1   21 21 21 21 -1 2 -2 1   8 1 2 3 4 5 6 7   2.0
1   1   21 21 21 21 -1 3 -3 1   8 1 2 3 4 5 6 7   2.0
1   1   21 21 21 21 -1 4 -4 1   8 1 2 3 4 5 6 7   2.0
1   1   21 21 21 21 -1 5 -5 1   8 1 2 3 4 5 6 7   2.0
1   1   21 21 21 21 -2 1 -1 2   8 1 2 3 4 5 6 7   2.0
1   1   21 21 21 21 -2 2 -1 1   8 1 2 3 4 5 6 7   2.0
1   1   21 21 21 21 -2 2 -3 3   8 1 2 3 4 5 6 7   2.0
1   1   21 21 21 21 -2 2 -4 4   8 1 2 3 4 5 6 7   2.0
1   1   21 21 21 21 -2 2 -5 5   8 1 2 3 4 5 6 7   2.0
1   1   21 21 21 21 -2 3 -3 2   8 1 2 3 4 5 6 7   2.0
1   1   21 21 21 21 -2 4 -4 2   8 1 2 3 4 5 6 7   2.0
1   1   21 21 21 21 -2 5 -5 2   8 1 2 3 4 5 6 7   2.0
1   1   21 21 21 21 -3 1 -1 3   8 1 2 3 4 5 6 7   2.0
1   1   21 21 21 21 -3 2 -2 3   8 1 2 3 4 5 6 7   2.0
1   1   21 21 21 21 -3 3 -1 1   8 1 2 3 4 5 6 7   2.0
1   1   21 21 21 21 -3 3 -2 2   8 1 2 3 4 5 6 7   2.0
1   1   21 21 21 21 -3 3 -4 4   8 1 2 3 4 5 6 7   2.0
1   1   21 21 21 21 -3 3 -5 5   8 1 2 3 4 5 6 7   2.0
1   1   21 21 21 21 -3 4 -4 3   8 1 2 3 4 5 6 7   2.0
1   1   21 21 21 21 -3 5 -5 3   8 1 2 3 4 5 6 7   2.0
1   1   21 21 21 21 -4 1 -1 4   8 1 2 3 4 5 6 7   2.0
1   1   21 21 21 21 -4 2 -2 4   8 1 2 3 4 5 6 7   2.0
1   1   21 21 21 21 -4 3 -3 4   8 1 2 3 4 5 6 7   2.0
1   1   21 21 21 21 -4 4 -1 1   8 1 2 3 4 5 6 7   2.0
1   1   21 21 21 21 -4 4 -2 2   8 1 2 3 4 5 6 7   2.0
1   1   21 21 21 21 -4 4 -3 3   8 1 2 3 4 5 6 7   2.0
1   1   21 21 21 21 -4 4 -5 5   8 1 2 3 4 5 6 7   2.0
1   1   21 21 21 21 -4 5 -5 4   8 1 2 3 4 5 6 7   2.0
1   1   21 21 21 21 -5 1 -1 5   8 1 2 3 4 5 6 7   2.0
1   1   21 21 21 21 -5 2 -2 5   8 1 2 3 4 5 6 7   2.0
1   1   21 21 21 21 -5 3 -3 5   8 1 2 3 4 5 6 7   2.0
1   1   21 21 21 21 -5 4 -4 5   8 1 2 3 4 5 6 7   2.0
1   1   21 21 21 21 -5 5 -1 1   8 1 2 3 4 5 6 7   2.0
1   1   21 21 21 21 -5 5 -2 2   8 1 2 3 4 5 6 7   2.0
1   1   21 21 21 21 -5 5 -3 3   8 1 2 3 4 5 6 7   2.0
1   1   21 21 21 21 -5 5 -4 4   8 1 2 3 4 5 6 7   2.0
1   1   -1 1 1 21 21 21 21 -1   1 2 3 4 5 6 7 8   24.0
1   1   -1 21 -1 1 21 21 21 -1   1 2 3 4 5 6 7 8   12.0
1   1   -1 21 21 -1 1 21 21 -1   1 2 3 4 5 6 7 8   12.0
1   1   -1 21 21 21 -1 1 21 -1   1 2 3 4 5 6 7 8   12.0
1   1   -1 21 21 21 21 -1 1 -1   1 2 3 4 5 6 7 8   12.0
1   1   -2 2 2 21 21 21 21 -2   1 2 3 4 5 6 7 8   24.0
1   1   -2 21 -2 2 21 21 21 -2   1 2 3 4 5 6 7 8   12.0
1   1   -2 21 21 -2 2 21 21 -2   1 2 3 4 5 6 7 8   12.0
1   1   -2 21 21 21 -2 2 21 -2   1 2 3 4 5 6 7 8   12.0
1   1   -2 21 21 21 21 -2 2 -2   1 2 3 4 5 6 7 8   12.0
1   1   -3 3 3 21 21 21 21 -3   1 2 3 4 5 6 7 8   24.0
1   1   -3 21 -3 3 21 21 21 -3   1 2 3 4 5 6 7 8   12.0
1   1   -3 21 21 -3 3 21 21 -3   1 2 3 4 5 6 7 8   12.0
1   1   -3 21 21 21 -3 3 21 -3   1 2 3 4 5 6 7 8   12.0
1   1   -3 21 21 21 21 -3 3 -3   1 2 3 4 5 6 7 8   12.0
1   1   -4 4 4 21 21 21 21 -4   1 2 3 4 5 6 7 8   24.0
1   1   -4 21 -4 4 21 21 21 -4   1 2 3 4 5 6 7 8   12.0
1   1   -4 21 21 -4 4 21 21 -4   1 2 3 4 5 6 7 8   12.0
1   1   -4 21 21 21 -4 4 21 -4   1 2 3 4 5 6 7 8   12.0
1   1   -4 21 21 21 21 -4 4 -4   1 2 3 4 5 6 7 8   12.0
1   1   -5 5 5 21 21 21 21 -5   1 2 3 4 5 6 7 8   24.0
1   1   -5 21 -5 5 21 21 21 -5   1 2 3 4 5 6 7 8   12.0
1   1   -5 21 21 -5 5 21 21 -5   1 2 3 4 5 6 7 8   12.0
1   1   -5 21 21 21 -5 5 21 -5   1 2 3 4 5 6 7 8   12.0
1   1   -5 21 21 21 21 -5 5 -5   1 2 3 4 5 6 7 8   12.0
1   1   1 -1 -1 1 21 21 21 21   4 5 6 7 8 1 2 3   24.0
1   1   1 -1 21 -1 1 21 21 21   5 6 7 8 1 2 3 4   24.0
1   1   1 -1 21 21 -1 1 21 21   6 7 8 1 2 3 4 5   24.0
1   1   1 -1 21 21 21 -1 1 21   7 8 1 2 3 4 5 6   24.0
1   1   1 -1 21 21 21 21 -1 1   8 1 2 3 4 5 6 7   24.0
1   1   2 -2 -2 2 21 21 21 21   4 5 6 7 8 1 2 3   24.0
1   1   2 -2 21 -2 2 21 21 21   5 6 7 8 1 2 3 4   24.0
1   1   2 -2 21 21 -2 2 21 21   6 7 8 1 2 3 4 5   24.0
1   1   2 -2 21 21 21 -2 2 21   7 8 1 2 3 4 5 6   24.0
1   1   2 -2 21 21 21 21 -2 2   8 1 2 3 4 5 6 7   24.0
1   1   3 -3 -3 3 21 21 21 21   4 5 6 7 8 1 2 3   24.0
1   1   3 -3 21 -3 3 21 21 21   5 6 7 8 1 2 3 4   24.0
1   1   3 -3 21 21 -3 3 21 21   6 7 8 1 2 3 4 5   24.0
1   1   3 -3 21 21 21 -3 3 21   7 8 1 2 3 4 5 6   24.0
1   1   3 -3 21 21 21 21 -3 3   8 1 2 3 4 5 6 7   24.0
1   1   4 -4 -4 4 21 21 21 21   4 5 6 7 8 1 2 3   24.0
1   1   4 -4 21 -4 4 21 21 21   5 6 7 8 1 2 3 4   24.0
1   1   4 -4 21 21 -4 4 21 21   6 7 8 1 2 3 4 5   24.0
1   1   4 -4 21 21 21 -4 4 21   7 8 1 2 3 4 5 6   24.0
1   1   4 -4 21 21 21 21 -4 4   8 1 2 3 4 5 6 7   24.0
1   1   5 -5 -5 5 21 21 21 21   4 5 6 7 8 1 2 3   24.0
1   1   5 -5 21 -5 5 21 21 21   5 6 7 8 1 2 3 4   24.0
1   1   5 -5 21 21 -5 5 21 21   6 7 8 1 2 3 4 5   24.0
1   1   5 -5 21 21 21 -5 5 21   7 8 1 2 3 4 5 6   24.0
1   1   5 -5 21 21 21 21 -5 5   8 1 2 3 4 5 6 7   24.0
1   1   21 1 1 -1 1 21 21 21   5 6 7 8 1 2 3 4   12.0
1   1   21 1 1 21 -1 1 21 21   6 7 8 1 2 3 4 5   12.0
1   1   21 1 1 21 21 -1 1 21   7 8 1 2 3 4 5 6   12.0
1   1   21 1 1 21 21 21 -1 1   8 1 2 3 4 5 6 7   12.0
1   1   21 2 2 -2 2 21 21 21   5 6 7 8 1 2 3 4   12.0
1   1   21 2 2 21 -2 2 21 21   6 7 8 1 2 3 4 5   12.0
1   1   21 2 2 21 21 -2 2 21   7 8 1 2 3 4 5 6   12.0
1   1   21 2 2 21 21 21 -2 2   8 1 2 3 4 5 6 7   12.0
1   1   21 3 3 -3 3 21 21 21   5 6 7 8 1 2 3 4   12.0
1   1   21 3 3 21 -3 3 21 21   6 7 8 1 2 3 4 5   12.0
1   1   21 3 3 21 21 -3 3 21   7 8 1 2 3 4 5 6   12.0
1   1   21 3 3 21 21 21 -3 3   8 1 2 3 4 5 6 7   12.0
1   1   21 4 4 -4 4 21 21 21   5 6 7 8 1 2 3 4   12.0
1   1   21 4 4 21 -4 4 21 21   6 7 8 1 2 3 4 5   12.0
1   1   21 4 4 21 21 -4 4 21   7 8 1 2 3 4 5 6   12.0
1   1   21 4 4 21 21 21 -4 4   8 1 2 3 4 5 6 7   12.0
1   1   21 5 5 -5 5 21 21 21   5 6 7 8 1 2 3 4   12.0
1   1   21 5 5 21 -5 5 21 21   6 7 8 1 2 3 4 5   12.0
1   1   21 5 5 21 21 -5 5 21   7 8 1 2 3 4 5 6   12.0
1   1   21 5 5 21 21 21 -5 5   8 1 2 3 4 5 6 7   12.0
1   1   21 21 -1 1 -1 1 21 21   6 7 8 1 2 3 4 5   8.0
1   1   21 21 -1 1 21 -1 1 21   7 8 1 2 3 4 5 6   8.0
1   1   21 21 -1 1 21 21 -1 1   8 1 2 3 4 5 6 7   8.0
1   1   21 21 -2 2 -2 2 21 21   6 7 8 1 2 3 4 5   8.0
1   1   21 21 -2 2 21 -2 2 21   7 8 1 2 3 4 5 6   8.0
1   1   21 21 -2 2 21 21 -2 2   8 1 2 3 4 5 6 7   8.0
1   1   21 21 -3 3 -3 3 21 21   6 7 8 1 2 3 4 5   8.0
1   1   21 21 -3 3 21 -3 3 21   7 8 1 2 3 4 5 6   8.0
1   1   21 21 -3 3 21 21 -3 3   8 1 2 3 4 5 6 7   8.0
1   1   21 21 -4 4 -4 4 21 21   6 7 8 1 2 3 4 5   8.0
1   1   21 21 -4 4 21 -4 4 21   7 8 1 2 3 4 5 6   8.0
1   1   21 21 -4 4 21 21 -4 4   8 1 2 3 4 5 6 7   8.0
1   1   21 21 -5 5 -5 5 21 21   6 7 8 1 2 3 4 5   8.0
1   1   21 21 -5 5 21 -5 5 21   7 8 1 2 3 4 5 6   8.0
1   1   21 21 -5 5 21 21 -5 5   8 1 2 3 4 5 6 7   8.0
1   1   21 21 21 -1 1 -1 1 21   7 8 1 2 3 4 5 6   8.0
1   1   21 21 21 -1 1 21 -1 1   8 1 2 3 4 5 6 7   8.0
1   1   21 21 21 -2 2 -2 2 21   7 8 1 2 3 4 5 6   8.0
1   1   21 21 21 -2 2 21 -2 2   8 1 2 3 4 5 6 7   8.0
1   1   21 21 21 -3 3 -3 3 21   7 8 1 2 3 4 5 6   8.0
1   1   21 21 21 -3 3 21 -3 3   8 1 2 3 4 5 6 7   8.0
1   1   21 21 21 -4 4 -4 4 21   7 8 1 2 3 4 5 6   8.0
1   1   21 21 21 -4 4 21 -4 4   8 1 2 3 4 5 6 7   8.0
1   1   21 21 21 -5 5 -5 5 21   7 8 1 2 3 4 5 6   8.0
1   1   21 21 21 -5 5 21 -5 5   8 1 2 3 4 5 6 7   8.0
1   1   21 21 21 21 -1 1 -1 1   8 1 2 3 4 5 6 7   8.0
1   1   21 21 21 21 -2 2 -2 2   8 1 2 3 4 5 6 7   8.0
1   1   21 21 21 21 -3 3 -3 3   8 1 2 3 4 5 6 7   8.0
1   1   21 21 21 21 -4 4 -4 4   8 1 2 3 4 5 6 7   8.0
1   1   21 21 21 21 -5 5 -5 5   8 1 2 3 4 5 6 7   8.0



2   941   1   1 3 2 4 5 6 7 8
1   2   21 21 21 21 21 21 21 21   1 3 2 4 5 6 7 8   720.0
1   2   -1 21 21 21 21 21 21 -1   1 3 2 4 5 6 7 8   120.0
1   2   -2 21 21 21 21 21 21 -2   1 3 2 4 5 6 7 8   120.0
1   2   -3 21 21 21 21 21 21 -3   1 3 2 4 5 6 7 8   120.0
1   2   -4 21 21 21 21 21 21 -4   1 3 2 4 5 6 7 8   120.0
1   2   -5 21 21 21 21 21 21 -5   1 3 2 4 5 6 7 8   120.0
1   2   1 21 1 21 21 21 21 21   3 2 4 5 6 7 8 1   120.0
1   2   2 21 2 21 21 21 21 21   3 2 4 5 6 7 8 1   120.0
1   2   3 21 3 21 21 21 21 21   3 2 4 5 6 7 8 1   120.0
1   2   4 21 4 21 21 21 21 21   3 2 4 5 6 7 8 1   120.0
1   2   5 21 5 21 21 21 21 21   3 2 4 5 6 7 8 1   120.0
1   2   21 -1 -1 21 21 21 21 21   2 4 5 6 7 8 1 3   120.0
1   2   21 -2 -2 21 21 21 21 21   2 4 5 6 7 8 1 3   120.0
1   2   21 -3 -3 21 21 21 21 21   2 4 5 6 7 8 1 3   120.0
1   2   21 -4 -4 21 21 21 21 21   2 4 5 6 7 8 1 3   120.0
1   2   21 -5 -5 21 21 21 21 21   2 4 5 6 7 8 1 3   120.0
1   2   21 1 21 1 21 21 21 21   4 5 6 7 8 1 3 2   120.0
1   2   21 2 21 2 21 21 21 21   4 5 6 7 8 1 3 2   120.0
1   2   21 3 21 3 21 21 21 21   4 5 6 7 8 1 3 2   120.0
1   2   21 4 21 4 21 21 21 21   4 5 6 7 8 1 3 2   120.0
1   2   21 5 21 5 21 21 21 21   4 5 6 7 8 1 3 2   120.0
1   2   21 21 21 -1 1 21 21 21   5 6 7 8 1 3 2 4   24.0
1   2   21 21 21 -2 2 21 21 21   5 6 7 8 1 3 2 4   24.0
1   2   21 21 21 -3 3 21 21 21   5 6 7 8 1 3 2 4   24.0
1   2   21 21 21 -4 4 21 21 21   5 6 7 8 1 3 2 4   24.0
1   2   21 21 21 -5 5 21 21 21   5 6 7 8 1 3 2 4   24.0
1   2   21 21 21 21 -1 1 21 21   6 7 8 1 3 2 4 5   24.0
1   2   21 21 21 21 -2 2 21 21   6 7 8 1 3 2 4 5   24.0
1   2   21 21 21 21 -3 3 21 21   6 7 8 1 3 2 4 5   24.0
1   2   21 21 21 21 -4 4 21 21   6 7 8 1 3 2 4 5   24.0
1   2   21 21 21 21 -5 5 21 21   6 7 8 1 3 2 4 5   24.0
1   2   21 21 21 21 21 -1 1 21   7 8 1 3 2 4 5 6   24.0
1   2   21 21 21 21 21 -2 2 21   7 8 1 3 2 4 5 6   24.0
1   2   21 21 21 21 21 -3 3 21   7 8 1 3 2 4 5 6   24.0
1   2   21 21 21 21 21 -4 4 21   7 8 1 3 2 4 5 6   24.0
1   2   21 21 21 21 21 -5 5 21   7 8 1 3 2 4 5 6   24.0
1   2   21 21 21 21 21 21 -1 1   8 1 3 2 4 5 6 7   24.0
1   2   21 21 21 21 21 21 -2 2   8 1 3 2 4 5 6 7   24.0
1   2   21 21 21 21 21 21 -3 3   8 1 3 2 4 5 6 7   24.0
1   2   21 21 21 21 21 21 -4 4   8 1 3 2 4 5 6 7   24.0
1   2   21 21 21 21 21 21 -5 5   8 1 3 2 4 5 6 7   24.0
1   2   -1 -2 -1 21 21 21 21 -2   1 3 2 4 5 6 7 8   24.0
1   2   -1 -2 -2 21 21 21 21 -1   1 3 2 4 5 6 7 8   24.0
1   2   -1 -3 -1 21 21 21 21 -3   1 3 2 4 5 6 7 8   24.0
1   2   -1 -3 -3 21 21 21 21 -1   1 3 2 4 5 6 7 8   24.0
1   2   -1 -4 -1 21 21 21 21 -4   1 3 2 4 5 6 7 8   24.0
1   2   -1 -4 -4 21 21 21 21 -1   1 3 2 4 5 6 7 8   24.0
1   2   -1 -5 -1 21 21 21 21 -5   1 3 2 4 5 6 7 8   24.0
1   2   -1 -5 -5 21 21 21 21 -1   1 3 2 4 5 6 7 8   24.0
1   2   -1 1 21 2 21 21 21 -2   1 3 2 4 5 6 7 8   24.0
1   2   -1 1 21 3 21 21 21 -3   1 3 2 4 5 6 7 8   24.0
1   2   -1 1 21 4 21 21 21 -4   1 3 2 4 5 6 7 8   24.0
1   2   -1 1 21 5 21 21 21 -5   1 3 2 4 5 6 7 8   24.0
1   2   -1 2 21 2 21 21 21 -1   1 3 2 4 5 6 7 8   24.0
1   2   -1 3 21 3 21 21 21 -1   1 3 2 4 5 6 7 8   24.0
1   2   -1 4 21 4 21 21 21 -1   1 3 2 4 5 6 7 8   24.0
1   2   -1 5 21 5 21 21 21 -1   1 3 2 4 5 6 7 8   24.0
1   2   -1 21 21 -1 2 21 21 -2   1 3 2 4 5 6 7 8   6.0
1   2   -1 21 21 -1 3 21 21 -3   1 3 2 4 5 6 7 8   6.0
1   2   -1 21 21 -1 4 21 21 -4   1 3 2 4 5 6 7 8   6.0
1   2   -1 21 21 -1 5 21 21 -5   1 3 2 4 5 6 7 8   6.0
1   2   -1 21 21 -2 2 21 21 -1   1 3 2 4 5 6 7 8   6.0
1   2   -1 21 21 -3 3 21 21 -1   1 3 2 4 5 6 7 8   6.0
1   2   -1 21 21 -4 4 21 21 -1   1 3 2 4 5 6 7 8   6.0
1   2   -1 21 21 -5 5 21 21 -1   1 3 2 4 5 6 7 8   6.0
1   2   -1 21 21 21 -1 2 21 -2   1 3 2 4 5 6 7 8   6.0
1   2   -1 21 21 21 -1 3 21 -3   1 3 2 4 5 6 7 8   6.0
1   2   -1 21 21 21 -1 4 21 -4   1 3 2 4 5 6 7 8   6.0
1   2   -1 21 21 21 -1 5 21 -5   1 3 2 4 5 6 7 8   6.0
1   2   -1 21 21 21 -2 2 21 -1   1 3 2 4 5 6 7 8   6.0
1   2   -1 21 21 21 -3 3 21 -1   1 3 2 4 5 6 7 8   6.0
1   2   -1 21 21 21 -4 4 21 -1   1 3 2 4 5 6 7 8   6.0
1   2   -1 21 21 21 -5 5 21 -1   1 3 2 4 5 6 7 8   6.0
1   2   -1 21 21 21 21 -1 2 -2   1 3 2 4 5 6 7 8   6.0
1   2   -1 21 21 21 21 -1 3 -3   1 3 2 4 5 6 7 8   6.0
1   2   -1 21 21 21 21 -1 4 -4   1 3 2 4 5 6 7 8   6.0
1   2   -1 21 21 21 21 -1 5 -5   1 3 2 4 5 6 7 8   6.0
1   2   -1 21 21 21 21 -2 2 -1   1 3 2 4 5 6 7 8   6.0
1   2   -1 21 21 21 21 -3 3 -1   1 3 2 4 5 6 7 8   6.0
1   2   -1 21 21 21 21 -4 4 -1   1 3 2 4 5 6 7 8   6.0
1   2   -1 21 21 21 21 -5 5 -1   1 3 2 4 5 6 7 8   6.0
1   2   -2 -1 -1 21 21 21 21 -2   1 3 2 4 5 6 7 8   24.0
1   2   -2 -1 -2 21 21 21 21 -1   1 3 2 4 5 6 7 8   24.0
1   2   -2 -3 -2 21 21 21 21 -3   1 3 2 4 5 6 7 8   24.0
1   2   -2 -3 -3 21 21 21 21 -2   1 3 2 4 5 6 7 8   24.0
1   2   -2 -4 -2 21 21 21 21 -4   1 3 2 4 5 6 7 8   24.0
1   2   -2 -4 -4 21 21 21 21 -2   1 3 2 4 5 6 7 8   24.0
1   2   -2 -5 -2 21 21 21 21 -5   1 3 2 4 5 6 7 8   24.0
1   2   -2 -5 -5 21 21 21 21 -2   1 3 2 4 5 6 7 8   24.0
1   2   -2 1 21 1 21 21 21 -2   1 3 2 4 5 6 7 8   24.0
1   2   -2 2 21 1 21 21 21 -1   1 3 2 4 5 6 7 8   24.0
1   2   -2 2 21 3 21 21 21 -3   1 3 2 4 5 6 7 8   24.0
1   2   -2 2 21 4 21 21 21 -4   1 3 2 4 5 6 7 8   24.0
1   2   -2 2 21 5 21 21 21 -5   1 3 2 4 5 6 7 8   24.0
1   2   -2 3 21 3 21 21 21 -2   1 3 2 4 5 6 7 8   24.0
1   2   -2 4 21 4 21 21 21 -2   1 3 2 4 5 6 7 8   24.0
1   2   -2 5 21 5 21 21 21 -2   1 3 2 4 5 6 7 8   24.0
1   2   -2 21 21 -1 1 21 21 -2   1 3 2 4 5 6 7 8   6.0
1   2   -2 21 21 -2 1 21 21 -1   1 3 2 4 5 6 7 8   6.0
1   2   -2 21 21 -2 3 21 21 -3   1 3 2 4 5 6 7 8   6.0
1   2   -2 21 21 -2 4 21 21 -4   1 3 2 4 5 6 7 8   6.0
1   2   -2 21 21 -2 5 21 21 -5   1 3 2 4 5 6 7 8   6.0
1   2   -2 21 21 -3 3 21 21 -2   1 3 2 4 5 6 7 8   6.0
1   2   -2 21 21 -4 4 21 21 -2   1 3 2 4 5 6 7 8   6.0
1   2   -2 21 21 -5 5 21 21 -2   1 3 2 4 5 6 7 8   6.0
1   2   -2 21 21 21 -1 1 21 -2   1 3 2 4 5 6 7 8   6.0
1   2   -2 21 21 21 -2 1 21 -1   1 3 2 4 5 6 7 8   6.0
1   2   -2 21 21 21 -2 3 21 -3   1 3 2 4 5 6 7 8   6.0
1   2   -2 21 21 21 -2 4 21 -4   1 3 2 4 5 6 7 8   6.0
1   2   -2 21 21 21 -2 5 21 -5   1 3 2 4 5 6 7 8   6.0
1   2   -2 21 21 21 -3 3 21 -2   1 3 2 4 5 6 7 8   6.0
1   2   -2 21 21 21 -4 4 21 -2   1 3 2 4 5 6 7 8   6.0
1   2   -2 21 21 21 -5 5 21 -2   1 3 2 4 5 6 7 8   6.0
1   2   -2 21 21 21 21 -1 1 -2   1 3 2 4 5 6 7 8   6.0
1   2   -2 21 21 21 21 -2 1 -1   1 3 2 4 5 6 7 8   6.0
1   2   -2 21 21 21 21 -2 3 -3   1 3 2 4 5 6 7 8   6.0
1   2   -2 21 21 21 21 -2 4 -4   1 3 2 4 5 6 7 8   6.0
1   2   -2 21 21 21 21 -2 5 -5   1 3 2 4 5 6 7 8   6.0
1   2   -2 21 21 21 21 -3 3 -2   1 3 2 4 5 6 7 8   6.0
1   2   -2 21 21 21 21 -4 4 -2   1 3 2 4 5 6 7 8   6.0
1   2   -2 21 21 21 21 -5 5 -2   1 3 2 4 5 6 7 8   6.0
1   2   -3 -1 -1 21 21 21 21 -3   1 3 2 4 5 6 7 8   24.0
1   2   -3 -1 -3 21 21 21 21 -1   1 3 2 4 5 6 7 8   24.0
1   2   -3 -2 -2 21 21 21 21 -3   1 3 2 4 5 6 7 8   24.0
1   2   -3 -2 -3 21 21 21 21 -2   1 3 2 4 5 6 7 8   24.0
1   2   -3 -4 -3 21 21 21 21 -4   1 3 2 4 5 6 7 8   24.0
1   2   -3 -4 -4 21 21 21 21 -3   1 3 2 4 5 6 7 8   24.0
1   2   -3 -5 -3 21 21 21 21 -5   1 3 2 4 5 6 7 8   24.0
1   2   -3 -5 -5 21 21 21 21 -3   1 3 2 4 5 6 7 8   24.0
1   2   -3 1 21 1 21 21 21 -3   1 3 2 4 5 6 7 8   24.0
1   2   -3 2 21 2 21 21 21 -3   1 3 2 4 5 6 7 8   24.0
1   2   -3 3 21 1 21 21 21 -1   1 3 2 4 5 6 7 8   24.0
1   2   -3 3 21 2 21 21 21 -2   1 3 2 4 5 6 7 8   24.0
1   2   -3 3 21 4 21 21 21 -4   1 3 2 4 5 6 7 8   24.0
1   2   -3 3 21 5 21 21 21 -5   1 3 2 4 5 6 7 8   24.0
1   2   -3 4 21 4 21 21 21 -3   1 3 2 4 5 6 7 8   24.0
1   2   -3 5 21 5 21 21 21 -3   1 3 2 4 5 6 7 8   24.0
1   2   -3 21 21 -1 1 21 21 -3   1 3 2 4 5 6 7 8   6.0
1   2   -3 21 21 -2 2 21 21 -3   1 3 2 4 5 6 7 8   6.0
1   2   -3 21 21 -3 1 21 21 -1   1 3 2 4 5 6 7 8   6.0
1   2   -3 21 21 -3 2 21 21 -2   1 3 2 4 5 6 7 8   6.0
1   2   -3 21 21 -3 4 21 21 -4   1 3 2 4 5 6 7 8   6.0
1   2   -3 21 21 -3 5 21 21 -5   1 3 2 4 5 6 7 8   6.0
1   2   -3 21 21 -4 4 21 21 -3   1 3 2 4 5 6 7 8   6.0
1   2   -3 21 21 -5 5 21 21 -3   1 3 2 4 5 6 7 8   6.0
1   2   -3 21 21 21 -1 1 21 -3   1 3 2 4 5 6 7 8   6.0
1   2   -3 21 21 21 -2 2 21 -3   1 3 2 4 5 6 7 8   6.0
1   2   -3 21 21 21 -3 1 21 -1   1 3 2 4 5 6 7 8   6.0
1   2   -3 21 21 21 -3 2 21 -2   1 3 2 4 5 6 7 8   6.0
1   2   -3 21 21 21 -3 4 21 -4   1 3 2 4 5 6 7 8   6.0
1   2   -3 21 21 21 -3 5 21 -5   1 3 2 4 5 6 7 8   6.0
1   2   -3 21 21 21 -4 4 21 -3   1 3 2 4 5 6 7 8   6.0
1   2   -3 21 21 21 -5 5 21 -3   1 3 2 4 5 6 7 8   6.0
1   2   -3 21 21 21 21 -1 1 -3   1 3 2 4 5 6 7 8   6.0
1   2   -3 21 21 21 21 -2 2 -3   1 3 2 4 5 6 7 8   6.0
1   2   -3 21 21 21 21 -3 1 -1   1 3 2 4 5 6 7 8   6.0
1   2   -3 21 21 21 21 -3 2 -2   1 3 2 4 5 6 7 8   6.0
1   2   -3 21 21 21 21 -3 4 -4   1 3 2 4 5 6 7 8   6.0
1   2   -3 21 21 21 21 -3 5 -5   1 3 2 4 5 6 7 8   6.0
1   2   -3 21 21 21 21 -4 4 -3   1 3 2 4 5 6 7 8   6.0
1   2   -3 21 21 21 21 -5 5 -3   1 3 2 4 5 6 7 8   6.0
1   2   -4 -1 -1 21 21 21 21 -4   1 3 2 4 5 6 7 8   24.0
1   2   -4 -1 -4 21 21 21 21 -1   1 3 2 4 5 6 7 8   24.0
1   2   -4 -2 -2 21 21 21 21 -4   1 3 2 4 5 6 7 8   24.0
1   2   -4 -2 -4 21 21 21 21 -2   1 3 2 4 5 6 7 8   24.0
1   2   -4 -3 -3 21 21 21 21 -4   1 3 2 4 5 6 7 8   24.0
1   2   -4 -3 -4 21 21 21 21 -3   1 3 2 4 5 6 7 8   24.0
1   2   -4 -5 -4 21 21 21 21 -5   1 3 2 4 5 6 7 8   24.0
1   2   -4 -5 -5 21 21 21 21 -4   1 3 2 4 5 6 7 8   24.0
1   2   -4 1 21 1 21 21 21 -4   1 3 2 4 5 6 7 8   24.0
1   2   -4 2 21 2 21 21 21 -4   1 3 2 4 5 6 7 8   24.0
1   2   -4 3 21 3 21 21 21 -4   1 3 2 4 5 6 7 8   24.0
1   2   -4 4 21 1 21 21 21 -1   1 3 2 4 5 6 7 8   24.0
1   2   -4 4 21 2 21 21 21 -2   1 3 2 4 5 6 7 8   24.0
1   2   -4 4 21 3 21 21 21 -3   1 3 2 4 5 6 7 8   24.0
1   2   -4 4 21 5 21 21 21 -5   1 3 2 4 5 6 7 8   24.0
1   2   -4 5 21 5 21 21 21 -4   1 3 2 4 5 6 7 8   24.0
1   2   -4 21 21 -1 1 21 21 -4   1 3 2 4 5 6 7 8   6.0
1   2   -4 21 21 -2 2 21 21 -4   1 3 2 4 5 6 7 8   6.0
1   2   -4 21 21 -3 3 21 21 -4   1 3 2 4 5 6 7 8   6.0
1   2   -4 21 21 -4 1 21 21 -1   1 3 2 4 5 6 7 8   6.0
1   2   -4 21 21 -4 2 21 21 -2   1 3 2 4 5 6 7 8   6.0
1   2   -4 21 21 -4 3 21 21 -3   1 3 2 4 5 6 7 8   6.0
1   2   -4 21 21 -4 5 21 21 -5   1 3 2 4 5 6 7 8   6.0
1   2   -4 21 21 -5 5 21 21 -4   1 3 2 4 5 6 7 8   6.0
1   2   -4 21 21 21 -1 1 21 -4   1 3 2 4 5 6 7 8   6.0
1   2   -4 21 21 21 -2 2 21 -4   1 3 2 4 5 6 7 8   6.0
1   2   -4 21 21 21 -3 3 21 -4   1 3 2 4 5 6 7 8   6.0
1   2   -4 21 21 21 -4 1 21 -1   1 3 2 4 5 6 7 8   6.0
1   2   -4 21 21 21 -4 2 21 -2   1 3 2 4 5 6 7 8   6.0
1   2   -4 21 21 21 -4 3 21 -3   1 3 2 4 5 6 7 8   6.0
1   2   -4 21 21 21 -4 5 21 -5   1 3 2 4 5 6 7 8   6.0
1   2   -4 21 21 21 -5 5 21 -4   1 3 2 4 5 6 7 8   6.0
1   2   -4 21 21 21 21 -1 1 -4   1 3 2 4 5 6 7 8   6.0
1   2   -4 21 21 21 21 -2 2 -4   1 3 2 4 5 6 7 8   6.0
1   2   -4 21 21 21 21 -3 3 -4   1 3 2 4 5 6 7 8   6.0
1   2   -4 21 21 21 21 -4 1 -1   1 3 2 4 5 6 7 8   6.0
1   2   -4 21 21 21 21 -4 2 -2   1 3 2 4 5 6 7 8   6.0
1   2   -4 21 21 21 21 -4 3 -3   1 3 2 4 5 6 7 8   6.0
1   2   -4 21 21 21 21 -4 5 -5   1 3 2 4 5 6 7 8   6.0
1   2   -4 21 21 21 21 -5 5 -4   1 3 2 4 5 6 7 8   6.0
1   2   -5 -1 -1 21 21 21 21 -5   1 3 2 4 5 6 7 8   24.0
1   2   -5 -1 -5 21 21 21 21 -1   1 3 2 4 5 6 7 8   24.0
1   2   -5 -2 -2 21 21 21 21 -5   1 3 2 4 5 6 7 8   24.0
1   2   -5 -2 -5 21 21 21 21 -2   1 3 2 4 5 6 7 8   24.0
1   2   -5 -3 -3 21 21 21 21 -5   1 3 2 4 5 6 7 8   24.0
1   2   -5 -3 -5 21 21 21 21 -3   1 3 2 4 5 6 7 8   24.0
1   2   -5 -4 -4 21 21 21 21 -5   1 3 2 4 5 6 7 8   24.0
1   2   -5 -4 -5 21 21 21 21 -4   1 3 2 4 5 6 7 8   24.0
1   2   -5 1 21 1 21 21 21 -5   1 3 2 4 5 6 7 8   24.0
1   2   -5 2 21 2 21 21 21 -5   1 3 2 4 5 6 7 8   24.0
1   2   -5 3 21 3 21 21 21 -5   1 3 2 4 5 6 7 8   24.0
1   2   -5 4 21 4 21 21 21 -5   1 3 2 4 5 6 7 8   24.0
1   2   -5 5 21 1 21 21 21 -1   1 3 2 4 5 6 7 8   24.0
1   2   -5 5 21 2 21 21 21 -2   1 3 2 4 5 6 7 8   24.0
1   2   -5 5 21 3 21 21 21 -3   1 3 2 4 5 6 7 8   24.0
1   2   -5 5 21 4 21 21 21 -4   1 3 2 4 5 6 7 8   24.0
1   2   -5 21 21 -1 1 21 21 -5   1 3 2 4 5 6 7 8   6.0
1   2   -5 21 21 -2 2 21 21 -5   1 3 2 4 5 6 7 8   6.0
1   2   -5 21 21 -3 3 21 21 -5   1 3 2 4 5 6 7 8   6.0
1   2   -5 21 21 -4 4 21 21 -5   1 3 2 4 5 6 7 8   6.0
1   2   -5 21 21 -5 1 21 21 -1   1 3 2 4 5 6 7 8   6.0
1   2   -5 21 21 -5 2 21 21 -2   1 3 2 4 5 6 7 8   6.0
1   2   -5 21 21 -5 3 21 21 -3   1 3 2 4 5 6 7 8   6.0
1   2   -5 21 21 -5 4 21 21 -4   1 3 2 4 5 6 7 8   6.0
1   2   -5 21 21 21 -1 1 21 -5   1 3 2 4 5 6 7 8   6.0
1   2   -5 21 21 21 -2 2 21 -5   1 3 2 4 5 6 7 8   6.0
1   2   -5 21 21 21 -3 3 21 -5   1 3 2 4 5 6 7 8   6.0
1   2   -5 21 21 21 -4 4 21 -5   1 3 2 4 5 6 7 8   6.0
1   2   -5 21 21 21 -5 1 21 -1   1 3 2 4 5 6 7 8   6.0
1   2   -5 21 21 21 -5 2 21 -2   1 3 2 4 5 6 7 8   6.0
1   2   -5 21 21 21 -5 3 21 -3   1 3 2 4 5 6 7 8   6.0
1   2   -5 21 21 21 -5 4 21 -4   1 3 2 4 5 6 7 8   6.0
1   2   -5 21 21 21 21 -1 1 -5   1 3 2 4 5 6 7 8   6.0
1   2   -5 21 21 21 21 -2 2 -5   1 3 2 4 5 6 7 8   6.0
1   2   -5 21 21 21 21 -3 3 -5   1 3 2 4 5 6 7 8   6.0
1   2   -5 21 21 21 21 -4 4 -5   1 3 2 4 5 6 7 8   6.0
1   2   -5 21 21 21 21 -5 1 -1   1 3 2 4 5 6 7 8   6.0
1   2   -5 21 21 21 21 -5 2 -2   1 3 2 4 5 6 7 8   6.0
1   2   -5 21 21 21 21 -5 3 -3   1 3 2 4 5 6 7 8   6.0
1   2   -5 21 21 21 21 -5 4 -4   1 3 2 4 5 6 7 8   6.0
1   2   1 2 1 2 21 21 21 21   4 5 6 7 8 1 3 2   24.0
1   2   1 2 2 1 21 21 21 21   4 5 6 7 8 1 3 2   24.0
1   2   1 3 1 3 21 21 21 21   4 5 6 7 8 1 3 2   24.0
1   2   1 3 3 1 21 21 21 21   4 5 6 7 8 1 3 2   24.0
1   2   1 4 1 4 21 21 21 21   4 5 6 7 8 1 3 2   24.0
1   2   1 4 4 1 21 21 21 21   4 5 6 7 8 1 3 2   24.0
1   2   1 5 1 5 21 21 21 21   4 5 6 7 8 1 3 2   24.0
1   2   1 5 5 1 21 21 21 21   4 5 6 7 8 1 3 2   24.0
1   2   1 21 1 -2 2 21 21 21   5 6 7 8 1 3 2 4   6.0
1   2   1 21 1 -3 3 21 21 21   5 6 7 8 1 3 2 4   6.0
1   2   1 21 1 -4 4 21 21 21   5 6 7 8 1 3 2 4   6.0
1   2   1 21 1 -5 5 21 21 21   5 6 7 8 1 3 2 4   6.0
1   2   1 21 1 21 -2 2 21 21   6 7 8 1 3 2 4 5   6.0
1   2   1 21 1 21 -3 3 21 21   6 7 8 1 3 2 4 5   6.0
1   2   1 21 1 21 -4 4 21 21   6 7 8 1 3 2 4 5   6.0
1   2   1 21 1 21 -5 5 21 21   6 7 8 1 3 2 4 5   6.0
1   2   1 21 1 21 21 -2 2 21   7 8 1 3 2 4 5 6   6.0
1   2   1 21 1 21 21 -3 3 21   7 8 1 3 2 4 5 6   6.0
1   2   1 21 1 21 21 -4 4 21   7 8 1 3 2 4 5 6   6.0
1   2   1 21 1 21 21 -5 5 21   7 8 1 3 2 4 5 6   6.0
1   2   1 21 1 21 21 21 -2 2   8 1 3 2 4 5 6 7   6.0
1   2   1 21 1 21 21 21 -3 3   8 1 3 2 4 5 6 7   6.0
1   2   1 21 1 21 21 21 -4 4   8 1 3 2 4 5 6 7   6.0
1   2   1 21 1 21 21 21 -5 5   8 1 3 2 4 5 6 7   6.0
1   2   1 21 2 -2 1 21 21 21   5 6 7 8 1 3 2 4   6.0
1   2   1 21 2 21 -2 1 21 21   6 7 8 1 3 2 4 5   6.0
1   2   1 21 2 21 21 -2 1 21   7 8 1 3 2 4 5 6   6.0
1   2   1 21 2 21 21 21 -2 1   8 1 3 2 4 5 6 7   6.0
1   2   1 21 3 -3 1 21 21 21   5 6 7 8 1 3 2 4   6.0
1   2   1 21 3 21 -3 1 21 21   6 7 8 1 3 2 4 5   6.0
1   2   1 21 3 21 21 -3 1 21   7 8 1 3 2 4 5 6   6.0
1   2   1 21 3 21 21 21 -3 1   8 1 3 2 4 5 6 7   6.0
1   2   1 21 4 -4 1 21 21 21   5 6 7 8 1 3 2 4   6.0
1   2   1 21 4 21 -4 1 21 21   6 7 8 1 3 2 4 5   6.0
1   2   1 21 4 21 21 -4 1 21   7 8 1 3 2 4 5 6   6.0
1   2   1 21 4 21 21 21 -4 1   8 1 3 2 4 5 6 7   6.0
1   2   1 21 5 -5 1 21 21 21   5 6 7 8 1 3 2 4   6.0
1   2   1 21 5 21 -5 1 21 21   6 7 8 1 3 2 4 5   6.0
1   2   1 21 5 21 21 -5 1 21   7 8 1 3 2 4 5 6   6.0
1   2   1 21 5 21 21 21 -5 1   8 1 3 2 4 5 6 7   6.0
1   2   2 1 1 2 21 21 21 21   4 5 6 7 8 1 3 2   24.0
1   2   2 1 2 1 21 21 21 21   4 5 6 7 8 1 3 2   24.0
1   2   2 3 2 3 21 21 21 21   4 5 6 7 8 1 3 2   24.0
1   2   2 3 3 2 21 21 21 21   4 5 6 7 8 1 3 2   24.0
1   2   2 4 2 4 21 21 21 21   4 5 6 7 8 1 3 2   24.0
1   2   2 4 4 2 21 21 21 21   4 5 6 7 8 1 3 2   24.0
1   2   2 5 2 5 21 21 21 21   4 5 6 7 8 1 3 2   24.0
1   2   2 5 5 2 21 21 21 21   4 5 6 7 8 1 3 2   24.0
1   2   2 21 1 -1 2 21 21 21   5 6 7 8 1 3 2 4   6.0
1   2   2 21 1 21 -1 2 21 21   6 7 8 1 3 2 4 5   6.0
1   2   2 21 1 21 21 -1 2 21   7 8 1 3 2 4 5 6   6.0
1   2   2 21 1 21 21 21 -1 2   8 1 3 2 4 5 6 7   6.0
1   2   2 21 2 -1 1 21 21 21   5 6 7 8 1 3 2 4   6.0
1   2   2 21 2 -3 3 21 21 21   5 6 7 8 1 3 2 4   6.0
1   2   2 21 2 -4 4 21 21 21   5 6 7 8 1 3 2 4   6.0
1   2   2 21 2 -5 5 21 21 21   5 6 7 8 1 3 2 4   6.0
1   2   2 21 2 21 -1 1 21 21   6 7 8 1 3 2 4 5   6.0
1   2   2 21 2 21 -3 3 21 21   6 7 8 1 3 2 4 5   6.0
1   2   2 21 2 21 -4 4 21 21   6 7 8 1 3 2 4 5   6.0
1   2   2 21 2 21 -5 5 21 21   6 7 8 1 3 2 4 5   6.0
1   2   2 21 2 21 21 -1 1 21   7 8 1 3 2 4 5 6   6.0
1   2   2 21 2 21 21 -3 3 21   7 8 1 3 2 4 5 6   6.0
1   2   2 21 2 21 21 -4 4 21   7 8 1 3 2 4 5 6   6.0
1   2   2 21 2 21 21 -5 5 21   7 8 1 3 2 4 5 6   6.0
1   2   2 21 2 21 21 21 -1 1   8 1 3 2 4 5 6 7   6.0
1   2   2 21 2 21 21 21 -3 3   8 1 3 2 4 5 6 7   6.0
1   2   2 21 2 21 21 21 -4 4   8 1 3 2 4 5 6 7   6.0
1   2   2 21 2 21 21 21 -5 5   8 1 3 2 4 5 6 7   6.0
1   2   2 21 3 -3 2 21 21 21   5 6 7 8 1 3 2 4   6.0
1   2   2 21 3 21 -3 2 21 21   6 7 8 1 3 2 4 5   6.0
1   2   2 21 3 21 21 -3 2 21   7 8 1 3 2 4 5 6   6.0
1   2   2 21 3 21 21 21 -3 2   8 1 3 2 4 5 6 7   6.0
1   2   2 21 4 -4 2 21 21 21   5 6 7 8 1 3 2 4   6.0
1   2   2 21 4 21 -4 2 21 21   6 7 8 1 3 2 4 5   6.0
1   2   2 21 4 21 21 -4 2 21   7 8 1 3 2 4 5 6   6.0
1   2   2 21 4 21 21 21 -4 2   8 1 3 2 4 5 6 7   6.0
1   2   2 21 5 -5 2 21 21 21   5 6 7 8 1 3 2 4   6.0
1   2   2 21 5 21 -5 2 21 21   6 7 8 1 3 2 4 5   6.0
1   2   2 21 5 21 21 -5 2 21   7 8 1 3 2 4 5 6   6.0
1   2   2 21 5 21 21 21 -5 2   8 1 3 2 4 5 6 7   6.0
1   2   3 1 1 3 21 21 21 21   4 5 6 7 8 1 3 2   24.0
1   2   3 1 3 1 21 21 21 21   4 5 6 7 8 1 3 2   24.0
1   2   3 2 2 3 21 21 21 21   4 5 6 7 8 1 3 2   24.0
1   2   3 2 3 2 21 21 21 21   4 5 6 7 8 1 3 2   24.0
1   2   3 4 3 4 21 21 21 21   4 5 6 7 8 1 3 2   24.0
1   2   3 4 4 3 21 21 21 21   4 5 6 7 8 1 3 2   24.0
1   2   3 5 3 5 21 21 21 21   4 5 6 7 8 1 3 2   24.0
1   2   3 5 5 3 21 21 21 21   4 5 6 7 8 1 3 2   24.0
1   2   3 21 1 -1 3 21 21 21   5 6 7 8 1 3 2 4   6.0
1   2   3 21 1 21 -1 3 21 21   6 7 8 1 3 2 4 5   6.0
1   2   3 21 1 21 21 -1 3 21   7 8 1 3 2 4 5 6   6.0
1   2   3 21 1 21 21 21 -1 3   8 1 3 2 4 5 6 7   6.0
1   2   3 21 2 -2 3 21 21 21   5 6 7 8 1 3 2 4   6.0
1   2   3 21 2 21 -2 3 21 21   6 7 8 1 3 2 4 5   6.0
1   2   3 21 2 21 21 -2 3 21   7 8 1 3 2 4 5 6   6.0
1   2   3 21 2 21 21 21 -2 3   8 1 3 2 4 5 6 7   6.0
1   2   3 21 3 -1 1 21 21 21   5 6 7 8 1 3 2 4   6.0
1   2   3 21 3 -2 2 21 21 21   5 6 7 8 1 3 2 4   6.0
1   2   3 21 3 -4 4 21 21 21   5 6 7 8 1 3 2 4   6.0
1   2   3 21 3 -5 5 21 21 21   5 6 7 8 1 3 2 4   6.0
1   2   3 21 3 21 -1 1 21 21   6 7 8 1 3 2 4 5   6.0
1   2   3 21 3 21 -2 2 21 21   6 7 8 1 3 2 4 5   6.0
1   2   3 21 3 21 -4 4 21 21   6 7 8 1 3 2 4 5   6.0
1   2   3 21 3 21 -5 5 21 21   6 7 8 1 3 2 4 5   6.0
1   2   3 21 3 21 21 -1 1 21   7 8 1 3 2 4 5 6   6.0
1   2   3 21 3 21 21 -2 2 21   7 8 1 3 2 4 5 6   6.0
1   2   3 21 3 21 21 -4 4 21   7 8 1 3 2 4 5 6   6.0
1   2   3 21 3 21 21 -5 5 21   7 8 1 3 2 4 5 6   6.0
1   2   3 21 3 21 21 21 -1 1   8 1 3 2 4 5 6 7   6.0
1   2   3 21 3 21 21 21 -2 2   8 1 3 2 4 5 6 7   6.0
1   2   3 21 3 21 21 21 -4 4   8 1 3 2 4 5 6 7   6.0
1   2   3 21 3 21 21 21 -5 5   8 1 3 2 4 5 6 7   6.0
1   2   3 21 4 -4 3 21 21 21   5 6 7 8 1 3 2 4   6.0
1   2   3 21 4 21 -4 3 21 21   6 7 8 1 3 2 4 5   6.0
1   2   3 21 4 21 21 -4 3 21   7 8 1 3 2 4 5 6   6.0
1   2   3 21 4 21 21 21 -4 3   8 1 3 2 4 5 6 7   6.0
1   2   3 21 5 -5 3 21 21 21   5 6 7 8 1 3 2 4   6.0
1   2   3 21 5 21 -5 3 21 21   6 7 8 1 3 2 4 5   6.0
1   2   3 21 5 21 21 -5 3 21   7 8 1 3 2 4 5 6   6.0
1   2   3 21 5 21 21 21 -5 3   8 1 3 2 4 5 6 7   6.0
1   2   4 1 1 4 21 21 21 21   4 5 6 7 8 1 3 2   24.0
1   2   4 1 4 1 21 21 21 21   4 5 6 7 8 1 3 2   24.0
1   2   4 2 2 4 21 21 21 21   4 5 6 7 8 1 3 2   24.0
1   2   4 2 4 2 21 21 21 21   4 5 6 7 8 1 3 2   24.0
1   2   4 3 3 4 21 21 21 21   4 5 6 7 8 1 3 2   24.0
1   2   4 3 4 3 21 21 21 21   4 5 6 7 8 1 3 2   24.0
1   2   4 5 4 5 21 21 21 21   4 5 6 7 8 1 3 2   24.0
1   2   4 5 5 4 21 21 21 21   4 5 6 7 8 1 3 2   24.0
1   2   4 21 1 -1 4 21 21 21   5 6 7 8 1 3 2 4   6.0
1   2   4 21 1 21 -1 4 21 21   6 7 8 1 3 2 4 5   6.0
1   2   4 21 1 21 21 -1 4 21   7 8 1 3 2 4 5 6   6.0
1   2   4 21 1 21 21 21 -1 4   8 1 3 2 4 5 6 7   6.0
1   2   4 21 2 -2 4 21 21 21   5 6 7 8 1 3 2 4   6.0
1   2   4 21 2 21 -2 4 21 21   6 7 8 1 3 2 4 5   6.0
1   2   4 21 2 21 21 -2 4 21   7 8 1 3 2 4 5 6   6.0
1   2   4 21 2 21 21 21 -2 4   8 1 3 2 4 5 6 7   6.0
1   2   4 21 3 -3 4 21 21 21   5 6 7 8 1 3 2 4   6.0
1   2   4 21 3 21 -3 4 21 21   6 7 8 1 3 2 4 5   6.0
1   2   4 21 3 21 21 -3 4 21   7 8 1 3 2 4 5 6   6.0
1   2   4 21 3 21 21 21 -3 4   8 1 3 2 4 5 6 7   6.0
1   2   4 21 4 -1 1 21 21 21   5 6 7 8 1 3 2 4   6.0
1   2   4 21 4 -2 2 21 21 21   5 6 7 8 1 3 2 4   6.0
1   2   4 21 4 -3 3 21 21 21   5 6 7 8 1 3 2 4   6.0
1   2   4 21 4 -5 5 21 21 21   5 6 7 8 1 3 2 4   6.0
1   2   4 21 4 21 -1 1 21 21   6 7 8 1 3 2 4 5   6.0
1   2   4 21 4 21 -2 2 21 21   6 7 8 1 3 2 4 5   6.0
1   2   4 21 4 21 -3 3 21 21   6 7 8 1 3 2 4 5   6.0
1   2   4 21 4 21 -5 5 21 21   6 7 8 1 3 2 4 5   6.0
1   2   4 21 4 21 21 -1 1 21   7 8 1 3 2 4 5 6   6.0
1   2   4 21 4 21 21 -2 2 21   7 8 1 3 2 4 5 6   6.0
1   2   4 21 4 21 21 -3 3 21   7 8 1 3 2 4 5 6   6.0
1   2   4 21 4 21 21 -5 5 21   7 8 1 3 2 4 5 6   6.0
1   2   4 21 4 21 21 21 -1 1   8 1 3 2 4 5 6 7   6.0
1   2   4 21 4 21 21 21 -2 2   8 1 3 2 4 5 6 7   6.0
1   2   4 21 4 21 21 21 -3 3   8 1 3 2 4 5 6 7   6.0
1   2   4 21 4 21 21 21 -5 5   8 1 3 2 4 5 6 7   6.0
1   2   4 21 5 -5 4 21 21 21   5 6 7 8 1 3 2 4   6.0
1   2   4 21 5 21 -5 4 21 21   6 7 8 1 3 2 4 5   6.0
1   2   4 21 5 21 21 -5 4 21   7 8 1 3 2 4 5 6   6.0
1   2   4 21 5 21 21 21 -5 4   8 1 3 2 4 5 6 7   6.0
1   2   5 1 1 5 21 21 21 21   4 5 6 7 8 1 3 2   24.0
1   2   5 1 5 1 21 21 21 21   4 5 6 7 8 1 3 2   24.0
1   2   5 2 2 5 21 21 21 21   4 5 6 7 8 1 3 2   24.0
1   2   5 2 5 2 21 21 21 21   4 5 6 7 8 1 3 2   24.0
1   2   5 3 3 5 21 21 21 21   4 5 6 7 8 1 3 2   24.0
1   2   5 3 5 3 21 21 21 21   4 5 6 7 8 1 3 2   24.0
1   2   5 4 4 5 21 21 21 21   4 5 6 7 8 1 3 2   24.0
1   2   5 4 5 4 21 21 21 21   4 5 6 7 8 1 3 2   24.0
1   2   5 21 1 -1 5 21 21 21   5 6 7 8 1 3 2 4   6.0
1   2   5 21 1 21 -1 5 21 21   6 7 8 1 3 2 4 5   6.0
1   2   5 21 1 21 21 -1 5 21   7 8 1 3 2 4 5 6   6.0
1   2   5 21 1 21 21 21 -1 5   8 1 3 2 4 5 6 7   6.0
1   2   5 21 2 -2 5 21 21 21   5 6 7 8 1 3 2 4   6.0
1   2   5 21 2 21 -2 5 21 21   6 7 8 1 3 2 4 5   6.0
1   2   5 21 2 21 21 -2 5 21   7 8 1 3 2 4 5 6   6.0
1   2   5 21 2 21 21 21 -2 5   8 1 3 2 4 5 6 7   6.0
1   2   5 21 3 -3 5 21 21 21   5 6 7 8 1 3 2 4   6.0
1   2   5 21 3 21 -3 5 21 21   6 7 8 1 3 2 4 5   6.0
1   2   5 21 3 21 21 -3 5 21   7 8 1 3 2 4 5 6   6.0
1   2   5 21 3 21 21 21 -3 5   8 1 3 2 4 5 6 7   6.0
1   2   5 21 4 -4 5 21 21 21   5 6 7 8 1 3 2 4   6.0
1   2   5 21 4 21 -4 5 21 21   6 7 8 1 3 2 4 5   6.0
1   2   5 21 4 21 21 -4 5 21   7 8 1 3 2 4 5 6   6.0
1   2   5 21 4 21 21 21 -4 5   8 1 3 2 4 5 6 7   6.0
1   2   5 21 5 -1 1 21 21 21   5 6 7 8 1 3 2 4   6.0
1   2   5 21 5 -2 2 21 21 21   5 6 7 8 1 3 2 4   6.0
1   2   5 21 5 -3 3 21 21 21   5 6 7 8 1 3 2 4   6.0
1   2   5 21 5 -4 4 21 21 21   5 6 7 8 1 3 2 4   6.0
1   2   5 21 5 21 -1 1 21 21   6 7 8 1 3 2 4 5   6.0
1   2   5 21 5 21 -2 2 21 21   6 7 8 1 3 2 4 5   6.0
1   2   5 21 5 21 -3 3 21 21   6 7 8 1 3 2 4 5   6.0
1   2   5 21 5 21 -4 4 21 21   6 7 8 1 3 2 4 5   6.0
1   2   5 21 5 21 21 -1 1 21   7 8 1 3 2 4 5 6   6.0
1   2   5 21 5 21 21 -2 2 21   7 8 1 3 2 4 5 6   6.0
1   2   5 21 5 21 21 -3 3 21   7 8 1 3 2 4 5 6   6.0
1   2   5 21 5 21 21 -4 4 21   7 8 1 3 2 4 5 6   6.0
1   2   5 21 5 21 21 21 -1 1   8 1 3 2 4 5 6 7   6.0
1   2   5 21 5 21 21 21 -2 2   8 1 3 2 4 5 6 7   6.0
1   2   5 21 5 21 21 21 -3 3   8 1 3 2 4 5 6 7   6.0
1   2   5 21 5 21 21 21 -4 4   8 1 3 2 4 5 6 7   6.0
1   2   21 -1 -1 -2 2 21 21 21   5 6 7 8 1 3 2 4   6.0
1   2   21 -1 -1 -3 3 21 21 21   5 6 7 8 1 3 2 4   6.0
1   2   21 -1 -1 -4 4 21 21 21   5 6 7 8 1 3 2 4   6.0
1   2   21 -1 -1 -5 5 21 21 21   5 6 7 8 1 3 2 4   6.0
1   2   21 -1 -1 21 -2 2 21 21   6 7 8 1 3 2 4 5   6.0
1   2   21 -1 -1 21 -3 3 21 21   6 7 8 1 3 2 4 5   6.0
1   2   21 -1 -1 21 -4 4 21 21   6 7 8 1 3 2 4 5   6.0
1   2   21 -1 -1 21 -5 5 21 21   6 7 8 1 3 2 4 5   6.0
1   2   21 -1 -1 21 21 -2 2 21   7 8 1 3 2 4 5 6   6.0
1   2   21 -1 -1 21 21 -3 3 21   7 8 1 3 2 4 5 6   6.0
1   2   21 -1 -1 21 21 -4 4 21   7 8 1 3 2 4 5 6   6.0
1   2   21 -1 -1 21 21 -5 5 21   7 8 1 3 2 4 5 6   6.0
1   2   21 -1 -1 21 21 21 -2 2   8 1 3 2 4 5 6 7   6.0
1   2   21 -1 -1 21 21 21 -3 3   8 1 3 2 4 5 6 7   6.0
1   2   21 -1 -1 21 21 21 -4 4   8 1 3 2 4 5 6 7   6.0
1   2   21 -1 -1 21 21 21 -5 5   8 1 3 2 4 5 6 7   6.0
1   2   21 -1 -2 -1 2 21 21 21   5 6 7 8 1 3 2 4   6.0
1   2   21 -1 -2 21 -1 2 21 21   6 7 8 1 3 2 4 5   6.0
1   2   21 -1 -2 21 21 -1 2 21   7 8 1 3 2 4 5 6   6.0
1   2   21 -1 -2 21 21 21 -1 2   8 1 3 2 4 5 6 7   6.0
1   2   21 -1 -3 -1 3 21 21 21   5 6 7 8 1 3 2 4   6.0
1   2   21 -1 -3 21 -1 3 21 21   6 7 8 1 3 2 4 5   6.0
1   2   21 -1 -3 21 21 -1 3 21   7 8 1 3 2 4 5 6   6.0
1   2   21 -1 -3 21 21 21 -1 3   8 1 3 2 4 5 6 7   6.0
1   2   21 -1 -4 -1 4 21 21 21   5 6 7 8 1 3 2 4   6.0
1   2   21 -1 -4 21 -1 4 21 21   6 7 8 1 3 2 4 5   6.0
1   2   21 -1 -4 21 21 -1 4 21   7 8 1 3 2 4 5 6   6.0
1   2   21 -1 -4 21 21 21 -1 4   8 1 3 2 4 5 6 7   6.0
1   2   21 -1 -5 -1 5 21 21 21   5 6 7 8 1 3 2 4   6.0
1   2   21 -1 -5 21 -1 5 21 21   6 7 8 1 3 2 4 5   6.0
1   2   21 -1 -5 21 21 -1 5 21   7 8 1 3 2 4 5 6   6.0
1   2   21 -1 -5 21 21 21 -1 5   8 1 3 2 4 5 6 7   6.0
1   2   21 -2 -1 -2 1 21 21 21   5 6 7 8 1 3 2 4   6.0
1   2   21 -2 -1 21 -2 1 21 21   6 7 8 1 3 2 4 5   6.0
1   2   21 -2 -1 21 21 -2 1 21   7 8 1 3 2 4 5 6   6.0
1   2   21 -2 -1 21 21 21 -2 1   8 1 3 2 4 5 6 7   6.0
1   2   21 -2 -2 -1 1 21 21 21   5 6 7 8 1 3 2 4   6.0
1   2   21 -2 -2 -3 3 21 21 21   5 6 7 8 1 3 2 4   6.0
1   2   21 -2 -2 -4 4 21 21 21   5 6 7 8 1 3 2 4   6.0
1   2   21 -2 -2 -5 5 21 21 21   5 6 7 8 1 3 2 4   6.0
1   2   21 -2 -2 21 -1 1 21 21   6 7 8 1 3 2 4 5   6.0
1   2   21 -2 -2 21 -3 3 21 21   6 7 8 1 3 2 4 5   6.0
1   2   21 -2 -2 21 -4 4 21 21   6 7 8 1 3 2 4 5   6.0
1   2   21 -2 -2 21 -5 5 21 21   6 7 8 1 3 2 4 5   6.0
1   2   21 -2 -2 21 21 -1 1 21   7 8 1 3 2 4 5 6   6.0
1   2   21 -2 -2 21 21 -3 3 21   7 8 1 3 2 4 5 6   6.0
1   2   21 -2 -2 21 21 -4 4 21   7 8 1 3 2 4 5 6   6.0
1   2   21 -2 -2 21 21 -5 5 21   7 8 1 3 2 4 5 6   6.0
1   2   21 -2 -2 21 21 21 -1 1   8 1 3 2 4 5 6 7   6.0
1   2   21 -2 -2 21 21 21 -3 3   8 1 3 2 4 5 6 7   6.0
1   2   21 -2 -2 21 21 21 -4 4   8 1 3 2 4 5 6 7   6.0
1   2   21 -2 -2 21 21 21 -5 5   8 1 3 2 4 5 6 7   6.0
1   2   21 -2 -3 -2 3 21 21 21   5 6 7 8 1 3 2 4   6.0
1   2   21 -2 -3 21 -2 3 21 21   6 7 8 1 3 2 4 5   6.0
1   2   21 -2 -3 21 21 -2 3 21   7 8 1 3 2 4 5 6   6.0
1   2   21 -2 -3 21 21 21 -2 3   8 1 3 2 4 5 6 7   6.0
1   2   21 -2 -4 -2 4 21 21 21   5 6 7 8 1 3 2 4   6.0
1   2   21 -2 -4 21 -2 4 21 21   6 7 8 1 3 2 4 5   6.0
1   2   21 -2 -4 21 21 -2 4 21   7 8 1 3 2 4 5 6   6.0
1   2   21 -2 -4 21 21 21 -2 4   8 1 3 2 4 5 6 7   6.0
1   2   21 -2 -5 -2 5 21 21 21   5 6 7 8 1 3 2 4   6.0
1   2   21 -2 -5 21 -2 5 21 21   6 7 8 1 3 2 4 5   6.0
1   2   21 -2 -5 21 21 -2 5 21   7 8 1 3 2 4 5 6   6.0
1   2   21 -2 -5 21 21 21 -2 5   8 1 3 2 4 5 6 7   6.0
1   2   21 -3 -1 -3 1 21 21 21   5 6 7 8 1 3 2 4   6.0
1   2   21 -3 -1 21 -3 1 21 21   6 7 8 1 3 2 4 5   6.0
1   2   21 -3 -1 21 21 -3 1 21   7 8 1 3 2 4 5 6   6.0
1   2   21 -3 -1 21 21 21 -3 1   8 1 3 2 4 5 6 7   6.0
1   2   21 -3 -2 -3 2 21 21 21   5 6 7 8 1 3 2 4   6.0
1   2   21 -3 -2 21 -3 2 21 21   6 7 8 1 3 2 4 5   6.0
1   2   21 -3 -2 21 21 -3 2 21   7 8 1 3 2 4 5 6   6.0
1   2   21 -3 -2 21 21 21 -3 2   8 1 3 2 4 5 6 7   6.0
1   2   21 -3 -3 -1 1 21 21 21   5 6 7 8 1 3 2 4   6.0
1   2   21 -3 -3 -2 2 21 21 21   5 6 7 8 1 3 2 4   6.0
1   2   21 -3 -3 -4 4 21 21 21   5 6 7 8 1 3 2 4   6.0
1   2   21 -3 -3 -5 5 21 21 21   5 6 7 8 1 3 2 4   6.0
1   2   21 -3 -3 21 -1 1 21 21   6 7 8 1 3 2 4 5   6.0
1   2   21 -3 -3 21 -2 2 21 21   6 7 8 1 3 2 4 5   6.0
1   2   21 -3 -3 21 -4 4 21 21   6 7 8 1 3 2 4 5   6.0
1   2   21 -3 -3 21 -5 5 21 21   6 7 8 1 3 2 4 5   6.0
1   2   21 -3 -3 21 21 -1 1 21   7 8 1 3 2 4 5 6   6.0
1   2   21 -3 -3 21 21 -2 2 21   7 8 1 3 2 4 5 6   6.0
1   2   21 -3 -3 21 21 -4 4 21   7 8 1 3 2 4 5 6   6.0
1   2   21 -3 -3 21 21 -5 5 21   7 8 1 3 2 4 5 6   6.0
1   2   21 -3 -3 21 21 21 -1 1   8 1 3 2 4 5 6 7   6.0
1   2   21 -3 -3 21 21 21 -2 2   8 1 3 2 4 5 6 7   6.0
1   2   21 -3 -3 21 21 21 -4 4   8 1 3 2 4 5 6 7   6.0
1   2   21 -3 -3 21 21 21 -5 5   8 1 3 2 4 5 6 7   6.0
1   2   21 -3 -4 -3 4 21 21 21   5 6 7 8 1 3 2 4   6.0
1   2   21 -3 -4 21 -3 4 21 21   6 7 8 1 3 2 4 5   6.0
1   2   21 -3 -4 21 21 -3 4 21   7 8 1 3 2 4 5 6   6.0
1   2   21 -3 -4 21 21 21 -3 4   8 1 3 2 4 5 6 7   6.0
1   2   21 -3 -5 -3 5 21 21 21   5 6 7 8 1 3 2 4   6.0
1   2   21 -3 -5 21 -3 5 21 21   6 7 8 1 3 2 4 5   6.0
1   2   21 -3 -5 21 21 -3 5 21   7 8 1 3 2 4 5 6   6.0
1   2   21 -3 -5 21 21 21 -3 5   8 1 3 2 4 5 6 7   6.0
1   2   21 -4 -1 -4 1 21 21 21   5 6 7 8 1 3 2 4   6.0
1   2   21 -4 -1 21 -4 1 21 21   6 7 8 1 3 2 4 5   6.0
1   2   21 -4 -1 21 21 -4 1 21   7 8 1 3 2 4 5 6   6.0
1   2   21 -4 -1 21 21 21 -4 1   8 1 3 2 4 5 6 7   6.0
1   2   21 -4 -2 -4 2 21 21 21   5 6 7 8 1 3 2 4   6.0
1   2   21 -4 -2 21 -4 2 21 21   6 7 8 1 3 2 4 5   6.0
1   2   21 -4 -2 21 21 -4 2 21   7 8 1 3 2 4 5 6   6.0
1   2   21 -4 -2 21 21 21 -4 2   8 1 3 2 4 5 6 7   6.0
1   2   21 -4 -3 -4 3 21 21 21   5 6 7 8 1 3 2 4   6.0
1   2   21 -4 -3 21 -4 3 21 21   6 7 8 1 3 2 4 5   6.0
1   2   21 -4 -3 21 21 -4 3 21   7 8 1 3 2 4 5 6   6.0
1   2   21 -4 -3 21 21 21 -4 3   8 1 3 2 4 5 6 7   6.0
1   2   21 -4 -4 -1 1 21 21 21   5 6 7 8 1 3 2 4   6.0
1   2   21 -4 -4 -2 2 21 21 21   5 6 7 8 1 3 2 4   6.0
1   2   21 -4 -4 -3 3 21 21 21   5 6 7 8 1 3 2 4   6.0
1   2   21 -4 -4 -5 5 21 21 21   5 6 7 8 1 3 2 4   6.0
1   2   21 -4 -4 21 -1 1 21 21   6 7 8 1 3 2 4 5   6.0
1   2   21 -4 -4 21 -2 2 21 21   6 7 8 1 3 2 4 5   6.0
1   2   21 -4 -4 21 -3 3 21 21   6 7 8 1 3 2 4 5   6.0
1   2   21 -4 -4 21 -5 5 21 21   6 7 8 1 3 2 4 5   6.0
1   2   21 -4 -4 21 21 -1 1 21   7 8 1 3 2 4 5 6   6.0
1   2   21 -4 -4 21 21 -2 2 21   7 8 1 3 2 4 5 6   6.0
1   2   21 -4 -4 21 21 -3 3 21   7 8 1 3 2 4 5 6   6.0
1   2   21 -4 -4 21 21 -5 5 21   7 8 1 3 2 4 5 6   6.0
1   2   21 -4 -4 21 21 21 -1 1   8 1 3 2 4 5 6 7   6.0
1   2   21 -4 -4 21 21 21 -2 2   8 1 3 2 4 5 6 7   6.0
1   2   21 -4 -4 21 21 21 -3 3   8 1 3 2 4 5 6 7   6.0
1   2   21 -4 -4 21 21 21 -5 5   8 1 3 2 4 5 6 7   6.0
1   2   21 -4 -5 -4 5 21 21 21   5 6 7 8 1 3 2 4   6.0
1   2   21 -4 -5 21 -4 5 21 21   6 7 8 1 3 2 4 5   6.0
1   2   21 -4 -5 21 21 -4 5 21   7 8 1 3 2 4 5 6   6.0
1   2   21 -4 -5 21 21 21 -4 5   8 1 3 2 4 5 6 7   6.0
1   2   21 -5 -1 -5 1 21 21 21   5 6 7 8 1 3 2 4   6.0
1   2   21 -5 -1 21 -5 1 21 21   6 7 8 1 3 2 4 5   6.0
1   2   21 -5 -1 21 21 -5 1 21   7 8 1 3 2 4 5 6   6.0
1   2   21 -5 -1 21 21 21 -5 1   8 1 3 2 4 5 6 7   6.0
1   2   21 -5 -2 -5 2 21 21 21   5 6 7 8 1 3 2 4   6.0
1   2   21 -5 -2 21 -5 2 21 21   6 7 8 1 3 2 4 5   6.0
1   2   21 -5 -2 21 21 -5 2 21   7 8 1 3 2 4 5 6   6.0
1   2   21 -5 -2 21 21 21 -5 2   8 1 3 2 4 5 6 7   6.0
1   2   21 -5 -3 -5 3 21 21 21   5 6 7 8 1 3 2 4   6.0
1   2   21 -5 -3 21 -5 3 21 21   6 7 8 1 3 2 4 5   6.0
1   2   21 -5 -3 21 21 -5 3 21   7 8 1 3 2 4 5 6   6.0
1   2   21 -5 -3 21 21 21 -5 3   8 1 3 2 4 5 6 7   6.0
1   2   21 -5 -4 -5 4 21 21 21   5 6 7 8 1 3 2 4   6.0
1   2   21 -5 -4 21 -5 4 21 21   6 7 8 1 3 2 4 5   6.0
1   2   21 -5 -4 21 21 -5 4 21   7 8 1 3 2 4 5 6   6.0
1   2   21 -5 -4 21 21 21 -5 4   8 1 3 2 4 5 6 7   6.0
1   2   21 -5 -5 -1 1 21 21 21   5 6 7 8 1 3 2 4   6.0
1   2   21 -5 -5 -2 2 21 21 21   5 6 7 8 1 3 2 4   6.0
1   2   21 -5 -5 -3 3 21 21 21   5 6 7 8 1 3 2 4   6.0
1   2   21 -5 -5 -4 4 21 21 21   5 6 7 8 1 3 2 4   6.0
1   2   21 -5 -5 21 -1 1 21 21   6 7 8 1 3 2 4 5   6.0
1   2   21 -5 -5 21 -2 2 21 21   6 7 8 1 3 2 4 5   6.0
1   2   21 -5 -5 21 -3 3 21 21   6 7 8 1 3 2 4 5   6.0
1   2   21 -5 -5 21 -4 4 21 21   6 7 8 1 3 2 4 5   6.0
1   2   21 -5 -5 21 21 -1 1 21   7 8 1 3 2 4 5 6   6.0
1   2   21 -5 -5 21 21 -2 2 21   7 8 1 3 2 4 5 6   6.0
1   2   21 -5 -5 21 21 -3 3 21   7 8 1 3 2 4 5 6   6.0
1   2   21 -5 -5 21 21 -4 4 21   7 8 1 3 2 4 5 6   6.0
1   2   21 -5 -5 21 21 21 -1 1   8 1 3 2 4 5 6 7   6.0
1   2   21 -5 -5 21 21 21 -2 2   8 1 3 2 4 5 6 7   6.0
1   2   21 -5 -5 21 21 21 -3 3   8 1 3 2 4 5 6 7   6.0
1   2   21 -5 -5 21 21 21 -4 4   8 1 3 2 4 5 6 7   6.0
1   2   21 1 21 1 -2 2 21 21   6 7 8 1 3 2 4 5   6.0
1   2   21 1 21 1 -3 3 21 21   6 7 8 1 3 2 4 5   6.0
1   2   21 1 21 1 -4 4 21 21   6 7 8 1 3 2 4 5   6.0
1   2   21 1 21 1 -5 5 21 21   6 7 8 1 3 2 4 5   6.0
1   2   21 1 21 1 21 -2 2 21   7 8 1 3 2 4 5 6   6.0
1   2   21 1 21 1 21 -3 3 21   7 8 1 3 2 4 5 6   6.0
1   2   21 1 21 1 21 -4 4 21   7 8 1 3 2 4 5 6   6.0
1   2   21 1 21 1 21 -5 5 21   7 8 1 3 2 4 5 6   6.0
1   2   21 1 21 1 21 21 -2 2   8 1 3 2 4 5 6 7   6.0
1   2   21 1 21 1 21 21 -3 3   8 1 3 2 4 5 6 7   6.0
1   2   21 1 21 1 21 21 -4 4   8 1 3 2 4 5 6 7   6.0
1   2   21 1 21 1 21 21 -5 5   8 1 3 2 4 5 6 7   6.0
1   2   21 1 21 2 -2 1 21 21   6 7 8 1 3 2 4 5   6.0
1   2   21 1 21 2 21 -2 1 21   7 8 1 3 2 4 5 6   6.0
1   2   21 1 21 2 21 21 -2 1   8 1 3 2 4 5 6 7   6.0
1   2   21 1 21 3 -3 1 21 21   6 7 8 1 3 2 4 5   6.0
1   2   21 1 21 3 21 -3 1 21   7 8 1 3 2 4 5 6   6.0
1   2   21 1 21 3 21 21 -3 1   8 1 3 2 4 5 6 7   6.0
1   2   21 1 21 4 -4 1 21 21   6 7 8 1 3 2 4 5   6.0
1   2   21 1 21 4 21 -4 1 21   7 8 1 3 2 4 5 6   6.0
1   2   21 1 21 4 21 21 -4 1   8 1 3 2 4 5 6 7   6.0
1   2   21 1 21 5 -5 1 21 21   6 7 8 1 3 2 4 5   6.0
1   2   21 1 21 5 21 -5 1 21   7 8 1 3 2 4 5 6   6.0
1   2   21 1 21 5 21 21 -5 1   8 1 3 2 4 5 6 7   6.0
1   2   21 2 21 1 -1 2 21 21   6 7 8 1 3 2 4 5   6.0
1   2   21 2 21 1 21 -1 2 21   7 8 1 3 2 4 5 6   6.0
1   2   21 2 21 1 21 21 -1 2   8 1 3 2 4 5 6 7   6.0
1   2   21 2 21 2 -1 1 21 21   6 7 8 1 3 2 4 5   6.0
1   2   21 2 21 2 -3 3 21 21   6 7 8 1 3 2 4 5   6.0
1   2   21 2 21 2 -4 4 21 21   6 7 8 1 3 2 4 5   6.0
1   2   21 2 21 2 -5 5 21 21   6 7 8 1 3 2 4 5   6.0
1   2   21 2 21 2 21 -1 1 21   7 8 1 3 2 4 5 6   6.0
1   2   21 2 21 2 21 -3 3 21   7 8 1 3 2 4 5 6   6.0
1   2   21 2 21 2 21 -4 4 21   7 8 1 3 2 4 5 6   6.0
1   2   21 2 21 2 21 -5 5 21   7 8 1 3 2 4 5 6   6.0
1   2   21 2 21 2 21 21 -1 1   8 1 3 2 4 5 6 7   6.0
1   2   21 2 21 2 21 21 -3 3   8 1 3 2 4 5 6 7   6.0
1   2   21 2 21 2 21 21 -4 4   8 1 3 2 4 5 6 7   6.0
1   2   21 2 21 2 21 21 -5 5   8 1 3 2 4 5 6 7   6.0
1   2   21 2 21 3 -3 2 21 21   6 7 8 1 3 2 4 5   6.0
1   2   21 2 21 3 21 -3 2 21   7 8 1 3 2 4 5 6   6.0
1   2   21 2 21 3 21 21 -3 2   8 1 3 2 4 5 6 7   6.0
1   2   21 2 21 4 -4 2 21 21   6 7 8 1 3 2 4 5   6.0
1   2   21 2 21 4 21 -4 2 21   7 8 1 3 2 4 5 6   6.0
1   2   21 2 21 4 21 21 -4 2   8 1 3 2 4 5 6 7   6.0
1   2   21 2 21 5 -5 2 21 21   6 7 8 1 3 2 4 5   6.0
1   2   21 2 21 5 21 -5 2 21   7 8 1 3 2 4 5 6   6.0
1   2   21 2 21 5 21 21 -5 2   8 1 3 2 4 5 6 7   6.0
1   2   21 3 21 1 -1 3 21 21   6 7 8 1 3 2 4 5   6.0
1   2   21 3 21 1 21 -1 3 21   7 8 1 3 2 4 5 6   6.0
1   2   21 3 21 1 21 21 -1 3   8 1 3 2 4 5 6 7   6.0
1   2   21 3 21 2 -2 3 21 21   6 7 8 1 3 2 4 5   6.0
1   2   21 3 21 2 21 -2 3 21   7 8 1 3 2 4 5 6   6.0
1   2   21 3 21 2 21 21 -2 3   8 1 3 2 4 5 6 7   6.0
1   2   21 3 21 3 -1 1 21 21   6 7 8 1 3 2 4 5   6.0
1   2   21 3 21 3 -2 2 21 21   6 7 8 1 3 2 4 5   6.0
1   2   21 3 21 3 -4 4 21 21   6 7 8 1 3 2 4 5   6.0
1   2   21 3 21 3 -5 5 21 21   6 7 8 1 3 2 4 5   6.0
1   2   21 3 21 3 21 -1 1 21   7 8 1 3 2 4 5 6   6.0
1   2   21 3 21 3 21 -2 2 21   7 8 1 3 2 4 5 6   6.0
1   2   21 3 21 3 21 -4 4 21   7 8 1 3 2 4 5 6   6.0
1   2   21 3 21 3 21 -5 5 21   7 8 1 3 2 4 5 6   6.0
1   2   21 3 21 3 21 21 -1 1   8 1 3 2 4 5 6 7   6.0
1   2   21 3 21 3 21 21 -2 2   8 1 3 2 4 5 6 7   6.0
1   2   21 3 21 3 21 21 -4 4   8 1 3 2 4 5 6 7   6.0
1   2   21 3 21 3 21 21 -5 5   8 1 3 2 4 5 6 7   6.0
1   2   21 3 21 4 -4 3 21 21   6 7 8 1 3 2 4 5   6.0
1   2   21 3 21 4 21 -4 3 21   7 8 1 3 2 4 5 6   6.0
1   2   21 3 21 4 21 21 -4 3   8 1 3 2 4 5 6 7   6.0
1   2   21 3 21 5 -5 3 21 21   6 7 8 1 3 2 4 5   6.0
1   2   21 3 21 5 21 -5 3 21   7 8 1 3 2 4 5 6   6.0
1   2   21 3 21 5 21 21 -5 3   8 1 3 2 4 5 6 7   6.0
1   2   21 4 21 1 -1 4 21 21   6 7 8 1 3 2 4 5   6.0
1   2   21 4 21 1 21 -1 4 21   7 8 1 3 2 4 5 6   6.0
1   2   21 4 21 1 21 21 -1 4   8 1 3 2 4 5 6 7   6.0
1   2   21 4 21 2 -2 4 21 21   6 7 8 1 3 2 4 5   6.0
1   2   21 4 21 2 21 -2 4 21   7 8 1 3 2 4 5 6   6.0
1   2   21 4 21 2 21 21 -2 4   8 1 3 2 4 5 6 7   6.0
1   2   21 4 21 3 -3 4 21 21   6 7 8 1 3 2 4 5   6.0
1   2   21 4 21 3 21 -3 4 21   7 8 1 3 2 4 5 6   6.0
1   2   21 4 21 3 21 21 -3 4   8 1 3 2 4 5 6 7   6.0
1   2   21 4 21 4 -1 1 21 21   6 7 8 1 3 2 4 5   6.0
1   2   21 4 21 4 -2 2 21 21   6 7 8 1 3 2 4 5   6.0
1   2   21 4 21 4 -3 3 21 21   6 7 8 1 3 2 4 5   6.0
1   2   21 4 21 4 -5 5 21 21   6 7 8 1 3 2 4 5   6.0
1   2   21 4 21 4 21 -1 1 21   7 8 1 3 2 4 5 6   6.0
1   2   21 4 21 4 21 -2 2 21   7 8 1 3 2 4 5 6   6.0
1   2   21 4 21 4 21 -3 3 21   7 8 1 3 2 4 5 6   6.0
1   2   21 4 21 4 21 -5 5 21   7 8 1 3 2 4 5 6   6.0
1   2   21 4 21 4 21 21 -1 1   8 1 3 2 4 5 6 7   6.0
1   2   21 4 21 4 21 21 -2 2   8 1 3 2 4 5 6 7   6.0
1   2   21 4 21 4 21 21 -3 3   8 1 3 2 4 5 6 7   6.0
1   2   21 4 21 4 21 21 -5 5   8 1 3 2 4 5 6 7   6.0
1   2   21 4 21 5 -5 4 21 21   6 7 8 1 3 2 4 5   6.0
1   2   21 4 21 5 21 -5 4 21   7 8 1 3 2 4 5 6   6.0
1   2   21 4 21 5 21 21 -5 4   8 1 3 2 4 5 6 7   6.0
1   2   21 5 21 1 -1 5 21 21   6 7 8 1 3 2 4 5   6.0
1   2   21 5 21 1 21 -1 5 21   7 8 1 3 2 4 5 6   6.0
1   2   21 5 21 1 21 21 -1 5   8 1 3 2 4 5 6 7   6.0
1   2   21 5 21 2 -2 5 21 21   6 7 8 1 3 2 4 5   6.0
1   2   21 5 21 2 21 -2 5 21   7 8 1 3 2 4 5 6   6.0
1   2   21 5 21 2 21 21 -2 5   8 1 3 2 4 5 6 7   6.0
1   2   21 5 21 3 -3 5 21 21   6 7 8 1 3 2 4 5   6.0
1   2   21 5 21 3 21 -3 5 21   7 8 1 3 2 4 5 6   6.0
1   2   21 5 21 3 21 21 -3 5   8 1 3 2 4 5 6 7   6.0
1   2   21 5 21 4 -4 5 21 21   6 7 8 1 3 2 4 5   6.0
1   2   21 5 21 4 21 -4 5 21   7 8 1 3 2 4 5 6   6.0
1   2   21 5 21 4 21 21 -4 5   8 1 3 2 4 5 6 7   6.0
1   2   21 5 21 5 -1 1 21 21   6 7 8 1 3 2 4 5   6.0
1   2   21 5 21 5 -2 2 21 21   6 7 8 1 3 2 4 5   6.0
1   2   21 5 21 5 -3 3 21 21   6 7 8 1 3 2 4 5   6.0
1   2   21 5 21 5 -4 4 21 21   6 7 8 1 3 2 4 5   6.0
1   2   21 5 21 5 21 -1 1 21   7 8 1 3 2 4 5 6   6.0
1   2   21 5 21 5 21 -2 2 21   7 8 1 3 2 4 5 6   6.0
1   2   21 5 21 5 21 -3 3 21   7 8 1 3 2 4 5 6   6.0
1   2   21 5 21 5 21 -4 4 21   7 8 1 3 2 4 5 6   6.0
1   2   21 5 21 5 21 21 -1 1   8 1 3 2 4 5 6 7   6.0
1   2   21 5 21 5 21 21 -2 2   8 1 3 2 4 5 6 7   6.0
1   2   21 5 21 5 21 21 -3 3   8 1 3 2 4 5 6 7   6.0
1   2   21 5 21 5 21 21 -4 4   8 1 3 2 4 5 6 7   6.0
1   2   21 21 21 -1 1 -2 2 21   7 8 1 3 2 4 5 6   2.0
1   2   21 21 21 -1 1 -3 3 21   7 8 1 3 2 4 5 6   2.0
1   2   21 21 21 -1 1 -4 4 21   7 8 1 3 2 4 5 6   2.0
1   2   21 21 21 -1 1 -5 5 21   7 8 1 3 2 4 5 6   2.0
1   2   21 21 21 -1 1 21 -2 2   8 1 3 2 4 5 6 7   2.0
1   2   21 21 21 -1 1 21 -3 3   8 1 3 2 4 5 6 7   2.0
1   2   21 21 21 -1 1 21 -4 4   8 1 3 2 4 5 6 7   2.0
1   2   21 21 21 -1 1 21 -5 5   8 1 3 2 4 5 6 7   2.0
1   2   21 21 21 -1 2 -2 1 21   7 8 1 3 2 4 5 6   2.0
1   2   21 21 21 -1 2 21 -2 1   8 1 3 2 4 5 6 7   2.0
1   2   21 21 21 -1 3 -3 1 21   7 8 1 3 2 4 5 6   2.0
1   2   21 21 21 -1 3 21 -3 1   8 1 3 2 4 5 6 7   2.0
1   2   21 21 21 -1 4 -4 1 21   7 8 1 3 2 4 5 6   2.0
1   2   21 21 21 -1 4 21 -4 1   8 1 3 2 4 5 6 7   2.0
1   2   21 21 21 -1 5 -5 1 21   7 8 1 3 2 4 5 6   2.0
1   2   21 21 21 -1 5 21 -5 1   8 1 3 2 4 5 6 7   2.0
1   2   21 21 21 -2 1 -1 2 21   7 8 1 3 2 4 5 6   2.0
1   2   21 21 21 -2 1 21 -1 2   8 1 3 2 4 5 6 7   2.0
1   2   21 21 21 -2 2 -1 1 21   7 8 1 3 2 4 5 6   2.0
1   2   21 21 21 -2 2 -3 3 21   7 8 1 3 2 4 5 6   2.0
1   2   21 21 21 -2 2 -4 4 21   7 8 1 3 2 4 5 6   2.0
1   2   21 21 21 -2 2 -5 5 21   7 8 1 3 2 4 5 6   2.0
1   2   21 21 21 -2 2 21 -1 1   8 1 3 2 4 5 6 7   2.0
1   2   21 21 21 -2 2 21 -3 3   8 1 3 2 4 5 6 7   2.0
1   2   21 21 21 -2 2 21 -4 4   8 1 3 2 4 5 6 7   2.0
1   2   21 21 21 -2 2 21 -5 5   8 1 3 2 4 5 6 7   2.0
1   2   21 21 21 -2 3 -3 2 21   7 8 1 3 2 4 5 6   2.0
1   2   21 21 21 -2 3 21 -3 2   8 1 3 2 4 5 6 7   2.0
1   2   21 21 21 -2 4 -4 2 21   7 8 1 3 2 4 5 6   2.0
1   2   21 21 21 -2 4 21 -4 2   8 1 3 2 4 5 6 7   2.0
1   2   21 21 21 -2 5 -5 2 21   7 8 1 3 2 4 5 6   2.0
1   2   21 21 21 -2 5 21 -5 2   8 1 3 2 4 5 6 7   2.0
1   2   21 21 21 -3 1 -1 3 21   7 8 1 3 2 4 5 6   2.0
1   2   21 21 21 -3 1 21 -1 3   8 1 3 2 4 5 6 7   2.0
1   2   21 21 21 -3 2 -2 3 21   7 8 1 3 2 4 5 6   2.0
1   2   21 21 21 -3 2 21 -2 3   8 1 3 2 4 5 6 7   2.0
1   2   21 21 21 -3 3 -1 1 21   7 8 1 3 2 4 5 6   2.0
1   2   21 21 21 -3 3 -2 2 21   7 8 1 3 2 4 5 6   2.0
1   2   21 21 21 -3 3 -4 4 21   7 8 1 3 2 4 5 6   2.0
1   2   21 21 21 -3 3 -5 5 21   7 8 1 3 2 4 5 6   2.0
1   2   21 21 21 -3 3 21 -1 1   8 1 3 2 4 5 6 7   2.0
1   2   21 21 21 -3 3 21 -2 2   8 1 3 2 4 5 6 7   2.0
1   2   21 21 21 -3 3 21 -4 4   8 1 3 2 4 5 6 7   2.0
1   2   21 21 21 -3 3 21 -5 5   8 1 3 2 4 5 6 7   2.0
1   2   21 21 21 -3 4 -4 3 21   7 8 1 3 2 4 5 6   2.0
1   2   21 21 21 -3 4 21 -4 3   8 1 3 2 4 5 6 7   2.0
1   2   21 21 21 -3 5 -5 3 21   7 8 1 3 2 4 5 6   2.0
1   2   21 21 21 -3 5 21 -5 3   8 1 3 2 4 5 6 7   2.0
1   2   21 21 21 -4 1 -1 4 21   7 8 1 3 2 4 5 6   2.0
1   2   21 21 21 -4 1 21 -1 4   8 1 3 2 4 5 6 7   2.0
1   2   21 21 21 -4 2 -2 4 21   7 8 1 3 2 4 5 6   2.0
1   2   21 21 21 -4 2 21 -2 4   8 1 3 2 4 5 6 7   2.0
1   2   21 21 21 -4 3 -3 4 21   7 8 1 3 2 4 5 6   2.0
1   2   21 21 21 -4 3 21 -3 4   8 1 3 2 4 5 6 7   2.0
1   2   21 21 21 -4 4 -1 1 21   7 8 1 3 2 4 5 6   2.0
1   2   21 21 21 -4 4 -2 2 21   7 8 1 3 2 4 5 6   2.0
1   2   21 21 21 -4 4 -3 3 21   7 8 1 3 2 4 5 6   2.0
1   2   21 21 21 -4 4 -5 5 21   7 8 1 3 2 4 5 6   2.0
1   2   21 21 21 -4 4 21 -1 1   8 1 3 2 4 5 6 7   2.0
1   2   21 21 21 -4 4 21 -2 2   8 1 3 2 4 5 6 7   2.0
1   2   21 21 21 -4 4 21 -3 3   8 1 3 2 4 5 6 7   2.0
1   2   21 21 21 -4 4 21 -5 5   8 1 3 2 4 5 6 7   2.0
1   2   21 21 21 -4 5 -5 4 21   7 8 1 3 2 4 5 6   2.0
1   2   21 21 21 -4 5 21 -5 4   8 1 3 2 4 5 6 7   2.0
1   2   21 21 21 -5 1 -1 5 21   7 8 1 3 2 4 5 6   2.0
1   2   21 21 21 -5 1 21 -1 5   8 1 3 2 4 5 6 7   2.0
1   2   21 21 21 -5 2 -2 5 21   7 8 1 3 2 4 5 6   2.0
1   2   21 21 21 -5 2 21 -2 5   8 1 3 2 4 5 6 7   2.0
1   2   21 21 21 -5 3 -3 5 21   7 8 1 3 2 4 5 6   2.0
1   2   21 21 21 -5 3 21 -3 5   8 1 3 2 4 5 6 7   2.0
1   2   21 21 21 -5 4 -4 5 21   7 8 1 3 2 4 5 6   2.0
1   2   21 21 21 -5 4 21 -4 5   8 1 3 2 4 5 6 7   2.0
1   2   21 21 21 -5 5 -1 1 21   7 8 1 3 2 4 5 6   2.0
1   2   21 21 21 -5 5 -2 2 21   7 8 1 3 2 4 5 6   2.0
1   2   21 21 21 -5 5 -3 3 21   7 8 1 3 2 4 5 6   2.0
1   2   21 21 21 -5 5 -4 4 21   7 8 1 3 2 4 5 6   2.0
1   2   21 21 21 -5 5 21 -1 1   8 1 3 2 4 5 6 7   2.0
1   2   21 21 21 -5 5 21 -2 2   8 1 3 2 4 5 6 7   2.0
1   2   21 21 21 -5 5 21 -3 3   8 1 3 2 4 5 6 7   2.0
1   2   21 21 21 -5 5 21 -4 4   8 1 3 2 4 5 6 7   2.0
1   2   21 21 21 21 -1 1 -2 2   8 1 3 2 4 5 6 7   2.0
1   2   21 21 21 21 -1 1 -3 3   8 1 3 2 4 5 6 7   2.0
1   2   21 21 21 21 -1 1 -4 4   8 1 3 2 4 5 6 7   2.0
1   2   21 21 21 21 -1 1 -5 5   8 1 3 2 4 5 6 7   2.0
1   2   21 21 21 21 -1 2 -2 1   8 1 3 2 4 5 6 7   2.0
1   2   21 21 21 21 -1 3 -3 1   8 1 3 2 4 5 6 7   2.0
1   2   21 21 21 21 -1 4 -4 1   8 1 3 2 4 5 6 7   2.0
1   2   21 21 21 21 -1 5 -5 1   8 1 3 2 4 5 6 7   2.0
1   2   21 21 21 21 -2 1 -1 2   8 1 3 2 4 5 6 7   2.0
1   2   21 21 21 21 -2 2 -1 1   8 1 3 2 4 5 6 7   2.0
1   2   21 21 21 21 -2 2 -3 3   8 1 3 2 4 5 6 7   2.0
1   2   21 21 21 21 -2 2 -4 4   8 1 3 2 4 5 6 7   2.0
1   2   21 21 21 21 -2 2 -5 5   8 1 3 2 4 5 6 7   2.0
1   2   21 21 21 21 -2 3 -3 2   8 1 3 2 4 5 6 7   2.0
1   2   21 21 21 21 -2 4 -4 2   8 1 3 2 4 5 6 7   2.0
1   2   21 21 21 21 -2 5 -5 2   8 1 3 2 4 5 6 7   2.0
1   2   21 21 21 21 -3 1 -1 3   8 1 3 2 4 5 6 7   2.0
1   2   21 21 21 21 -3 2 -2 3   8 1 3 2 4 5 6 7   2.0
1   2   21 21 21 21 -3 3 -1 1   8 1 3 2 4 5 6 7   2.0
1   2   21 21 21 21 -3 3 -2 2   8 1 3 2 4 5 6 7   2.0
1   2   21 21 21 21 -3 3 -4 4   8 1 3 2 4 5 6 7   2.0
1   2   21 21 21 21 -3 3 -5 5   8 1 3 2 4 5 6 7   2.0
1   2   21 21 21 21 -3 4 -4 3   8 1 3 2 4 5 6 7   2.0
1   2   21 21 21 21 -3 5 -5 3   8 1 3 2 4 5 6 7   2.0
1   2   21 21 21 21 -4 1 -1 4   8 1 3 2 4 5 6 7   2.0
1   2   21 21 21 21 -4 2 -2 4   8 1 3 2 4 5 6 7   2.0
1   2   21 21 21 21 -4 3 -3 4   8 1 3 2 4 5 6 7   2.0
1   2   21 21 21 21 -4 4 -1 1   8 1 3 2 4 5 6 7   2.0
1   2   21 21 21 21 -4 4 -2 2   8 1 3 2 4 5 6 7   2.0
1   2   21 21 21 21 -4 4 -3 3   8 1 3 2 4 5 6 7   2.0
1   2   21 21 21 21 -4 4 -5 5   8 1 3 2 4 5 6 7   2.0
1   2   21 21 21 21 -4 5 -5 4   8 1 3 2 4 5 6 7   2.0
1   2   21 21 21 21 -5 1 -1 5   8 1 3 2 4 5 6 7   2.0
1   2   21 21 21 21 -5 2 -2 5   8 1 3 2 4 5 6 7   2.0
1   2   21 21 21 21 -5 3 -3 5   8 1 3 2 4 5 6 7   2.0
1   2   21 21 21 21 -5 4 -4 5   8 1 3 2 4 5 6 7   2.0
1   2   21 21 21 21 -5 5 -1 1   8 1 3 2 4 5 6 7   2.0
1   2   21 21 21 21 -5 5 -2 2   8 1 3 2 4 5 6 7   2.0
1   2   21 21 21 21 -5 5 -3 3   8 1 3 2 4 5 6 7   2.0
1   2   21 21 21 21 -5 5 -4 4   8 1 3 2 4 5 6 7   2.0
1   2   -1 -1 -1 21 21 21 21 -1   1 3 2 4 5 6 7 8   48.0
1   2   -1 1 21 1 21 21 21 -1   1 3 2 4 5 6 7 8   24.0
1   2   -1 21 21 -1 1 21 21 -1   1 3 2 4 5 6 7 8   12.0
1   2   -1 21 21 21 -1 1 21 -1   1 3 2 4 5 6 7 8   12.0
1   2   -1 21 21 21 21 -1 1 -1   1 3 2 4 5 6 7 8   12.0
1   2   -2 -2 -2 21 21 21 21 -2   1 3 2 4 5 6 7 8   48.0
1   2   -2 2 21 2 21 21 21 -2   1 3 2 4 5 6 7 8   24.0
1   2   -2 21 21 -2 2 21 21 -2   1 3 2 4 5 6 7 8   12.0
1   2   -2 21 21 21 -2 2 21 -2   1 3 2 4 5 6 7 8   12.0
1   2   -2 21 21 21 21 -2 2 -2   1 3 2 4 5 6 7 8   12.0
1   2   -3 -3 -3 21 21 21 21 -3   1 3 2 4 5 6 7 8   48.0
1   2   -3 3 21 3 21 21 21 -3   1 3 2 4 5 6 7 8   24.0
1   2   -3 21 21 -3 3 21 21 -3   1 3 2 4 5 6 7 8   12.0
1   2   -3 21 21 21 -3 3 21 -3   1 3 2 4 5 6 7 8   12.0
1   2   -3 21 21 21 21 -3 3 -3   1 3 2 4 5 6 7 8   12.0
1   2   -4 -4 -4 21 21 21 21 -4   1 3 2 4 5 6 7 8   48.0
1   2   -4 4 21 4 21 21 21 -4   1 3 2 4 5 6 7 8   24.0
1   2   -4 21 21 -4 4 21 21 -4   1 3 2 4 5 6 7 8   12.0
1   2   -4 21 21 21 -4 4 21 -4   1 3 2 4 5 6 7 8   12.0
1   2   -4 21 21 21 21 -4 4 -4   1 3 2 4 5 6 7 8   12.0
1   2   -5 -5 -5 21 21 21 21 -5   1 3 2 4 5 6 7 8   48.0
1   2   -5 5 21 5 21 21 21 -5   1 3 2 4 5 6 7 8   24.0
1   2   -5 21 21 -5 5 21 21 -5   1 3 2 4 5 6 7 8   12.0
1   2   -5 21 21 21 -5 5 21 -5   1 3 2 4 5 6 7 8   12.0
1   2   -5 21 21 21 21 -5 5 -5   1 3 2 4 5 6 7 8   12.0
1   2   1 1 1 1 21 21 21 21   4 5 6 7 8 1 3 2   48.0
1   2   1 21 1 -1 1 21 21 21   5 6 7 8 1 3 2 4   12.0
1   2   1 21 1 21 -1 1 21 21   6 7 8 1 3 2 4 5   12.0
1   2   1 21 1 21 21 -1 1 21   7 8 1 3 2 4 5 6   12.0
1   2   1 21 1 21 21 21 -1 1   8 1 3 2 4 5 6 7   12.0
1   2   2 2 2 2 21 21 21 21   4 5 6 7 8 1 3 2   48.0
1   2   2 21 2 -2 2 21 21 21   5 6 7 8 1 3 2 4   12.0
1   2   2 21 2 21 -2 2 21 21   6 7 8 1 3 2 4 5   12.0
1   2   2 21 2 21 21 -2 2 21   7 8 1 3 2 4 5 6   12.0
1   2   2 21 2 21 21 21 -2 2   8 1 3 2 4 5 6 7   12.0
1   2   3 3 3 3 21 21 21 21   4 5 6 7 8 1 3 2   48.0
1   2   3 21 3 -3 3 21 21 21   5 6 7 8 1 3 2 4   12.0
1   2   3 21 3 21 -3 3 21 21   6 7 8 1 3 2 4 5   12.0
1   2   3 21 3 21 21 -3 3 21   7 8 1 3 2 4 5 6   12.0
1   2   3 21 3 21 21 21 -3 3   8 1 3 2 4 5 6 7   12.0
1   2   4 4 4 4 21 21 21 21   4 5 6 7 8 1 3 2   48.0
1   2   4 21 4 -4 4 21 21 21   5 6 7 8 1 3 2 4   12.0
1   2   4 21 4 21 -4 4 21 21   6 7 8 1 3 2 4 5   12.0
1   2   4 21 4 21 21 -4 4 21   7 8 1 3 2 4 5 6   12.0
1   2   4 21 4 21 21 21 -4 4   8 1 3 2 4 5 6 7   12.0
1   2   5 5 5 5 21 21 21 21   4 5 6 7 8 1 3 2   48.0
1   2   5 21 5 -5 5 21 21 21   5 6 7 8 1 3 2 4   12.0
1   2   5 21 5 21 -5 5 21 21   6 7 8 1 3 2 4 5   12.0
1   2   5 21 5 21 21 -5 5 21   7 8 1 3 2 4 5 6   12.0
1   2   5 21 5 21 21 21 -5 5   8 1 3 2 4 5 6 7   12.0
1   2   21 -1 -1 -1 1 21 21 21   5 6 7 8 1 3 2 4   12.0
1   2   21 -1 -1 21 -1 1 21 21   6 7 8 1 3 2 4 5   12.0
1   2   21 -1 -1 21 21 -1 1 21   7 8 1 3 2 4 5 6   12.0
1   2   21 -1 -1 21 21 21 -1 1   8 1 3 2 4 5 6 7   12.0
1   2   21 -2 -2 -2 2 21 21 21   5 6 7 8 1 3 2 4   12.0
1   2   21 -2 -2 21 -2 2 21 21   6 7 8 1 3 2 4 5   12.0
1   2   21 -2 -2 21 21 -2 2 21   7 8 1 3 2 4 5 6   12.0
1   2   21 -2 -2 21 21 21 -2 2   8 1 3 2 4 5 6 7   12.0
1   2   21 -3 -3 -3 3 21 21 21   5 6 7 8 1 3 2 4   12.0
1   2   21 -3 -3 21 -3 3 21 21   6 7 8 1 3 2 4 5   12.0
1   2   21 -3 -3 21 21 -3 3 21   7 8 1 3 2 4 5 6   12.0
1   2   21 -3 -3 21 21 21 -3 3   8 1 3 2 4 5 6 7   12.0
1   2   21 -4 -4 -4 4 21 21 21   5 6 7 8 1 3 2 4   12.0
1   2   21 -4 -4 21 -4 4 21 21   6 7 8 1 3 2 4 5   12.0
1   2   21 -4 -4 21 21 -4 4 21   7 8 1 3 2 4 5 6   12.0
1   2   21 -4 -4 21 21 21 -4 4   8 1 3 2 4 5 6 7   12.0
1   2   21 -5 -5 -5 5 21 21 21   5 6 7 8 1 3 2 4   12.0
1   2   21 -5 -5 21 -5 5 21 21   6 7 8 1 3 2 4 5   12.0
1   2   21 -5 -5 21 21 -5 5 21   7 8 1 3 2 4 5 6   12.0
1   2   21 -5 -5 21 21 21 -5 5   8 1 3 2 4 5 6 7   12.0
1   2   21 1 21 1 -1 1 21 21   6 7 8 1 3 2 4 5   12.0
1   2   21 1 21 1 21 -1 1 21   7 8 1 3 2 4 5 6   12.0
1   2   21 1 21 1 21 21 -1 1   8 1 3 2 4 5 6 7   12.0
1   2   21 2 21 2 -2 2 21 21   6 7 8 1 3 2 4 5   12.0
1   2   21 2 21 2 21 -2 2 21   7 8 1 3 2 4 5 6   12.0
1   2   21 2 21 2 21 21 -2 2   8 1 3 2 4 5 6 7   12.0
1   2   21 3 21 3 -3 3 21 21   6 7 8 1 3 2 4 5   12.0
1   2   21 3 21 3 21 -3 3 21   7 8 1 3 2 4 5 6   12.0
1   2   21 3 21 3 21 21 -3 3   8 1 3 2 4 5 6 7   12.0
1   2   21 4 21 4 -4 4 21 21   6 7 8 1 3 2 4 5   12.0
1   2   21 4 21 4 21 -4 4 21   7 8 1 3 2 4 5 6   12.0
1   2   21 4 21 4 21 21 -4 4   8 1 3 2 4 5 6 7   12.0
1   2   21 5 21 5 -5 5 21 21   6 7 8 1 3 2 4 5   12.0
1   2   21 5 21 5 21 -5 5 21   7 8 1 3 2 4 5 6   12.0
1   2   21 5 21 5 21 21 -5 5   8 1 3 2 4 5 6 7   12.0
1   2   21 21 21 -1 1 -1 1 21   7 8 1 3 2 4 5 6   8.0
1   2   21 21 21 -1 1 21 -1 1   8 1 3 2 4 5 6 7   8.0
1   2   21 21 21 -2 2 -2 2 21   7 8 1 3 2 4 5 6   8.0
1   2   21 21 21 -2 2 21 -2 2   8 1 3 2 4 5 6 7   8.0
1   2   21 21 21 -3 3 -3 3 21   7 8 1 3 2 4 5 6   8.0
1   2   21 21 21 -3 3 21 -3 3   8 1 3 2 4 5 6 7   8.0
1   2   21 21 21 -4 4 -4 4 21   7 8 1 3 2 4 5 6   8.0
1   2   21 21 21 -4 4 21 -4 4   8 1 3 2 4 5 6 7   8.0
1   2   21 21 21 -5 5 -5 5 21   7 8 1 3 2 4 5 6   8.0
1   2   21 21 21 -5 5 21 -5 5   8 1 3 2 4 5 6 7   8.0
1   2   21 21 21 21 -1 1 -1 1   8 1 3 2 4 5 6 7   8.0
1   2   21 21 21 21 -2 2 -2 2   8 1 3 2 4 5 6 7   8.0
1   2   21 21 21 21 -3 3 -3 3   8 1 3 2 4 5 6 7   8.0
1   2   21 21 21 21 -4 4 -4 4   8 1 3 2 4 5 6 7   8.0
1   2   21 21 21 21 -5 5 -5 5   8 1 3 2 4 5 6 7   8.0



3   941   1   1 3 4 2 5 6 7 8
1   3   21 21 21 21 21 21 21 21   1 3 4 2 5 6 7 8   720.0
1   3   -1 21 21 21 21 21 21 -1   1 3 4 2 5 6 7 8   120.0
1   3   -2 21 21 21 21 21 21 -2   1 3 4 2 5 6 7 8   120.0
1   3   -3 21 21 21 21 21 21 -3   1 3 4 2 5 6 7 8   120.0
1   3   -4 21 21 21 21 21 21 -4   1 3 4 2 5 6 7 8   120.0
1   3   -5 21 21 21 21 21 21 -5   1 3 4 2 5 6 7 8   120.0
1   3   1 21 1 21 21 21 21 21   3 4 2 5 6 7 8 1   120.0
1   3   2 21 2 21 21 21 21 21   3 4 2 5 6 7 8 1   120.0
1   3   3 21 3 21 21 21 21 21   3 4 2 5 6 7 8 1   120.0
1   3   4 21 4 21 21 21 21 21   3 4 2 5 6 7 8 1   120.0
1   3   5 21 5 21 21 21 21 21   3 4 2 5 6 7 8 1   120.0
1   3   21 -1 21 -1 21 21 21 21   2 5 6 7 8 1 3 4   120.0
1   3   21 -2 21 -2 21 21 21 21   2 5 6 7 8 1 3 4   120.0
1   3   21 -3 21 -3 21 21 21 21   2 5 6 7 8 1 3 4   120.0
1   3   21 -4 21 -4 21 21 21 21   2 5 6 7 8 1 3 4   120.0
1   3   21 -5 21 -5 21 21 21 21   2 5 6 7 8 1 3 4   120.0
1   3   21 1 21 21 1 21 21 21   5 6 7 8 1 3 4 2   120.0
1   3   21 2 21 21 2 21 21 21   5 6 7 8 1 3 4 2   120.0
1   3   21 3 21 21 3 21 21 21   5 6 7 8 1 3 4 2   120.0
1   3   21 4 21 21 4 21 21 21   5 6 7 8 1 3 4 2   120.0
1   3   21 5 21 21 5 21 21 21   5 6 7 8 1 3 4 2   120.0
1   3   21 21 -1 1 21 21 21 21   4 2 5 6 7 8 1 3   24.0
1   3   21 21 -2 2 21 21 21 21   4 2 5 6 7 8 1 3   24.0
1   3   21 21 -3 3 21 21 21 21   4 2 5 6 7 8 1 3   24.0
1   3   21 21 -4 4 21 21 21 21   4 2 5 6 7 8 1 3   24.0
1   3   21 21 -5 5 21 21 21 21   4 2 5 6 7 8 1 3   24.0
1   3   21 21 21 21 -1 1 21 21   6 7 8 1 3 4 2 5   24.0
1   3   21 21 21 21 -2 2 21 21   6 7 8 1 3 4 2 5   24.0
1   3   21 21 21 21 -3 3 21 21   6 7 8 1 3 4 2 5   24.0
1   3   21 21 21 21 -4 4 21 21   6 7 8 1 3 4 2 5   24.0
1   3   21 21 21 21 -5 5 21 21   6 7 8 1 3 4 2 5   24.0
1   3   21 21 21 21 21 -1 1 21   7 8 1 3 4 2 5 6   24.0
1   3   21 21 21 21 21 -2 2 21   7 8 1 3 4 2 5 6   24.0
1   3   21 21 21 21 21 -3 3 21   7 8 1 3 4 2 5 6   24.0
1   3   21 21 21 21 21 -4 4 21   7 8 1 3 4 2 5 6   24.0
1   3   21 21 21 21 21 -5 5 21   7 8 1 3 4 2 5 6   24.0
1   3   21 21 21 21 21 21 -1 1   8 1 3 4 2 5 6 7   24.0
1   3   21 21 21 21 21 21 -2 2   8 1 3 4 2 5 6 7   24.0
1   3   21 21 21 21 21 21 -3 3   8 1 3 4 2 5 6 7   24.0
1   3   21 21 21 21 21 21 -4 4   8 1 3 4 2 5 6 7   24.0
1   3   21 21 21 21 21 21 -5 5   8 1 3 4 2 5 6 7   24.0
1   3   -1 -2 21 -1 21 21 21 -2   1 3 4 2 5 6 7 8   24.0
1   3   -1 -2 21 -2 21 21 21 -1   1 3 4 2 5 6 7 8   24.0
1   3   -1 -3 21 -1 21 21 21 -3   1 3 4 2 5 6 7 8   24.0
1   3   -1 -3 21 -3 21 21 21 -1   1 3 4 2 5 6 7 8   24.0
1   3   -1 -4 21 -1 21 21 21 -4   1 3 4 2 5 6 7 8   24.0
1   3   -1 -4 21 -4 21 21 21 -1   1 3 4 2 5 6 7 8   24.0
1   3   -1 -5 21 -1 21 21 21 -5   1 3 4 2 5 6 7 8   24.0
1   3   -1 -5 21 -5 21 21 21 -1   1 3 4 2 5 6 7 8   24.0
1   3   -1 1 21 21 2 21 21 -2   1 3 4 2 5 6 7 8   24.0
1   3   -1 1 21 21 3 21 21 -3   1 3 4 2 5 6 7 8   24.0
1   3   -1 1 21 21 4 21 21 -4   1 3 4 2 5 6 7 8   24.0
1   3   -1 1 21 21 5 21 21 -5   1 3 4 2 5 6 7 8   24.0
1   3   -1 2 21 21 2 21 21 -1   1 3 4 2 5 6 7 8   24.0
1   3   -1 3 21 21 3 21 21 -1   1 3 4 2 5 6 7 8   24.0
1   3   -1 4 21 21 4 21 21 -1   1 3 4 2 5 6 7 8   24.0
1   3   -1 5 21 21 5 21 21 -1   1 3 4 2 5 6 7 8   24.0
1   3   -1 21 -1 2 21 21 21 -2   1 3 4 2 5 6 7 8   6.0
1   3   -1 21 -1 3 21 21 21 -3   1 3 4 2 5 6 7 8   6.0
1   3   -1 21 -1 4 21 21 21 -4   1 3 4 2 5 6 7 8   6.0
1   3   -1 21 -1 5 21 21 21 -5   1 3 4 2 5 6 7 8   6.0
1   3   -1 21 -2 2 21 21 21 -1   1 3 4 2 5 6 7 8   6.0
1   3   -1 21 -3 3 21 21 21 -1   1 3 4 2 5 6 7 8   6.0
1   3   -1 21 -4 4 21 21 21 -1   1 3 4 2 5 6 7 8   6.0
1   3   -1 21 -5 5 21 21 21 -1   1 3 4 2 5 6 7 8   6.0
1   3   -1 21 21 21 -1 2 21 -2   1 3 4 2 5 6 7 8   6.0
1   3   -1 21 21 21 -1 3 21 -3   1 3 4 2 5 6 7 8   6.0
1   3   -1 21 21 21 -1 4 21 -4   1 3 4 2 5 6 7 8   6.0
1   3   -1 21 21 21 -1 5 21 -5   1 3 4 2 5 6 7 8   6.0
1   3   -1 21 21 21 -2 2 21 -1   1 3 4 2 5 6 7 8   6.0
1   3   -1 21 21 21 -3 3 21 -1   1 3 4 2 5 6 7 8   6.0
1   3   -1 21 21 21 -4 4 21 -1   1 3 4 2 5 6 7 8   6.0
1   3   -1 21 21 21 -5 5 21 -1   1 3 4 2 5 6 7 8   6.0
1   3   -1 21 21 21 21 -1 2 -2   1 3 4 2 5 6 7 8   6.0
1   3   -1 21 21 21 21 -1 3 -3   1 3 4 2 5 6 7 8   6.0
1   3   -1 21 21 21 21 -1 4 -4   1 3 4 2 5 6 7 8   6.0
1   3   -1 21 21 21 21 -1 5 -5   1 3 4 2 5 6 7 8   6.0
1   3   -1 21 21 21 21 -2 2 -1   1 3 4 2 5 6 7 8   6.0
1   3   -1 21 21 21 21 -3 3 -1   1 3 4 2 5 6 7 8   6.0
1   3   -1 21 21 21 21 -4 4 -1   1 3 4 2 5 6 7 8   6.0
1   3   -1 21 21 21 21 -5 5 -1   1 3 4 2 5 6 7 8   6.0
1   3   -2 -1 21 -1 21 21 21 -2   1 3 4 2 5 6 7 8   24.0
1   3   -2 -1 21 -2 21 21 21 -1   1 3 4 2 5 6 7 8   24.0
1   3   -2 -3 21 -2 21 21 21 -3   1 3 4 2 5 6 7 8   24.0
1   3   -2 -3 21 -3 21 21 21 -2   1 3 4 2 5 6 7 8   24.0
1   3   -2 -4 21 -2 21 21 21 -4   1 3 4 2 5 6 7 8   24.0
1   3   -2 -4 21 -4 21 21 21 -2   1 3 4 2 5 6 7 8   24.0
1   3   -2 -5 21 -2 21 21 21 -5   1 3 4 2 5 6 7 8   24.0
1   3   -2 -5 21 -5 21 21 21 -2   1 3 4 2 5 6 7 8   24.0
1   3   -2 1 21 21 1 21 21 -2   1 3 4 2 5 6 7 8   24.0
1   3   -2 2 21 21 1 21 21 -1   1 3 4 2 5 6 7 8   24.0
1   3   -2 2 21 21 3 21 21 -3   1 3 4 2 5 6 7 8   24.0
1   3   -2 2 21 21 4 21 21 -4   1 3 4 2 5 6 7 8   24.0
1   3   -2 2 21 21 5 21 21 -5   1 3 4 2 5 6 7 8   24.0
1   3   -2 3 21 21 3 21 21 -2   1 3 4 2 5 6 7 8   24.0
1   3   -2 4 21 21 4 21 21 -2   1 3 4 2 5 6 7 8   24.0
1   3   -2 5 21 21 5 21 21 -2   1 3 4 2 5 6 7 8   24.0
1   3   -2 21 -1 1 21 21 21 -2   1 3 4 2 5 6 7 8   6.0
1   3   -2 21 -2 1 21 21 21 -1   1 3 4 2 5 6 7 8   6.0
1   3   -2 21 -2 3 21 21 21 -3   1 3 4 2 5 6 7 8   6.0
1   3   -2 21 -2 4 21 21 21 -4   1 3 4 2 5 6 7 8   6.0
1   3   -2 21 -2 5 21 21 21 -5   1 3 4 2 5 6 7 8   6.0
1   3   -2 21 -3 3 21 21 21 -2   1 3 4 2 5 6 7 8   6.0
1   3   -2 21 -4 4 21 21 21 -2   1 3 4 2 5 6 7 8   6.0
1   3   -2 21 -5 5 21 21 21 -2   1 3 4 2 5 6 7 8   6.0
1   3   -2 21 21 21 -1 1 21 -2   1 3 4 2 5 6 7 8   6.0
1   3   -2 21 21 21 -2 1 21 -1   1 3 4 2 5 6 7 8   6.0
1   3   -2 21 21 21 -2 3 21 -3   1 3 4 2 5 6 7 8   6.0
1   3   -2 21 21 21 -2 4 21 -4   1 3 4 2 5 6 7 8   6.0
1   3   -2 21 21 21 -2 5 21 -5   1 3 4 2 5 6 7 8   6.0
1   3   -2 21 21 21 -3 3 21 -2   1 3 4 2 5 6 7 8   6.0
1   3   -2 21 21 21 -4 4 21 -2   1 3 4 2 5 6 7 8   6.0
1   3   -2 21 21 21 -5 5 21 -2   1 3 4 2 5 6 7 8   6.0
1   3   -2 21 21 21 21 -1 1 -2   1 3 4 2 5 6 7 8   6.0
1   3   -2 21 21 21 21 -2 1 -1   1 3 4 2 5 6 7 8   6.0
1   3   -2 21 21 21 21 -2 3 -3   1 3 4 2 5 6 7 8   6.0
1   3   -2 21 21 21 21 -2 4 -4   1 3 4 2 5 6 7 8   6.0
1   3   -2 21 21 21 21 -2 5 -5   1 3 4 2 5 6 7 8   6.0
1   3   -2 21 21 21 21 -3 3 -2   1 3 4 2 5 6 7 8   6.0
1   3   -2 21 21 21 21 -4 4 -2   1 3 4 2 5 6 7 8   6.0
1   3   -2 21 21 21 21 -5 5 -2   1 3 4 2 5 6 7 8   6.0
1   3   -3 -1 21 -1 21 21 21 -3   1 3 4 2 5 6 7 8   24.0
1   3   -3 -1 21 -3 21 21 21 -1   1 3 4 2 5 6 7 8   24.0
1   3   -3 -2 21 -2 21 21 21 -3   1 3 4 2 5 6 7 8   24.0
1   3   -3 -2 21 -3 21 21 21 -2   1 3 4 2 5 6 7 8   24.0
1   3   -3 -4 21 -3 21 21 21 -4   1 3 4 2 5 6 7 8   24.0
1   3   -3 -4 21 -4 21 21 21 -3   1 3 4 2 5 6 7 8   24.0
1   3   -3 -5 21 -3 21 21 21 -5   1 3 4 2 5 6 7 8   24.0
1   3   -3 -5 21 -5 21 21 21 -3   1 3 4 2 5 6 7 8   24.0
1   3   -3 1 21 21 1 21 21 -3   1 3 4 2 5 6 7 8   24.0
1   3   -3 2 21 21 2 21 21 -3   1 3 4 2 5 6 7 8   24.0
1   3   -3 3 21 21 1 21 21 -1   1 3 4 2 5 6 7 8   24.0
1   3   -3 3 21 21 2 21 21 -2   1 3 4 2 5 6 7 8   24.0
1   3   -3 3 21 21 4 21 21 -4   1 3 4 2 5 6 7 8   24.0
1   3   -3 3 21 21 5 21 21 -5   1 3 4 2 5 6 7 8   24.0
1   3   -3 4 21 21 4 21 21 -3   1 3 4 2 5 6 7 8   24.0
1   3   -3 5 21 21 5 21 21 -3   1 3 4 2 5 6 7 8   24.0
1   3   -3 21 -1 1 21 21 21 -3   1 3 4 2 5 6 7 8   6.0
1   3   -3 21 -2 2 21 21 21 -3   1 3 4 2 5 6 7 8   6.0
1   3   -3 21 -3 1 21 21 21 -1   1 3 4 2 5 6 7 8   6.0
1   3   -3 21 -3 2 21 21 21 -2   1 3 4 2 5 6 7 8   6.0
1   3   -3 21 -3 4 21 21 21 -4   1 3 4 2 5 6 7 8   6.0
1   3   -3 21 -3 5 21 21 21 -5   1 3 4 2 5 6 7 8   6.0
1   3   -3 21 -4 4 21 21 21 -3   1 3 4 2 5 6 7 8   6.0
1   3   -3 21 -5 5 21 21 21 -3   1 3 4 2 5 6 7 8   6.0
1   3   -3 21 21 21 -1 1 21 -3   1 3 4 2 5 6 7 8   6.0
1   3   -3 21 21 21 -2 2 21 -3   1 3 4 2 5 6 7 8   6.0
1   3   -3 21 21 21 -3 1 21 -1   1 3 4 2 5 6 7 8   6.0
1   3   -3 21 21 21 -3 2 21 -2   1 3 4 2 5 6 7 8   6.0
1   3   -3 21 21 21 -3 4 21 -4   1 3 4 2 5 6 7 8   6.0
1   3   -3 21 21 21 -3 5 21 -5   1 3 4 2 5 6 7 8   6.0
1   3   -3 21 21 21 -4 4 21 -3   1 3 4 2 5 6 7 8   6.0
1   3   -3 21 21 21 -5 5 21 -3   1 3 4 2 5 6 7 8   6.0
1   3   -3 21 21 21 21 -1 1 -3   1 3 4 2 5 6 7 8   6.0
1   3   -3 21 21 21 21 -2 2 -3   1 3 4 2 5 6 7 8   6.0
1   3   -3 21 21 21 21 -3 1 -1   1 3 4 2 5 6 7 8   6.0
1   3   -3 21 21 21 21 -3 2 -2   1 3 4 2 5 6 7 8   6.0
1   3   -3 21 21 21 21 -3 4 -4   1 3 4 2 5 6 7 8   6.0
1   3   -3 21 21 21 21 -3 5 -5   1 3 4 2 5 6 7 8   6.0
1   3   -3 21 21 21 21 -4 4 -3   1 3 4 2 5 6 7 8   6.0
1   3   -3 21 21 21 21 -5 5 -3   1 3 4 2 5 6 7 8   6.0
1   3   -4 -1 21 -1 21 21 21 -4   1 3 4 2 5 6 7 8   24.0
1   3   -4 -1 21 -4 21 21 21 -1   1 3 4 2 5 6 7 8   24.0
1   3   -4 -2 21 -2 21 21 21 -4   1 3 4 2 5 6 7 8   24.0
1   3   -4 -2 21 -4 21 21 21 -2   1 3 4 2 5 6 7 8   24.0
1   3   -4 -3 21 -3 21 21 21 -4   1 3 4 2 5 6 7 8   24.0
1   3   -4 -3 21 -4 21 21 21 -3   1 3 4 2 5 6 7 8   24.0
1   3   -4 -5 21 -4 21 21 21 -5   1 3 4 2 5 6 7 8   24.0
1   3   -4 -5 21 -5 21 21 21 -4   1 3 4 2 5 6 7 8   24.0
1   3   -4 1 21 21 1 21 21 -4   1 3 4 2 5 6 7 8   24.0
1   3   -4 2 21 21 2 21 21 -4   1 3 4 2 5 6 7 8   24.0
1   3   -4 3 21 21 3 21 21 -4   1 3 4 2 5 6 7 8   24.0
1   3   -4 4 21 21 1 21 21 -1   1 3 4 2 5 6 7 8   24.0
1   3   -4 4 21 21 2 21 21 -2   1 3 4 2 5 6 7 8   24.0
1   3   -4 4 21 21 3 21 21 -3   1 3 4 2 5 6 7 8   24.0
1   3   -4 4 21 21 5 21 21 -5   1 3 4 2 5 6 7 8   24.0
1   3   -4 5 21 21 5 21 21 -4   1 3 4 2 5 6 7 8   24.0
1   3   -4 21 -1 1 21 21 21 -4   1 3 4 2 5 6 7 8   6.0
1   3   -4 21 -2 2 21 21 21 -4   1 3 4 2 5 6 7 8   6.0
1   3   -4 21 -3 3 21 21 21 -4   1 3 4 2 5 6 7 8   6.0
1   3   -4 21 -4 1 21 21 21 -1   1 3 4 2 5 6 7 8   6.0
1   3   -4 21 -4 2 21 21 21 -2   1 3 4 2 5 6 7 8   6.0
1   3   -4 21 -4 3 21 21 21 -3   1 3 4 2 5 6 7 8   6.0
1   3   -4 21 -4 5 21 21 21 -5   1 3 4 2 5 6 7 8   6.0
1   3   -4 21 -5 5 21 21 21 -4   1 3 4 2 5 6 7 8   6.0
1   3   -4 21 21 21 -1 1 21 -4   1 3 4 2 5 6 7 8   6.0
1   3   -4 21 21 21 -2 2 21 -4   1 3 4 2 5 6 7 8   6.0
1   3   -4 21 21 21 -3 3 21 -4   1 3 4 2 5 6 7 8   6.0
1   3   -4 21 21 21 -4 1 21 -1   1 3 4 2 5 6 7 8   6.0
1   3   -4 21 21 21 -4 2 21 -2   1 3 4 2 5 6 7 8   6.0
1   3   -4 21 21 21 -4 3 21 -3   1 3 4 2 5 6 7 8   6.0
1   3   -4 21 21 21 -4 5 21 -5   1 3 4 2 5 6 7 8   6.0
1   3   -4 21 21 21 -5 5 21 -4   1 3 4 2 5 6 7 8   6.0
1   3   -4 21 21 21 21 -1 1 -4   1 3 4 2 5 6 7 8   6.0
1   3   -4 21 21 21 21 -2 2 -4   1 3 4 2 5 6 7 8   6.0
1   3   -4 21 21 21 21 -3 3 -4   1 3 4 2 5 6 7 8   6.0
1   3   -4 21 21 21 21 -4 1 -1   1 3 4 2 5 6 7 8   6.0
1   3   -4 21 21 21 21 -4 2 -2   1 3 4 2 5 6 7 8   6.0
1   3   -4 21 21 21 21 -4 3 -3   1 3 4 2 5 6 7 8   6.0
1   3   -4 21 21 21 21 -4 5 -5   1 3 4 2 5 6 7 8   6.0
1   3   -4 21 21 21 21 -5 5 -4   1 3 4 2 5 6 7 8   6.0
1   3   -5 -1 21 -1 21 21 21 -5   1 3 4 2 5 6 7 8   24.0
1   3   -5 -1 21 -5 21 21 21 -1   1 3 4 2 5 6 7 8   24.0
1   3   -5 -2 21 -2 21 21 21 -5   1 3 4 2 5 6 7 8   24.0
1   3   -5 -2 21 -5 21 21 21 -2   1 3 4 2 5 6 7 8   24.0
1   3   -5 -3 21 -3 21 21 21 -5   1 3 4 2 5 6 7 8   24.0
1   3   -5 -3 21 -5 21 21 21 -3   1 3 4 2 5 6 7 8   24.0
1   3   -5 -4 21 -4 21 21 21 -5   1 3 4 2 5 6 7 8   24.0
1   3   -5 -4 21 -5 21 21 21 -4   1 3 4 2 5 6 7 8   24.0
1   3   -5 1 21 21 1 21 21 -5   1 3 4 2 5 6 7 8   24.0
1   3   -5 2 21 21 2 21 21 -5   1 3 4 2 5 6 7 8   24.0
1   3   -5 3 21 21 3 21 21 -5   1 3 4 2 5 6 7 8   24.0
1   3   -5 4 21 21 4 21 21 -5   1 3 4 2 5 6 7 8   24.0
1   3   -5 5 21 21 1 21 21 -1   1 3 4 2 5 6 7 8   24.0
1   3   -5 5 21 21 2 21 21 -2   1 3 4 2 5 6 7 8   24.0
1   3   -5 5 21 21 3 21 21 -3   1 3 4 2 5 6 7 8   24.0
1   3   -5 5 21 21 4 21 21 -4   1 3 4 2 5 6 7 8   24.0
1   3   -5 21 -1 1 21 21 21 -5   1 3 4 2 5 6 7 8   6.0
1   3   -5 21 -2 2 21 21 21 -5   1 3 4 2 5 6 7 8   6.0
1   3   -5 21 -3 3 21 21 21 -5   1 3 4 2 5 6 7 8   6.0
1   3   -5 21 -4 4 21 21 21 -5   1 3 4 2 5 6 7 8   6.0
1   3   -5 21 -5 1 21 21 21 -1   1 3 4 2 5 6 7 8   6.0
1   3   -5 21 -5 2 21 21 21 -2   1 3 4 2 5 6 7 8   6.0
1   3   -5 21 -5 3 21 21 21 -3   1 3 4 2 5 6 7 8   6.0
1   3   -5 21 -5 4 21 21 21 -4   1 3 4 2 5 6 7 8   6.0
1   3   -5 21 21 21 -1 1 21 -5   1 3 4 2 5 6 7 8   6.0
1   3   -5 21 21 21 -2 2 21 -5   1 3 4 2 5 6 7 8   6.0
1   3   -5 21 21 21 -3 3 21 -5   1 3 4 2 5 6 7 8   6.0
1   3   -5 21 21 21 -4 4 21 -5   1 3 4 2 5 6 7 8   6.0
1   3   -5 21 21 21 -5 1 21 -1   1 3 4 2 5 6 7 8   6.0
1   3   -5 21 21 21 -5 2 21 -2   1 3 4 2 5 6 7 8   6.0
1   3   -5 21 21 21 -5 3 21 -3   1 3 4 2 5 6 7 8   6.0
1   3   -5 21 21 21 -5 4 21 -4   1 3 4 2 5 6 7 8   6.0
1   3   -5 21 21 21 21 -1 1 -5   1 3 4 2 5 6 7 8   6.0
1   3   -5 21 21 21 21 -2 2 -5   1 3 4 2 5 6 7 8   6.0
1   3   -5 21 21 21 21 -3 3 -5   1 3 4 2 5 6 7 8   6.0
1   3   -5 21 21 21 21 -4 4 -5   1 3 4 2 5 6 7 8   6.0
1   3   -5 21 21 21 21 -5 1 -1   1 3 4 2 5 6 7 8   6.0
1   3   -5 21 21 21 21 -5 2 -2   1 3 4 2 5 6 7 8   6.0
1   3   -5 21 21 21 21 -5 3 -3   1 3 4 2 5 6 7 8   6.0
1   3   -5 21 21 21 21 -5 4 -4   1 3 4 2 5 6 7 8   6.0
1   3   1 -1 2 -2 21 21 21 21   2 5 6 7 8 1 3 4   24.0
1   3   1 -1 3 -3 21 21 21 21   2 5 6 7 8 1 3 4   24.0
1   3   1 -1 4 -4 21 21 21 21   2 5 6 7 8 1 3 4   24.0
1   3   1 -1 5 -5 21 21 21 21   2 5 6 7 8 1 3 4   24.0
1   3   1 -2 1 -2 21 21 21 21   2 5 6 7 8 1 3 4   24.0
1   3   1 -3 1 -3 21 21 21 21   2 5 6 7 8 1 3 4   24.0
1   3   1 -4 1 -4 21 21 21 21   2 5 6 7 8 1 3 4   24.0
1   3   1 -5 1 -5 21 21 21 21   2 5 6 7 8 1 3 4   24.0
1   3   1 2 1 21 2 21 21 21   5 6 7 8 1 3 4 2   24.0
1   3   1 2 2 21 1 21 21 21   5 6 7 8 1 3 4 2   24.0
1   3   1 3 1 21 3 21 21 21   5 6 7 8 1 3 4 2   24.0
1   3   1 3 3 21 1 21 21 21   5 6 7 8 1 3 4 2   24.0
1   3   1 4 1 21 4 21 21 21   5 6 7 8 1 3 4 2   24.0
1   3   1 4 4 21 1 21 21 21   5 6 7 8 1 3 4 2   24.0
1   3   1 5 1 21 5 21 21 21   5 6 7 8 1 3 4 2   24.0
1   3   1 5 5 21 1 21 21 21   5 6 7 8 1 3 4 2   24.0
1   3   1 21 1 21 -2 2 21 21   6 7 8 1 3 4 2 5   6.0
1   3   1 21 1 21 -3 3 21 21   6 7 8 1 3 4 2 5   6.0
1   3   1 21 1 21 -4 4 21 21   6 7 8 1 3 4 2 5   6.0
1   3   1 21 1 21 -5 5 21 21   6 7 8 1 3 4 2 5   6.0
1   3   1 21 1 21 21 -2 2 21   7 8 1 3 4 2 5 6   6.0
1   3   1 21 1 21 21 -3 3 21   7 8 1 3 4 2 5 6   6.0
1   3   1 21 1 21 21 -4 4 21   7 8 1 3 4 2 5 6   6.0
1   3   1 21 1 21 21 -5 5 21   7 8 1 3 4 2 5 6   6.0
1   3   1 21 1 21 21 21 -2 2   8 1 3 4 2 5 6 7   6.0
1   3   1 21 1 21 21 21 -3 3   8 1 3 4 2 5 6 7   6.0
1   3   1 21 1 21 21 21 -4 4   8 1 3 4 2 5 6 7   6.0
1   3   1 21 1 21 21 21 -5 5   8 1 3 4 2 5 6 7   6.0
1   3   1 21 2 21 -2 1 21 21   6 7 8 1 3 4 2 5   6.0
1   3   1 21 2 21 21 -2 1 21   7 8 1 3 4 2 5 6   6.0
1   3   1 21 2 21 21 21 -2 1   8 1 3 4 2 5 6 7   6.0
1   3   1 21 3 21 -3 1 21 21   6 7 8 1 3 4 2 5   6.0
1   3   1 21 3 21 21 -3 1 21   7 8 1 3 4 2 5 6   6.0
1   3   1 21 3 21 21 21 -3 1   8 1 3 4 2 5 6 7   6.0
1   3   1 21 4 21 -4 1 21 21   6 7 8 1 3 4 2 5   6.0
1   3   1 21 4 21 21 -4 1 21   7 8 1 3 4 2 5 6   6.0
1   3   1 21 4 21 21 21 -4 1   8 1 3 4 2 5 6 7   6.0
1   3   1 21 5 21 -5 1 21 21   6 7 8 1 3 4 2 5   6.0
1   3   1 21 5 21 21 -5 1 21   7 8 1 3 4 2 5 6   6.0
1   3   1 21 5 21 21 21 -5 1   8 1 3 4 2 5 6 7   6.0
1   3   2 -1 2 -1 21 21 21 21   2 5 6 7 8 1 3 4   24.0
1   3   2 -2 1 -1 21 21 21 21   2 5 6 7 8 1 3 4   24.0
1   3   2 -2 3 -3 21 21 21 21   2 5 6 7 8 1 3 4   24.0
1   3   2 -2 4 -4 21 21 21 21   2 5 6 7 8 1 3 4   24.0
1   3   2 -2 5 -5 21 21 21 21   2 5 6 7 8 1 3 4   24.0
1   3   2 -3 2 -3 21 21 21 21   2 5 6 7 8 1 3 4   24.0
1   3   2 -4 2 -4 21 21 21 21   2 5 6 7 8 1 3 4   24.0
1   3   2 -5 2 -5 21 21 21 21   2 5 6 7 8 1 3 4   24.0
1   3   2 1 1 21 2 21 21 21   5 6 7 8 1 3 4 2   24.0
1   3   2 1 2 21 1 21 21 21   5 6 7 8 1 3 4 2   24.0
1   3   2 3 2 21 3 21 21 21   5 6 7 8 1 3 4 2   24.0
1   3   2 3 3 21 2 21 21 21   5 6 7 8 1 3 4 2   24.0
1   3   2 4 2 21 4 21 21 21   5 6 7 8 1 3 4 2   24.0
1   3   2 4 4 21 2 21 21 21   5 6 7 8 1 3 4 2   24.0
1   3   2 5 2 21 5 21 21 21   5 6 7 8 1 3 4 2   24.0
1   3   2 5 5 21 2 21 21 21   5 6 7 8 1 3 4 2   24.0
1   3   2 21 1 21 -1 2 21 21   6 7 8 1 3 4 2 5   6.0
1   3   2 21 1 21 21 -1 2 21   7 8 1 3 4 2 5 6   6.0
1   3   2 21 1 21 21 21 -1 2   8 1 3 4 2 5 6 7   6.0
1   3   2 21 2 21 -1 1 21 21   6 7 8 1 3 4 2 5   6.0
1   3   2 21 2 21 -3 3 21 21   6 7 8 1 3 4 2 5   6.0
1   3   2 21 2 21 -4 4 21 21   6 7 8 1 3 4 2 5   6.0
1   3   2 21 2 21 -5 5 21 21   6 7 8 1 3 4 2 5   6.0
1   3   2 21 2 21 21 -1 1 21   7 8 1 3 4 2 5 6   6.0
1   3   2 21 2 21 21 -3 3 21   7 8 1 3 4 2 5 6   6.0
1   3   2 21 2 21 21 -4 4 21   7 8 1 3 4 2 5 6   6.0
1   3   2 21 2 21 21 -5 5 21   7 8 1 3 4 2 5 6   6.0
1   3   2 21 2 21 21 21 -1 1   8 1 3 4 2 5 6 7   6.0
1   3   2 21 2 21 21 21 -3 3   8 1 3 4 2 5 6 7   6.0
1   3   2 21 2 21 21 21 -4 4   8 1 3 4 2 5 6 7   6.0
1   3   2 21 2 21 21 21 -5 5   8 1 3 4 2 5 6 7   6.0
1   3   2 21 3 21 -3 2 21 21   6 7 8 1 3 4 2 5   6.0
1   3   2 21 3 21 21 -3 2 21   7 8 1 3 4 2 5 6   6.0
1   3   2 21 3 21 21 21 -3 2   8 1 3 4 2 5 6 7   6.0
1   3   2 21 4 21 -4 2 21 21   6 7 8 1 3 4 2 5   6.0
1   3   2 21 4 21 21 -4 2 21   7 8 1 3 4 2 5 6   6.0
1   3   2 21 4 21 21 21 -4 2   8 1 3 4 2 5 6 7   6.0
1   3   2 21 5 21 -5 2 21 21   6 7 8 1 3 4 2 5   6.0
1   3   2 21 5 21 21 -5 2 21   7 8 1 3 4 2 5 6   6.0
1   3   2 21 5 21 21 21 -5 2   8 1 3 4 2 5 6 7   6.0
1   3   3 -1 3 -1 21 21 21 21   2 5 6 7 8 1 3 4   24.0
1   3   3 -2 3 -2 21 21 21 21   2 5 6 7 8 1 3 4   24.0
1   3   3 -3 1 -1 21 21 21 21   2 5 6 7 8 1 3 4   24.0
1   3   3 -3 2 -2 21 21 21 21   2 5 6 7 8 1 3 4   24.0
1   3   3 -3 4 -4 21 21 21 21   2 5 6 7 8 1 3 4   24.0
1   3   3 -3 5 -5 21 21 21 21   2 5 6 7 8 1 3 4   24.0
1   3   3 -4 3 -4 21 21 21 21   2 5 6 7 8 1 3 4   24.0
1   3   3 -5 3 -5 21 21 21 21   2 5 6 7 8 1 3 4   24.0
1   3   3 1 1 21 3 21 21 21   5 6 7 8 1 3 4 2   24.0
1   3   3 1 3 21 1 21 21 21   5 6 7 8 1 3 4 2   24.0
1   3   3 2 2 21 3 21 21 21   5 6 7 8 1 3 4 2   24.0
1   3   3 2 3 21 2 21 21 21   5 6 7 8 1 3 4 2   24.0
1   3   3 4 3 21 4 21 21 21   5 6 7 8 1 3 4 2   24.0
1   3   3 4 4 21 3 21 21 21   5 6 7 8 1 3 4 2   24.0
1   3   3 5 3 21 5 21 21 21   5 6 7 8 1 3 4 2   24.0
1   3   3 5 5 21 3 21 21 21   5 6 7 8 1 3 4 2   24.0
1   3   3 21 1 21 -1 3 21 21   6 7 8 1 3 4 2 5   6.0
1   3   3 21 1 21 21 -1 3 21   7 8 1 3 4 2 5 6   6.0
1   3   3 21 1 21 21 21 -1 3   8 1 3 4 2 5 6 7   6.0
1   3   3 21 2 21 -2 3 21 21   6 7 8 1 3 4 2 5   6.0
1   3   3 21 2 21 21 -2 3 21   7 8 1 3 4 2 5 6   6.0
1   3   3 21 2 21 21 21 -2 3   8 1 3 4 2 5 6 7   6.0
1   3   3 21 3 21 -1 1 21 21   6 7 8 1 3 4 2 5   6.0
1   3   3 21 3 21 -2 2 21 21   6 7 8 1 3 4 2 5   6.0
1   3   3 21 3 21 -4 4 21 21   6 7 8 1 3 4 2 5   6.0
1   3   3 21 3 21 -5 5 21 21   6 7 8 1 3 4 2 5   6.0
1   3   3 21 3 21 21 -1 1 21   7 8 1 3 4 2 5 6   6.0
1   3   3 21 3 21 21 -2 2 21   7 8 1 3 4 2 5 6   6.0
1   3   3 21 3 21 21 -4 4 21   7 8 1 3 4 2 5 6   6.0
1   3   3 21 3 21 21 -5 5 21   7 8 1 3 4 2 5 6   6.0
1   3   3 21 3 21 21 21 -1 1   8 1 3 4 2 5 6 7   6.0
1   3   3 21 3 21 21 21 -2 2   8 1 3 4 2 5 6 7   6.0
1   3   3 21 3 21 21 21 -4 4   8 1 3 4 2 5 6 7   6.0
1   3   3 21 3 21 21 21 -5 5   8 1 3 4 2 5 6 7   6.0
1   3   3 21 4 21 -4 3 21 21   6 7 8 1 3 4 2 5   6.0
1   3   3 21 4 21 21 -4 3 21   7 8 1 3 4 2 5 6   6.0
1   3   3 21 4 21 21 21 -4 3   8 1 3 4 2 5 6 7   6.0
1   3   3 21 5 21 -5 3 21 21   6 7 8 1 3 4 2 5   6.0
1   3   3 21 5 21 21 -5 3 21   7 8 1 3 4 2 5 6   6.0
1   3   3 21 5 21 21 21 -5 3   8 1 3 4 2 5 6 7   6.0
1   3   4 -1 4 -1 21 21 21 21   2 5 6 7 8 1 3 4   24.0
1   3   4 -2 4 -2 21 21 21 21   2 5 6 7 8 1 3 4   24.0
1   3   4 -3 4 -3 21 21 21 21   2 5 6 7 8 1 3 4   24.0
1   3   4 -4 1 -1 21 21 21 21   2 5 6 7 8 1 3 4   24.0
1   3   4 -4 2 -2 21 21 21 21   2 5 6 7 8 1 3 4   24.0
1   3   4 -4 3 -3 21 21 21 21   2 5 6 7 8 1 3 4   24.0
1   3   4 -4 5 -5 21 21 21 21   2 5 6 7 8 1 3 4   24.0
1   3   4 -5 4 -5 21 21 21 21   2 5 6 7 8 1 3 4   24.0
1   3   4 1 1 21 4 21 21 21   5 6 7 8 1 3 4 2   24.0
1   3   4 1 4 21 1 21 21 21   5 6 7 8 1 3 4 2   24.0
1   3   4 2 2 21 4 21 21 21   5 6 7 8 1 3 4 2   24.0
1   3   4 2 4 21 2 21 21 21   5 6 7 8 1 3 4 2   24.0
1   3   4 3 3 21 4 21 21 21   5 6 7 8 1 3 4 2   24.0
1   3   4 3 4 21 3 21 21 21   5 6 7 8 1 3 4 2   24.0
1   3   4 5 4 21 5 21 21 21   5 6 7 8 1 3 4 2   24.0
1   3   4 5 5 21 4 21 21 21   5 6 7 8 1 3 4 2   24.0
1   3   4 21 1 21 -1 4 21 21   6 7 8 1 3 4 2 5   6.0
1   3   4 21 1 21 21 -1 4 21   7 8 1 3 4 2 5 6   6.0
1   3   4 21 1 21 21 21 -1 4   8 1 3 4 2 5 6 7   6.0
1   3   4 21 2 21 -2 4 21 21   6 7 8 1 3 4 2 5   6.0
1   3   4 21 2 21 21 -2 4 21   7 8 1 3 4 2 5 6   6.0
1   3   4 21 2 21 21 21 -2 4   8 1 3 4 2 5 6 7   6.0
1   3   4 21 3 21 -3 4 21 21   6 7 8 1 3 4 2 5   6.0
1   3   4 21 3 21 21 -3 4 21   7 8 1 3 4 2 5 6   6.0
1   3   4 21 3 21 21 21 -3 4   8 1 3 4 2 5 6 7   6.0
1   3   4 21 4 21 -1 1 21 21   6 7 8 1 3 4 2 5   6.0
1   3   4 21 4 21 -2 2 21 21   6 7 8 1 3 4 2 5   6.0
1   3   4 21 4 21 -3 3 21 21   6 7 8 1 3 4 2 5   6.0
1   3   4 21 4 21 -5 5 21 21   6 7 8 1 3 4 2 5   6.0
1   3   4 21 4 21 21 -1 1 21   7 8 1 3 4 2 5 6   6.0
1   3   4 21 4 21 21 -2 2 21   7 8 1 3 4 2 5 6   6.0
1   3   4 21 4 21 21 -3 3 21   7 8 1 3 4 2 5 6   6.0
1   3   4 21 4 21 21 -5 5 21   7 8 1 3 4 2 5 6   6.0
1   3   4 21 4 21 21 21 -1 1   8 1 3 4 2 5 6 7   6.0
1   3   4 21 4 21 21 21 -2 2   8 1 3 4 2 5 6 7   6.0
1   3   4 21 4 21 21 21 -3 3   8 1 3 4 2 5 6 7   6.0
1   3   4 21 4 21 21 21 -5 5   8 1 3 4 2 5 6 7   6.0
1   3   4 21 5 21 -5 4 21 21   6 7 8 1 3 4 2 5   6.0
1   3   4 21 5 21 21 -5 4 21   7 8 1 3 4 2 5 6   6.0
1   3   4 21 5 21 21 21 -5 4   8 1 3 4 2 5 6 7   6.0
1   3   5 -1 5 -1 21 21 21 21   2 5 6 7 8 1 3 4   24.0
1   3   5 -2 5 -2 21 21 21 21   2 5 6 7 8 1 3 4   24.0
1   3   5 -3 5 -3 21 21 21 21   2 5 6 7 8 1 3 4   24.0
1   3   5 -4 5 -4 21 21 21 21   2 5 6 7 8 1 3 4   24.0
1   3   5 -5 1 -1 21 21 21 21   2 5 6 7 8 1 3 4   24.0
1   3   5 -5 2 -2 21 21 21 21   2 5 6 7 8 1 3 4   24.0
1   3   5 -5 3 -3 21 21 21 21   2 5 6 7 8 1 3 4   24.0
1   3   5 -5 4 -4 21 21 21 21   2 5 6 7 8 1 3 4   24.0
1   3   5 1 1 21 5 21 21 21   5 6 7 8 1 3 4 2   24.0
1   3   5 1 5 21 1 21 21 21   5 6 7 8 1 3 4 2   24.0
1   3   5 2 2 21 5 21 21 21   5 6 7 8 1 3 4 2   24.0
1   3   5 2 5 21 2 21 21 21   5 6 7 8 1 3 4 2   24.0
1   3   5 3 3 21 5 21 21 21   5 6 7 8 1 3 4 2   24.0
1   3   5 3 5 21 3 21 21 21   5 6 7 8 1 3 4 2   24.0
1   3   5 4 4 21 5 21 21 21   5 6 7 8 1 3 4 2   24.0
1   3   5 4 5 21 4 21 21 21   5 6 7 8 1 3 4 2   24.0
1   3   5 21 1 21 -1 5 21 21   6 7 8 1 3 4 2 5   6.0
1   3   5 21 1 21 21 -1 5 21   7 8 1 3 4 2 5 6   6.0
1   3   5 21 1 21 21 21 -1 5   8 1 3 4 2 5 6 7   6.0
1   3   5 21 2 21 -2 5 21 21   6 7 8 1 3 4 2 5   6.0
1   3   5 21 2 21 21 -2 5 21   7 8 1 3 4 2 5 6   6.0
1   3   5 21 2 21 21 21 -2 5   8 1 3 4 2 5 6 7   6.0
1   3   5 21 3 21 -3 5 21 21   6 7 8 1 3 4 2 5   6.0
1   3   5 21 3 21 21 -3 5 21   7 8 1 3 4 2 5 6   6.0
1   3   5 21 3 21 21 21 -3 5   8 1 3 4 2 5 6 7   6.0
1   3   5 21 4 21 -4 5 21 21   6 7 8 1 3 4 2 5   6.0
1   3   5 21 4 21 21 -4 5 21   7 8 1 3 4 2 5 6   6.0
1   3   5 21 4 21 21 21 -4 5   8 1 3 4 2 5 6 7   6.0
1   3   5 21 5 21 -1 1 21 21   6 7 8 1 3 4 2 5   6.0
1   3   5 21 5 21 -2 2 21 21   6 7 8 1 3 4 2 5   6.0
1   3   5 21 5 21 -3 3 21 21   6 7 8 1 3 4 2 5   6.0
1   3   5 21 5 21 -4 4 21 21   6 7 8 1 3 4 2 5   6.0
1   3   5 21 5 21 21 -1 1 21   7 8 1 3 4 2 5 6   6.0
1   3   5 21 5 21 21 -2 2 21   7 8 1 3 4 2 5 6   6.0
1   3   5 21 5 21 21 -3 3 21   7 8 1 3 4 2 5 6   6.0
1   3   5 21 5 21 21 -4 4 21   7 8 1 3 4 2 5 6   6.0
1   3   5 21 5 21 21 21 -1 1   8 1 3 4 2 5 6 7   6.0
1   3   5 21 5 21 21 21 -2 2   8 1 3 4 2 5 6 7   6.0
1   3   5 21 5 21 21 21 -3 3   8 1 3 4 2 5 6 7   6.0
1   3   5 21 5 21 21 21 -4 4   8 1 3 4 2 5 6 7   6.0
1   3   21 -1 21 -1 -2 2 21 21   6 7 8 1 3 4 2 5   6.0
1   3   21 -1 21 -1 -3 3 21 21   6 7 8 1 3 4 2 5   6.0
1   3   21 -1 21 -1 -4 4 21 21   6 7 8 1 3 4 2 5   6.0
1   3   21 -1 21 -1 -5 5 21 21   6 7 8 1 3 4 2 5   6.0
1   3   21 -1 21 -1 21 -2 2 21   7 8 1 3 4 2 5 6   6.0
1   3   21 -1 21 -1 21 -3 3 21   7 8 1 3 4 2 5 6   6.0
1   3   21 -1 21 -1 21 -4 4 21   7 8 1 3 4 2 5 6   6.0
1   3   21 -1 21 -1 21 -5 5 21   7 8 1 3 4 2 5 6   6.0
1   3   21 -1 21 -1 21 21 -2 2   8 1 3 4 2 5 6 7   6.0
1   3   21 -1 21 -1 21 21 -3 3   8 1 3 4 2 5 6 7   6.0
1   3   21 -1 21 -1 21 21 -4 4   8 1 3 4 2 5 6 7   6.0
1   3   21 -1 21 -1 21 21 -5 5   8 1 3 4 2 5 6 7   6.0
1   3   21 -1 21 -2 -1 2 21 21   6 7 8 1 3 4 2 5   6.0
1   3   21 -1 21 -2 21 -1 2 21   7 8 1 3 4 2 5 6   6.0
1   3   21 -1 21 -2 21 21 -1 2   8 1 3 4 2 5 6 7   6.0
1   3   21 -1 21 -3 -1 3 21 21   6 7 8 1 3 4 2 5   6.0
1   3   21 -1 21 -3 21 -1 3 21   7 8 1 3 4 2 5 6   6.0
1   3   21 -1 21 -3 21 21 -1 3   8 1 3 4 2 5 6 7   6.0
1   3   21 -1 21 -4 -1 4 21 21   6 7 8 1 3 4 2 5   6.0
1   3   21 -1 21 -4 21 -1 4 21   7 8 1 3 4 2 5 6   6.0
1   3   21 -1 21 -4 21 21 -1 4   8 1 3 4 2 5 6 7   6.0
1   3   21 -1 21 -5 -1 5 21 21   6 7 8 1 3 4 2 5   6.0
1   3   21 -1 21 -5 21 -1 5 21   7 8 1 3 4 2 5 6   6.0
1   3   21 -1 21 -5 21 21 -1 5   8 1 3 4 2 5 6 7   6.0
1   3   21 -2 21 -1 -2 1 21 21   6 7 8 1 3 4 2 5   6.0
1   3   21 -2 21 -1 21 -2 1 21   7 8 1 3 4 2 5 6   6.0
1   3   21 -2 21 -1 21 21 -2 1   8 1 3 4 2 5 6 7   6.0
1   3   21 -2 21 -2 -1 1 21 21   6 7 8 1 3 4 2 5   6.0
1   3   21 -2 21 -2 -3 3 21 21   6 7 8 1 3 4 2 5   6.0
1   3   21 -2 21 -2 -4 4 21 21   6 7 8 1 3 4 2 5   6.0
1   3   21 -2 21 -2 -5 5 21 21   6 7 8 1 3 4 2 5   6.0
1   3   21 -2 21 -2 21 -1 1 21   7 8 1 3 4 2 5 6   6.0
1   3   21 -2 21 -2 21 -3 3 21   7 8 1 3 4 2 5 6   6.0
1   3   21 -2 21 -2 21 -4 4 21   7 8 1 3 4 2 5 6   6.0
1   3   21 -2 21 -2 21 -5 5 21   7 8 1 3 4 2 5 6   6.0
1   3   21 -2 21 -2 21 21 -1 1   8 1 3 4 2 5 6 7   6.0
1   3   21 -2 21 -2 21 21 -3 3   8 1 3 4 2 5 6 7   6.0
1   3   21 -2 21 -2 21 21 -4 4   8 1 3 4 2 5 6 7   6.0
1   3   21 -2 21 -2 21 21 -5 5   8 1 3 4 2 5 6 7   6.0
1   3   21 -2 21 -3 -2 3 21 21   6 7 8 1 3 4 2 5   6.0
1   3   21 -2 21 -3 21 -2 3 21   7 8 1 3 4 2 5 6   6.0
1   3   21 -2 21 -3 21 21 -2 3   8 1 3 4 2 5 6 7   6.0
1   3   21 -2 21 -4 -2 4 21 21   6 7 8 1 3 4 2 5   6.0
1   3   21 -2 21 -4 21 -2 4 21   7 8 1 3 4 2 5 6   6.0
1   3   21 -2 21 -4 21 21 -2 4   8 1 3 4 2 5 6 7   6.0
1   3   21 -2 21 -5 -2 5 21 21   6 7 8 1 3 4 2 5   6.0
1   3   21 -2 21 -5 21 -2 5 21   7 8 1 3 4 2 5 6   6.0
1   3   21 -2 21 -5 21 21 -2 5   8 1 3 4 2 5 6 7   6.0
1   3   21 -3 21 -1 -3 1 21 21   6 7 8 1 3 4 2 5   6.0
1   3   21 -3 21 -1 21 -3 1 21   7 8 1 3 4 2 5 6   6.0
1   3   21 -3 21 -1 21 21 -3 1   8 1 3 4 2 5 6 7   6.0
1   3   21 -3 21 -2 -3 2 21 21   6 7 8 1 3 4 2 5   6.0
1   3   21 -3 21 -2 21 -3 2 21   7 8 1 3 4 2 5 6   6.0
1   3   21 -3 21 -2 21 21 -3 2   8 1 3 4 2 5 6 7   6.0
1   3   21 -3 21 -3 -1 1 21 21   6 7 8 1 3 4 2 5   6.0
1   3   21 -3 21 -3 -2 2 21 21   6 7 8 1 3 4 2 5   6.0
1   3   21 -3 21 -3 -4 4 21 21   6 7 8 1 3 4 2 5   6.0
1   3   21 -3 21 -3 -5 5 21 21   6 7 8 1 3 4 2 5   6.0
1   3   21 -3 21 -3 21 -1 1 21   7 8 1 3 4 2 5 6   6.0
1   3   21 -3 21 -3 21 -2 2 21   7 8 1 3 4 2 5 6   6.0
1   3   21 -3 21 -3 21 -4 4 21   7 8 1 3 4 2 5 6   6.0
1   3   21 -3 21 -3 21 -5 5 21   7 8 1 3 4 2 5 6   6.0
1   3   21 -3 21 -3 21 21 -1 1   8 1 3 4 2 5 6 7   6.0
1   3   21 -3 21 -3 21 21 -2 2   8 1 3 4 2 5 6 7   6.0
1   3   21 -3 21 -3 21 21 -4 4   8 1 3 4 2 5 6 7   6.0
1   3   21 -3 21 -3 21 21 -5 5   8 1 3 4 2 5 6 7   6.0
1   3   21 -3 21 -4 -3 4 21 21   6 7 8 1 3 4 2 5   6.0
1   3   21 -3 21 -4 21 -3 4 21   7 8 1 3 4 2 5 6   6.0
1   3   21 -3 21 -4 21 21 -3 4   8 1 3 4 2 5 6 7   6.0
1   3   21 -3 21 -5 -3 5 21 21   6 7 8 1 3 4 2 5   6.0
1   3   21 -3 21 -5 21 -3 5 21   7 8 1 3 4 2 5 6   6.0
1   3   21 -3 21 -5 21 21 -3 5   8 1 3 4 2 5 6 7   6.0
1   3   21 -4 21 -1 -4 1 21 21   6 7 8 1 3 4 2 5   6.0
1   3   21 -4 21 -1 21 -4 1 21   7 8 1 3 4 2 5 6   6.0
1   3   21 -4 21 -1 21 21 -4 1   8 1 3 4 2 5 6 7   6.0
1   3   21 -4 21 -2 -4 2 21 21   6 7 8 1 3 4 2 5   6.0
1   3   21 -4 21 -2 21 -4 2 21   7 8 1 3 4 2 5 6   6.0
1   3   21 -4 21 -2 21 21 -4 2   8 1 3 4 2 5 6 7   6.0
1   3   21 -4 21 -3 -4 3 21 21   6 7 8 1 3 4 2 5   6.0
1   3   21 -4 21 -3 21 -4 3 21   7 8 1 3 4 2 5 6   6.0
1   3   21 -4 21 -3 21 21 -4 3   8 1 3 4 2 5 6 7   6.0
1   3   21 -4 21 -4 -1 1 21 21   6 7 8 1 3 4 2 5   6.0
1   3   21 -4 21 -4 -2 2 21 21   6 7 8 1 3 4 2 5   6.0
1   3   21 -4 21 -4 -3 3 21 21   6 7 8 1 3 4 2 5   6.0
1   3   21 -4 21 -4 -5 5 21 21   6 7 8 1 3 4 2 5   6.0
1   3   21 -4 21 -4 21 -1 1 21   7 8 1 3 4 2 5 6   6.0
1   3   21 -4 21 -4 21 -2 2 21   7 8 1 3 4 2 5 6   6.0
1   3   21 -4 21 -4 21 -3 3 21   7 8 1 3 4 2 5 6   6.0
1   3   21 -4 21 -4 21 -5 5 21   7 8 1 3 4 2 5 6   6.0
1   3   21 -4 21 -4 21 21 -1 1   8 1 3 4 2 5 6 7   6.0
1   3   21 -4 21 -4 21 21 -2 2   8 1 3 4 2 5 6 7   6.0
1   3   21 -4 21 -4 21 21 -3 3   8 1 3 4 2 5 6 7   6.0
1   3   21 -4 21 -4 21 21 -5 5   8 1 3 4 2 5 6 7   6.0
1   3   21 -4 21 -5 -4 5 21 21   6 7 8 1 3 4 2 5   6.0
1   3   21 -4 21 -5 21 -4 5 21   7 8 1 3 4 2 5 6   6.0
1   3   21 -4 21 -5 21 21 -4 5   8 1 3 4 2 5 6 7   6.0
1   3   21 -5 21 -1 -5 1 21 21   6 7 8 1 3 4 2 5   6.0
1   3   21 -5 21 -1 21 -5 1 21   7 8 1 3 4 2 5 6   6.0
1   3   21 -5 21 -1 21 21 -5 1   8 1 3 4 2 5 6 7   6.0
1   3   21 -5 21 -2 -5 2 21 21   6 7 8 1 3 4 2 5   6.0
1   3   21 -5 21 -2 21 -5 2 21   7 8 1 3 4 2 5 6   6.0
1   3   21 -5 21 -2 21 21 -5 2   8 1 3 4 2 5 6 7   6.0
1   3   21 -5 21 -3 -5 3 21 21   6 7 8 1 3 4 2 5   6.0
1   3   21 -5 21 -3 21 -5 3 21   7 8 1 3 4 2 5 6   6.0
1   3   21 -5 21 -3 21 21 -5 3   8 1 3 4 2 5 6 7   6.0
1   3   21 -5 21 -4 -5 4 21 21   6 7 8 1 3 4 2 5   6.0
1   3   21 -5 21 -4 21 -5 4 21   7 8 1 3 4 2 5 6   6.0
1   3   21 -5 21 -4 21 21 -5 4   8 1 3 4 2 5 6 7   6.0
1   3   21 -5 21 -5 -1 1 21 21   6 7 8 1 3 4 2 5   6.0
1   3   21 -5 21 -5 -2 2 21 21   6 7 8 1 3 4 2 5   6.0
1   3   21 -5 21 -5 -3 3 21 21   6 7 8 1 3 4 2 5   6.0
1   3   21 -5 21 -5 -4 4 21 21   6 7 8 1 3 4 2 5   6.0
1   3   21 -5 21 -5 21 -1 1 21   7 8 1 3 4 2 5 6   6.0
1   3   21 -5 21 -5 21 -2 2 21   7 8 1 3 4 2 5 6   6.0
1   3   21 -5 21 -5 21 -3 3 21   7 8 1 3 4 2 5 6   6.0
1   3   21 -5 21 -5 21 -4 4 21   7 8 1 3 4 2 5 6   6.0
1   3   21 -5 21 -5 21 21 -1 1   8 1 3 4 2 5 6 7   6.0
1   3   21 -5 21 -5 21 21 -2 2   8 1 3 4 2 5 6 7   6.0
1   3   21 -5 21 -5 21 21 -3 3   8 1 3 4 2 5 6 7   6.0
1   3   21 -5 21 -5 21 21 -4 4   8 1 3 4 2 5 6 7   6.0
1   3   21 1 -2 1 2 21 21 21   5 6 7 8 1 3 4 2   6.0
1   3   21 1 -2 2 1 21 21 21   5 6 7 8 1 3 4 2   6.0
1   3   21 1 -3 1 3 21 21 21   5 6 7 8 1 3 4 2   6.0
1   3   21 1 -3 3 1 21 21 21   5 6 7 8 1 3 4 2   6.0
1   3   21 1 -4 1 4 21 21 21   5 6 7 8 1 3 4 2   6.0
1   3   21 1 -4 4 1 21 21 21   5 6 7 8 1 3 4 2   6.0
1   3   21 1 -5 1 5 21 21 21   5 6 7 8 1 3 4 2   6.0
1   3   21 1 -5 5 1 21 21 21   5 6 7 8 1 3 4 2   6.0
1   3   21 1 21 21 1 -2 2 21   7 8 1 3 4 2 5 6   6.0
1   3   21 1 21 21 1 -3 3 21   7 8 1 3 4 2 5 6   6.0
1   3   21 1 21 21 1 -4 4 21   7 8 1 3 4 2 5 6   6.0
1   3   21 1 21 21 1 -5 5 21   7 8 1 3 4 2 5 6   6.0
1   3   21 1 21 21 1 21 -2 2   8 1 3 4 2 5 6 7   6.0
1   3   21 1 21 21 1 21 -3 3   8 1 3 4 2 5 6 7   6.0
1   3   21 1 21 21 1 21 -4 4   8 1 3 4 2 5 6 7   6.0
1   3   21 1 21 21 1 21 -5 5   8 1 3 4 2 5 6 7   6.0
1   3   21 1 21 21 2 -2 1 21   7 8 1 3 4 2 5 6   6.0
1   3   21 1 21 21 2 21 -2 1   8 1 3 4 2 5 6 7   6.0
1   3   21 1 21 21 3 -3 1 21   7 8 1 3 4 2 5 6   6.0
1   3   21 1 21 21 3 21 -3 1   8 1 3 4 2 5 6 7   6.0
1   3   21 1 21 21 4 -4 1 21   7 8 1 3 4 2 5 6   6.0
1   3   21 1 21 21 4 21 -4 1   8 1 3 4 2 5 6 7   6.0
1   3   21 1 21 21 5 -5 1 21   7 8 1 3 4 2 5 6   6.0
1   3   21 1 21 21 5 21 -5 1   8 1 3 4 2 5 6 7   6.0
1   3   21 2 -1 1 2 21 21 21   5 6 7 8 1 3 4 2   6.0
1   3   21 2 -1 2 1 21 21 21   5 6 7 8 1 3 4 2   6.0
1   3   21 2 -3 2 3 21 21 21   5 6 7 8 1 3 4 2   6.0
1   3   21 2 -3 3 2 21 21 21   5 6 7 8 1 3 4 2   6.0
1   3   21 2 -4 2 4 21 21 21   5 6 7 8 1 3 4 2   6.0
1   3   21 2 -4 4 2 21 21 21   5 6 7 8 1 3 4 2   6.0
1   3   21 2 -5 2 5 21 21 21   5 6 7 8 1 3 4 2   6.0
1   3   21 2 -5 5 2 21 21 21   5 6 7 8 1 3 4 2   6.0
1   3   21 2 21 21 1 -1 2 21   7 8 1 3 4 2 5 6   6.0
1   3   21 2 21 21 1 21 -1 2   8 1 3 4 2 5 6 7   6.0
1   3   21 2 21 21 2 -1 1 21   7 8 1 3 4 2 5 6   6.0
1   3   21 2 21 21 2 -3 3 21   7 8 1 3 4 2 5 6   6.0
1   3   21 2 21 21 2 -4 4 21   7 8 1 3 4 2 5 6   6.0
1   3   21 2 21 21 2 -5 5 21   7 8 1 3 4 2 5 6   6.0
1   3   21 2 21 21 2 21 -1 1   8 1 3 4 2 5 6 7   6.0
1   3   21 2 21 21 2 21 -3 3   8 1 3 4 2 5 6 7   6.0
1   3   21 2 21 21 2 21 -4 4   8 1 3 4 2 5 6 7   6.0
1   3   21 2 21 21 2 21 -5 5   8 1 3 4 2 5 6 7   6.0
1   3   21 2 21 21 3 -3 2 21   7 8 1 3 4 2 5 6   6.0
1   3   21 2 21 21 3 21 -3 2   8 1 3 4 2 5 6 7   6.0
1   3   21 2 21 21 4 -4 2 21   7 8 1 3 4 2 5 6   6.0
1   3   21 2 21 21 4 21 -4 2   8 1 3 4 2 5 6 7   6.0
1   3   21 2 21 21 5 -5 2 21   7 8 1 3 4 2 5 6   6.0
1   3   21 2 21 21 5 21 -5 2   8 1 3 4 2 5 6 7   6.0
1   3   21 3 -1 1 3 21 21 21   5 6 7 8 1 3 4 2   6.0
1   3   21 3 -1 3 1 21 21 21   5 6 7 8 1 3 4 2   6.0
1   3   21 3 -2 2 3 21 21 21   5 6 7 8 1 3 4 2   6.0
1   3   21 3 -2 3 2 21 21 21   5 6 7 8 1 3 4 2   6.0
1   3   21 3 -4 3 4 21 21 21   5 6 7 8 1 3 4 2   6.0
1   3   21 3 -4 4 3 21 21 21   5 6 7 8 1 3 4 2   6.0
1   3   21 3 -5 3 5 21 21 21   5 6 7 8 1 3 4 2   6.0
1   3   21 3 -5 5 3 21 21 21   5 6 7 8 1 3 4 2   6.0
1   3   21 3 21 21 1 -1 3 21   7 8 1 3 4 2 5 6   6.0
1   3   21 3 21 21 1 21 -1 3   8 1 3 4 2 5 6 7   6.0
1   3   21 3 21 21 2 -2 3 21   7 8 1 3 4 2 5 6   6.0
1   3   21 3 21 21 2 21 -2 3   8 1 3 4 2 5 6 7   6.0
1   3   21 3 21 21 3 -1 1 21   7 8 1 3 4 2 5 6   6.0
1   3   21 3 21 21 3 -2 2 21   7 8 1 3 4 2 5 6   6.0
1   3   21 3 21 21 3 -4 4 21   7 8 1 3 4 2 5 6   6.0
1   3   21 3 21 21 3 -5 5 21   7 8 1 3 4 2 5 6   6.0
1   3   21 3 21 21 3 21 -1 1   8 1 3 4 2 5 6 7   6.0
1   3   21 3 21 21 3 21 -2 2   8 1 3 4 2 5 6 7   6.0
1   3   21 3 21 21 3 21 -4 4   8 1 3 4 2 5 6 7   6.0
1   3   21 3 21 21 3 21 -5 5   8 1 3 4 2 5 6 7   6.0
1   3   21 3 21 21 4 -4 3 21   7 8 1 3 4 2 5 6   6.0
1   3   21 3 21 21 4 21 -4 3   8 1 3 4 2 5 6 7   6.0
1   3   21 3 21 21 5 -5 3 21   7 8 1 3 4 2 5 6   6.0
1   3   21 3 21 21 5 21 -5 3   8 1 3 4 2 5 6 7   6.0
1   3   21 4 -1 1 4 21 21 21   5 6 7 8 1 3 4 2   6.0
1   3   21 4 -1 4 1 21 21 21   5 6 7 8 1 3 4 2   6.0
1   3   21 4 -2 2 4 21 21 21   5 6 7 8 1 3 4 2   6.0
1   3   21 4 -2 4 2 21 21 21   5 6 7 8 1 3 4 2   6.0
1   3   21 4 -3 3 4 21 21 21   5 6 7 8 1 3 4 2   6.0
1   3   21 4 -3 4 3 21 21 21   5 6 7 8 1 3 4 2   6.0
1   3   21 4 -5 4 5 21 21 21   5 6 7 8 1 3 4 2   6.0
1   3   21 4 -5 5 4 21 21 21   5 6 7 8 1 3 4 2   6.0
1   3   21 4 21 21 1 -1 4 21   7 8 1 3 4 2 5 6   6.0
1   3   21 4 21 21 1 21 -1 4   8 1 3 4 2 5 6 7   6.0
1   3   21 4 21 21 2 -2 4 21   7 8 1 3 4 2 5 6   6.0
1   3   21 4 21 21 2 21 -2 4   8 1 3 4 2 5 6 7   6.0
1   3   21 4 21 21 3 -3 4 21   7 8 1 3 4 2 5 6   6.0
1   3   21 4 21 21 3 21 -3 4   8 1 3 4 2 5 6 7   6.0
1   3   21 4 21 21 4 -1 1 21   7 8 1 3 4 2 5 6   6.0
1   3   21 4 21 21 4 -2 2 21   7 8 1 3 4 2 5 6   6.0
1   3   21 4 21 21 4 -3 3 21   7 8 1 3 4 2 5 6   6.0
1   3   21 4 21 21 4 -5 5 21   7 8 1 3 4 2 5 6   6.0
1   3   21 4 21 21 4 21 -1 1   8 1 3 4 2 5 6 7   6.0
1   3   21 4 21 21 4 21 -2 2   8 1 3 4 2 5 6 7   6.0
1   3   21 4 21 21 4 21 -3 3   8 1 3 4 2 5 6 7   6.0
1   3   21 4 21 21 4 21 -5 5   8 1 3 4 2 5 6 7   6.0
1   3   21 4 21 21 5 -5 4 21   7 8 1 3 4 2 5 6   6.0
1   3   21 4 21 21 5 21 -5 4   8 1 3 4 2 5 6 7   6.0
1   3   21 5 -1 1 5 21 21 21   5 6 7 8 1 3 4 2   6.0
1   3   21 5 -1 5 1 21 21 21   5 6 7 8 1 3 4 2   6.0
1   3   21 5 -2 2 5 21 21 21   5 6 7 8 1 3 4 2   6.0
1   3   21 5 -2 5 2 21 21 21   5 6 7 8 1 3 4 2   6.0
1   3   21 5 -3 3 5 21 21 21   5 6 7 8 1 3 4 2   6.0
1   3   21 5 -3 5 3 21 21 21   5 6 7 8 1 3 4 2   6.0
1   3   21 5 -4 4 5 21 21 21   5 6 7 8 1 3 4 2   6.0
1   3   21 5 -4 5 4 21 21 21   5 6 7 8 1 3 4 2   6.0
1   3   21 5 21 21 1 -1 5 21   7 8 1 3 4 2 5 6   6.0
1   3   21 5 21 21 1 21 -1 5   8 1 3 4 2 5 6 7   6.0
1   3   21 5 21 21 2 -2 5 21   7 8 1 3 4 2 5 6   6.0
1   3   21 5 21 21 2 21 -2 5   8 1 3 4 2 5 6 7   6.0
1   3   21 5 21 21 3 -3 5 21   7 8 1 3 4 2 5 6   6.0
1   3   21 5 21 21 3 21 -3 5   8 1 3 4 2 5 6 7   6.0
1   3   21 5 21 21 4 -4 5 21   7 8 1 3 4 2 5 6   6.0
1   3   21 5 21 21 4 21 -4 5   8 1 3 4 2 5 6 7   6.0
1   3   21 5 21 21 5 -1 1 21   7 8 1 3 4 2 5 6   6.0
1   3   21 5 21 21 5 -2 2 21   7 8 1 3 4 2 5 6   6.0
1   3   21 5 21 21 5 -3 3 21   7 8 1 3 4 2 5 6   6.0
1   3   21 5 21 21 5 -4 4 21   7 8 1 3 4 2 5 6   6.0
1   3   21 5 21 21 5 21 -1 1   8 1 3 4 2 5 6 7   6.0
1   3   21 5 21 21 5 21 -2 2   8 1 3 4 2 5 6 7   6.0
1   3   21 5 21 21 5 21 -3 3   8 1 3 4 2 5 6 7   6.0
1   3   21 5 21 21 5 21 -4 4   8 1 3 4 2 5 6 7   6.0
1   3   21 21 -1 1 -2 2 21 21   6 7 8 1 3 4 2 5   2.0
1   3   21 21 -1 1 -3 3 21 21   6 7 8 1 3 4 2 5   2.0
1   3   21 21 -1 1 -4 4 21 21   6 7 8 1 3 4 2 5   2.0
1   3   21 21 -1 1 -5 5 21 21   6 7 8 1 3 4 2 5   2.0
1   3   21 21 -1 1 21 -2 2 21   7 8 1 3 4 2 5 6   2.0
1   3   21 21 -1 1 21 -3 3 21   7 8 1 3 4 2 5 6   2.0
1   3   21 21 -1 1 21 -4 4 21   7 8 1 3 4 2 5 6   2.0
1   3   21 21 -1 1 21 -5 5 21   7 8 1 3 4 2 5 6   2.0
1   3   21 21 -1 1 21 21 -2 2   8 1 3 4 2 5 6 7   2.0
1   3   21 21 -1 1 21 21 -3 3   8 1 3 4 2 5 6 7   2.0
1   3   21 21 -1 1 21 21 -4 4   8 1 3 4 2 5 6 7   2.0
1   3   21 21 -1 1 21 21 -5 5   8 1 3 4 2 5 6 7   2.0
1   3   21 21 -1 2 -2 1 21 21   6 7 8 1 3 4 2 5   2.0
1   3   21 21 -1 2 21 -2 1 21   7 8 1 3 4 2 5 6   2.0
1   3   21 21 -1 2 21 21 -2 1   8 1 3 4 2 5 6 7   2.0
1   3   21 21 -1 3 -3 1 21 21   6 7 8 1 3 4 2 5   2.0
1   3   21 21 -1 3 21 -3 1 21   7 8 1 3 4 2 5 6   2.0
1   3   21 21 -1 3 21 21 -3 1   8 1 3 4 2 5 6 7   2.0
1   3   21 21 -1 4 -4 1 21 21   6 7 8 1 3 4 2 5   2.0
1   3   21 21 -1 4 21 -4 1 21   7 8 1 3 4 2 5 6   2.0
1   3   21 21 -1 4 21 21 -4 1   8 1 3 4 2 5 6 7   2.0
1   3   21 21 -1 5 -5 1 21 21   6 7 8 1 3 4 2 5   2.0
1   3   21 21 -1 5 21 -5 1 21   7 8 1 3 4 2 5 6   2.0
1   3   21 21 -1 5 21 21 -5 1   8 1 3 4 2 5 6 7   2.0
1   3   21 21 -2 1 -1 2 21 21   6 7 8 1 3 4 2 5   2.0
1   3   21 21 -2 1 21 -1 2 21   7 8 1 3 4 2 5 6   2.0
1   3   21 21 -2 1 21 21 -1 2   8 1 3 4 2 5 6 7   2.0
1   3   21 21 -2 2 -1 1 21 21   6 7 8 1 3 4 2 5   2.0
1   3   21 21 -2 2 -3 3 21 21   6 7 8 1 3 4 2 5   2.0
1   3   21 21 -2 2 -4 4 21 21   6 7 8 1 3 4 2 5   2.0
1   3   21 21 -2 2 -5 5 21 21   6 7 8 1 3 4 2 5   2.0
1   3   21 21 -2 2 21 -1 1 21   7 8 1 3 4 2 5 6   2.0
1   3   21 21 -2 2 21 -3 3 21   7 8 1 3 4 2 5 6   2.0
1   3   21 21 -2 2 21 -4 4 21   7 8 1 3 4 2 5 6   2.0
1   3   21 21 -2 2 21 -5 5 21   7 8 1 3 4 2 5 6   2.0
1   3   21 21 -2 2 21 21 -1 1   8 1 3 4 2 5 6 7   2.0
1   3   21 21 -2 2 21 21 -3 3   8 1 3 4 2 5 6 7   2.0
1   3   21 21 -2 2 21 21 -4 4   8 1 3 4 2 5 6 7   2.0
1   3   21 21 -2 2 21 21 -5 5   8 1 3 4 2 5 6 7   2.0
1   3   21 21 -2 3 -3 2 21 21   6 7 8 1 3 4 2 5   2.0
1   3   21 21 -2 3 21 -3 2 21   7 8 1 3 4 2 5 6   2.0
1   3   21 21 -2 3 21 21 -3 2   8 1 3 4 2 5 6 7   2.0
1   3   21 21 -2 4 -4 2 21 21   6 7 8 1 3 4 2 5   2.0
1   3   21 21 -2 4 21 -4 2 21   7 8 1 3 4 2 5 6   2.0
1   3   21 21 -2 4 21 21 -4 2   8 1 3 4 2 5 6 7   2.0
1   3   21 21 -2 5 -5 2 21 21   6 7 8 1 3 4 2 5   2.0
1   3   21 21 -2 5 21 -5 2 21   7 8 1 3 4 2 5 6   2.0
1   3   21 21 -2 5 21 21 -5 2   8 1 3 4 2 5 6 7   2.0
1   3   21 21 -3 1 -1 3 21 21   6 7 8 1 3 4 2 5   2.0
1   3   21 21 -3 1 21 -1 3 21   7 8 1 3 4 2 5 6   2.0
1   3   21 21 -3 1 21 21 -1 3   8 1 3 4 2 5 6 7   2.0
1   3   21 21 -3 2 -2 3 21 21   6 7 8 1 3 4 2 5   2.0
1   3   21 21 -3 2 21 -2 3 21   7 8 1 3 4 2 5 6   2.0
1   3   21 21 -3 2 21 21 -2 3   8 1 3 4 2 5 6 7   2.0
1   3   21 21 -3 3 -1 1 21 21   6 7 8 1 3 4 2 5   2.0
1   3   21 21 -3 3 -2 2 21 21   6 7 8 1 3 4 2 5   2.0
1   3   21 21 -3 3 -4 4 21 21   6 7 8 1 3 4 2 5   2.0
1   3   21 21 -3 3 -5 5 21 21   6 7 8 1 3 4 2 5   2.0
1   3   21 21 -3 3 21 -1 1 21   7 8 1 3 4 2 5 6   2.0
1   3   21 21 -3 3 21 -2 2 21   7 8 1 3 4 2 5 6   2.0
1   3   21 21 -3 3 21 -4 4 21   7 8 1 3 4 2 5 6   2.0
1   3   21 21 -3 3 21 -5 5 21   7 8 1 3 4 2 5 6   2.0
1   3   21 21 -3 3 21 21 -1 1   8 1 3 4 2 5 6 7   2.0
1   3   21 21 -3 3 21 21 -2 2   8 1 3 4 2 5 6 7   2.0
1   3   21 21 -3 3 21 21 -4 4   8 1 3 4 2 5 6 7   2.0
1   3   21 21 -3 3 21 21 -5 5   8 1 3 4 2 5 6 7   2.0
1   3   21 21 -3 4 -4 3 21 21   6 7 8 1 3 4 2 5   2.0
1   3   21 21 -3 4 21 -4 3 21   7 8 1 3 4 2 5 6   2.0
1   3   21 21 -3 4 21 21 -4 3   8 1 3 4 2 5 6 7   2.0
1   3   21 21 -3 5 -5 3 21 21   6 7 8 1 3 4 2 5   2.0
1   3   21 21 -3 5 21 -5 3 21   7 8 1 3 4 2 5 6   2.0
1   3   21 21 -3 5 21 21 -5 3   8 1 3 4 2 5 6 7   2.0
1   3   21 21 -4 1 -1 4 21 21   6 7 8 1 3 4 2 5   2.0
1   3   21 21 -4 1 21 -1 4 21   7 8 1 3 4 2 5 6   2.0
1   3   21 21 -4 1 21 21 -1 4   8 1 3 4 2 5 6 7   2.0
1   3   21 21 -4 2 -2 4 21 21   6 7 8 1 3 4 2 5   2.0
1   3   21 21 -4 2 21 -2 4 21   7 8 1 3 4 2 5 6   2.0
1   3   21 21 -4 2 21 21 -2 4   8 1 3 4 2 5 6 7   2.0
1   3   21 21 -4 3 -3 4 21 21   6 7 8 1 3 4 2 5   2.0
1   3   21 21 -4 3 21 -3 4 21   7 8 1 3 4 2 5 6   2.0
1   3   21 21 -4 3 21 21 -3 4   8 1 3 4 2 5 6 7   2.0
1   3   21 21 -4 4 -1 1 21 21   6 7 8 1 3 4 2 5   2.0
1   3   21 21 -4 4 -2 2 21 21   6 7 8 1 3 4 2 5   2.0
1   3   21 21 -4 4 -3 3 21 21   6 7 8 1 3 4 2 5   2.0
1   3   21 21 -4 4 -5 5 21 21   6 7 8 1 3 4 2 5   2.0
1   3   21 21 -4 4 21 -1 1 21   7 8 1 3 4 2 5 6   2.0
1   3   21 21 -4 4 21 -2 2 21   7 8 1 3 4 2 5 6   2.0
1   3   21 21 -4 4 21 -3 3 21   7 8 1 3 4 2 5 6   2.0
1   3   21 21 -4 4 21 -5 5 21   7 8 1 3 4 2 5 6   2.0
1   3   21 21 -4 4 21 21 -1 1   8 1 3 4 2 5 6 7   2.0
1   3   21 21 -4 4 21 21 -2 2   8 1 3 4 2 5 6 7   2.0
1   3   21 21 -4 4 21 21 -3 3   8 1 3 4 2 5 6 7   2.0
1   3   21 21 -4 4 21 21 -5 5   8 1 3 4 2 5 6 7   2.0
1   3   21 21 -4 5 -5 4 21 21   6 7 8 1 3 4 2 5   2.0
1   3   21 21 -4 5 21 -5 4 21   7 8 1 3 4 2 5 6   2.0
1   3   21 21 -4 5 21 21 -5 4   8 1 3 4 2 5 6 7   2.0
1   3   21 21 -5 1 -1 5 21 21   6 7 8 1 3 4 2 5   2.0
1   3   21 21 -5 1 21 -1 5 21   7 8 1 3 4 2 5 6   2.0
1   3   21 21 -5 1 21 21 -1 5   8 1 3 4 2 5 6 7   2.0
1   3   21 21 -5 2 -2 5 21 21   6 7 8 1 3 4 2 5   2.0
1   3   21 21 -5 2 21 -2 5 21   7 8 1 3 4 2 5 6   2.0
1   3   21 21 -5 2 21 21 -2 5   8 1 3 4 2 5 6 7   2.0
1   3   21 21 -5 3 -3 5 21 21   6 7 8 1 3 4 2 5   2.0
1   3   21 21 -5 3 21 -3 5 21   7 8 1 3 4 2 5 6   2.0
1   3   21 21 -5 3 21 21 -3 5   8 1 3 4 2 5 6 7   2.0
1   3   21 21 -5 4 -4 5 21 21   6 7 8 1 3 4 2 5   2.0
1   3   21 21 -5 4 21 -4 5 21   7 8 1 3 4 2 5 6   2.0
1   3   21 21 -5 4 21 21 -4 5   8 1 3 4 2 5 6 7   2.0
1   3   21 21 -5 5 -1 1 21 21   6 7 8 1 3 4 2 5   2.0
1   3   21 21 -5 5 -2 2 21 21   6 7 8 1 3 4 2 5   2.0
1   3   21 21 -5 5 -3 3 21 21   6 7 8 1 3 4 2 5   2.0
1   3   21 21 -5 5 -4 4 21 21   6 7 8 1 3 4 2 5   2.0
1   3   21 21 -5 5 21 -1 1 21   7 8 1 3 4 2 5 6   2.0
1   3   21 21 -5 5 21 -2 2 21   7 8 1 3 4 2 5 6   2.0
1   3   21 21 -5 5 21 -3 3 21   7 8 1 3 4 2 5 6   2.0
1   3   21 21 -5 5 21 -4 4 21   7 8 1 3 4 2 5 6   2.0
1   3   21 21 -5 5 21 21 -1 1   8 1 3 4 2 5 6 7   2.0
1   3   21 21 -5 5 21 21 -2 2   8 1 3 4 2 5 6 7   2.0
1   3   21 21 -5 5 21 21 -3 3   8 1 3 4 2 5 6 7   2.0
1   3   21 21 -5 5 21 21 -4 4   8 1 3 4 2 5 6 7   2.0
1   3   21 21 21 21 -1 1 -2 2   8 1 3 4 2 5 6 7   2.0
1   3   21 21 21 21 -1 1 -3 3   8 1 3 4 2 5 6 7   2.0
1   3   21 21 21 21 -1 1 -4 4   8 1 3 4 2 5 6 7   2.0
1   3   21 21 21 21 -1 1 -5 5   8 1 3 4 2 5 6 7   2.0
1   3   21 21 21 21 -1 2 -2 1   8 1 3 4 2 5 6 7   2.0
1   3   21 21 21 21 -1 3 -3 1   8 1 3 4 2 5 6 7   2.0
1   3   21 21 21 21 -1 4 -4 1   8 1 3 4 2 5 6 7   2.0
1   3   21 21 21 21 -1 5 -5 1   8 1 3 4 2 5 6 7   2.0
1   3   21 21 21 21 -2 1 -1 2   8 1 3 4 2 5 6 7   2.0
1   3   21 21 21 21 -2 2 -1 1   8 1 3 4 2 5 6 7   2.0
1   3   21 21 21 21 -2 2 -3 3   8 1 3 4 2 5 6 7   2.0
1   3   21 21 21 21 -2 2 -4 4   8 1 3 4 2 5 6 7   2.0
1   3   21 21 21 21 -2 2 -5 5   8 1 3 4 2 5 6 7   2.0
1   3   21 21 21 21 -2 3 -3 2   8 1 3 4 2 5 6 7   2.0
1   3   21 21 21 21 -2 4 -4 2   8 1 3 4 2 5 6 7   2.0
1   3   21 21 21 21 -2 5 -5 2   8 1 3 4 2 5 6 7   2.0
1   3   21 21 21 21 -3 1 -1 3   8 1 3 4 2 5 6 7   2.0
1   3   21 21 21 21 -3 2 -2 3   8 1 3 4 2 5 6 7   2.0
1   3   21 21 21 21 -3 3 -1 1   8 1 3 4 2 5 6 7   2.0
1   3   21 21 21 21 -3 3 -2 2   8 1 3 4 2 5 6 7   2.0
1   3   21 21 21 21 -3 3 -4 4   8 1 3 4 2 5 6 7   2.0
1   3   21 21 21 21 -3 3 -5 5   8 1 3 4 2 5 6 7   2.0
1   3   21 21 21 21 -3 4 -4 3   8 1 3 4 2 5 6 7   2.0
1   3   21 21 21 21 -3 5 -5 3   8 1 3 4 2 5 6 7   2.0
1   3   21 21 21 21 -4 1 -1 4   8 1 3 4 2 5 6 7   2.0
1   3   21 21 21 21 -4 2 -2 4   8 1 3 4 2 5 6 7   2.0
1   3   21 21 21 21 -4 3 -3 4   8 1 3 4 2 5 6 7   2.0
1   3   21 21 21 21 -4 4 -1 1   8 1 3 4 2 5 6 7   2.0
1   3   21 21 21 21 -4 4 -2 2   8 1 3 4 2 5 6 7   2.0
1   3   21 21 21 21 -4 4 -3 3   8 1 3 4 2 5 6 7   2.0
1   3   21 21 21 21 -4 4 -5 5   8 1 3 4 2 5 6 7   2.0
1   3   21 21 21 21 -4 5 -5 4   8 1 3 4 2 5 6 7   2.0
1   3   21 21 21 21 -5 1 -1 5   8 1 3 4 2 5 6 7   2.0
1   3   21 21 21 21 -5 2 -2 5   8 1 3 4 2 5 6 7   2.0
1   3   21 21 21 21 -5 3 -3 5   8 1 3 4 2 5 6 7   2.0
1   3   21 21 21 21 -5 4 -4 5   8 1 3 4 2 5 6 7   2.0
1   3   21 21 21 21 -5 5 -1 1   8 1 3 4 2 5 6 7   2.0
1   3   21 21 21 21 -5 5 -2 2   8 1 3 4 2 5 6 7   2.0
1   3   21 21 21 21 -5 5 -3 3   8 1 3 4 2 5 6 7   2.0
1   3   21 21 21 21 -5 5 -4 4   8 1 3 4 2 5 6 7   2.0
1   3   -1 -1 21 -1 21 21 21 -1   1 3 4 2 5 6 7 8   48.0
1   3   -1 1 21 21 1 21 21 -1   1 3 4 2 5 6 7 8   24.0
1   3   -1 21 -1 1 21 21 21 -1   1 3 4 2 5 6 7 8   12.0
1   3   -1 21 21 21 -1 1 21 -1   1 3 4 2 5 6 7 8   12.0
1   3   -1 21 21 21 21 -1 1 -1   1 3 4 2 5 6 7 8   12.0
1   3   -2 -2 21 -2 21 21 21 -2   1 3 4 2 5 6 7 8   48.0
1   3   -2 2 21 21 2 21 21 -2   1 3 4 2 5 6 7 8   24.0
1   3   -2 21 -2 2 21 21 21 -2   1 3 4 2 5 6 7 8   12.0
1   3   -2 21 21 21 -2 2 21 -2   1 3 4 2 5 6 7 8   12.0
1   3   -2 21 21 21 21 -2 2 -2   1 3 4 2 5 6 7 8   12.0
1   3   -3 -3 21 -3 21 21 21 -3   1 3 4 2 5 6 7 8   48.0
1   3   -3 3 21 21 3 21 21 -3   1 3 4 2 5 6 7 8   24.0
1   3   -3 21 -3 3 21 21 21 -3   1 3 4 2 5 6 7 8   12.0
1   3   -3 21 21 21 -3 3 21 -3   1 3 4 2 5 6 7 8   12.0
1   3   -3 21 21 21 21 -3 3 -3   1 3 4 2 5 6 7 8   12.0
1   3   -4 -4 21 -4 21 21 21 -4   1 3 4 2 5 6 7 8   48.0
1   3   -4 4 21 21 4 21 21 -4   1 3 4 2 5 6 7 8   24.0
1   3   -4 21 -4 4 21 21 21 -4   1 3 4 2 5 6 7 8   12.0
1   3   -4 21 21 21 -4 4 21 -4   1 3 4 2 5 6 7 8   12.0
1   3   -4 21 21 21 21 -4 4 -4   1 3 4 2 5 6 7 8   12.0
1   3   -5 -5 21 -5 21 21 21 -5   1 3 4 2 5 6 7 8   48.0
1   3   -5 5 21 21 5 21 21 -5   1 3 4 2 5 6 7 8   24.0
1   3   -5 21 -5 5 21 21 21 -5   1 3 4 2 5 6 7 8   12.0
1   3   -5 21 21 21 -5 5 21 -5   1 3 4 2 5 6 7 8   12.0
1   3   -5 21 21 21 21 -5 5 -5   1 3 4 2 5 6 7 8   12.0
1   3   1 -1 1 -1 21 21 21 21   2 5 6 7 8 1 3 4   24.0
1   3   1 1 1 21 1 21 21 21   5 6 7 8 1 3 4 2   48.0
1   3   1 21 1 21 -1 1 21 21   6 7 8 1 3 4 2 5   12.0
1   3   1 21 1 21 21 -1 1 21   7 8 1 3 4 2 5 6   12.0
1   3   1 21 1 21 21 21 -1 1   8 1 3 4 2 5 6 7   12.0
1   3   2 -2 2 -2 21 21 21 21   2 5 6 7 8 1 3 4   24.0
1   3   2 2 2 21 2 21 21 21   5 6 7 8 1 3 4 2   48.0
1   3   2 21 2 21 -2 2 21 21   6 7 8 1 3 4 2 5   12.0
1   3   2 21 2 21 21 -2 2 21   7 8 1 3 4 2 5 6   12.0
1   3   2 21 2 21 21 21 -2 2   8 1 3 4 2 5 6 7   12.0
1   3   3 -3 3 -3 21 21 21 21   2 5 6 7 8 1 3 4   24.0
1   3   3 3 3 21 3 21 21 21   5 6 7 8 1 3 4 2   48.0
1   3   3 21 3 21 -3 3 21 21   6 7 8 1 3 4 2 5   12.0
1   3   3 21 3 21 21 -3 3 21   7 8 1 3 4 2 5 6   12.0
1   3   3 21 3 21 21 21 -3 3   8 1 3 4 2 5 6 7   12.0
1   3   4 -4 4 -4 21 21 21 21   2 5 6 7 8 1 3 4   24.0
1   3   4 4 4 21 4 21 21 21   5 6 7 8 1 3 4 2   48.0
1   3   4 21 4 21 -4 4 21 21   6 7 8 1 3 4 2 5   12.0
1   3   4 21 4 21 21 -4 4 21   7 8 1 3 4 2 5 6   12.0
1   3   4 21 4 21 21 21 -4 4   8 1 3 4 2 5 6 7   12.0
1   3   5 -5 5 -5 21 21 21 21   2 5 6 7 8 1 3 4   24.0
1   3   5 5 5 21 5 21 21 21   5 6 7 8 1 3 4 2   48.0
1   3   5 21 5 21 -5 5 21 21   6 7 8 1 3 4 2 5   12.0
1   3   5 21 5 21 21 -5 5 21   7 8 1 3 4 2 5 6   12.0
1   3   5 21 5 21 21 21 -5 5   8 1 3 4 2 5 6 7   12.0
1   3   21 -1 21 -1 -1 1 21 21   6 7 8 1 3 4 2 5   12.0
1   3   21 -1 21 -1 21 -1 1 21   7 8 1 3 4 2 5 6   12.0
1   3   21 -1 21 -1 21 21 -1 1   8 1 3 4 2 5 6 7   12.0
1   3   21 -2 21 -2 -2 2 21 21   6 7 8 1 3 4 2 5   12.0
1   3   21 -2 21 -2 21 -2 2 21   7 8 1 3 4 2 5 6   12.0
1   3   21 -2 21 -2 21 21 -2 2   8 1 3 4 2 5 6 7   12.0
1   3   21 -3 21 -3 -3 3 21 21   6 7 8 1 3 4 2 5   12.0
1   3   21 -3 21 -3 21 -3 3 21   7 8 1 3 4 2 5 6   12.0
1   3   21 -3 21 -3 21 21 -3 3   8 1 3 4 2 5 6 7   12.0
1   3   21 -4 21 -4 -4 4 21 21   6 7 8 1 3 4 2 5   12.0
1   3   21 -4 21 -4 21 -4 4 21   7 8 1 3 4 2 5 6   12.0
1   3   21 -4 21 -4 21 21 -4 4   8 1 3 4 2 5 6 7   12.0
1   3   21 -5 21 -5 -5 5 21 21   6 7 8 1 3 4 2 5   12.0
1   3   21 -5 21 -5 21 -5 5 21   7 8 1 3 4 2 5 6   12.0
1   3   21 -5 21 -5 21 21 -5 5   8 1 3 4 2 5 6 7   12.0
1   3   21 1 -1 1 1 21 21 21   5 6 7 8 1 3 4 2   12.0
1   3   21 1 21 21 1 -1 1 21   7 8 1 3 4 2 5 6   12.0
1   3   21 1 21 21 1 21 -1 1   8 1 3 4 2 5 6 7   12.0
1   3   21 2 -2 2 2 21 21 21   5 6 7 8 1 3 4 2   12.0
1   3   21 2 21 21 2 -2 2 21   7 8 1 3 4 2 5 6   12.0
1   3   21 2 21 21 2 21 -2 2   8 1 3 4 2 5 6 7   12.0
1   3   21 3 -3 3 3 21 21 21   5 6 7 8 1 3 4 2   12.0
1   3   21 3 21 21 3 -3 3 21   7 8 1 3 4 2 5 6   12.0
1   3   21 3 21 21 3 21 -3 3   8 1 3 4 2 5 6 7   12.0
1   3   21 4 -4 4 4 21 21 21   5 6 7 8 1 3 4 2   12.0
1   3   21 4 21 21 4 -4 4 21   7 8 1 3 4 2 5 6   12.0
1   3   21 4 21 21 4 21 -4 4   8 1 3 4 2 5 6 7   12.0
1   3   21 5 -5 5 5 21 21 21   5 6 7 8 1 3 4 2   12.0
1   3   21 5 21 21 5 -5 5 21   7 8 1 3 4 2 5 6   12.0
1   3   21 5 21 21 5 21 -5 5   8 1 3 4 2 5 6 7   12.0
1   3   21 21 -1 1 -1 1 21 21   6 7 8 1 3 4 2 5   8.0
1   3   21 21 -1 1 21 -1 1 21   7 8 1 3 4 2 5 6   8.0
1   3   21 21 -1 1 21 21 -1 1   8 1 3 4 2 5 6 7   8.0
1   3   21 21 -2 2 -2 2 21 21   6 7 8 1 3 4 2 5   8.0
1   3   21 21 -2 2 21 -2 2 21   7 8 1 3 4 2 5 6   8.0
1   3   21 21 -2 2 21 21 -2 2   8 1 3 4 2 5 6 7   8.0
1   3   21 21 -3 3 -3 3 21 21   6 7 8 1 3 4 2 5   8.0
1   3   21 21 -3 3 21 -3 3 21   7 8 1 3 4 2 5 6   8.0
1   3   21 21 -3 3 21 21 -3 3   8 1 3 4 2 5 6 7   8.0
1   3   21 21 -4 4 -4 4 21 21   6 7 8 1 3 4 2 5   8.0
1   3   21 21 -4 4 21 -4 4 21   7 8 1 3 4 2 5 6   8.0
1   3   21 21 -4 4 21 21 -4 4   8 1 3 4 2 5 6 7   8.0
1   3   21 21 -5 5 -5 5 21 21   6 7 8 1 3 4 2 5   8.0
1   3   21 21 -5 5 21 -5 5 21   7 8 1 3 4 2 5 6   8.0
1   3   21 21 -5 5 21 21 -5 5   8 1 3 4 2 5 6 7   8.0
1   3   21 21 21 21 -1 1 -1 1   8 1 3 4 2 5 6 7   8.0
1   3   21 21 21 21 -2 2 -2 2   8 1 3 4 2 5 6 7   8.0
1   3   21 21 21 21 -3 3 -3 3   8 1 3 4 2 5 6 7   8.0
1   3   21 21 21 21 -4 4 -4 4   8 1 3 4 2 5 6 7   8.0
1   3   21 21 21 21 -5 5 -5 5   8 1 3 4 2 5 6 7   8.0



4   941   1   1 3 4 5 2 6 7 8
1   4   21 21 21 21 21 21 21 21   1 3 4 5 2 6 7 8   720.0
1   4   -1 21 21 21 21 21 21 -1   1 3 4 5 2 6 7 8   120.0
1   4   -2 21 21 21 21 21 21 -2   1 3 4 5 2 6 7 8   120.0
1   4   -3 21 21 21 21 21 21 -3   1 3 4 5 2 6 7 8   120.0
1   4   -4 21 21 21 21 21 21 -4   1 3 4 5 2 6 7 8   120.0
1   4   -5 21 21 21 21 21 21 -5   1 3 4 5 2 6 7 8   120.0
1   4   1 21 1 21 21 21 21 21   3 4 5 2 6 7 8 1   120.0
1   4   2 21 2 21 21 21 21 21   3 4 5 2 6 7 8 1   120.0
1   4   3 21 3 21 21 21 21 21   3 4 5 2 6 7 8 1   120.0
1   4   4 21 4 21 21 21 21 21   3 4 5 2 6 7 8 1   120.0
1   4   5 21 5 21 21 21 21 21   3 4 5 2 6 7 8 1   120.0
1   4   21 -1 21 21 -1 21 21 21   2 6 7 8 1 3 4 5   120.0
1   4   21 -2 21 21 -2 21 21 21   2 6 7 8 1 3 4 5   120.0
1   4   21 -3 21 21 -3 21 21 21   2 6 7 8 1 3 4 5   120.0
1   4   21 -4 21 21 -4 21 21 21   2 6 7 8 1 3 4 5   120.0
1   4   21 -5 21 21 -5 21 21 21   2 6 7 8 1 3 4 5   120.0
1   4   21 1 21 21 21 1 21 21   6 7 8 1 3 4 5 2   120.0
1   4   21 2 21 21 21 2 21 21   6 7 8 1 3 4 5 2   120.0
1   4   21 3 21 21 21 3 21 21   6 7 8 1 3 4 5 2   120.0
1   4   21 4 21 21 21 4 21 21   6 7 8 1 3 4 5 2   120.0
1   4   21 5 21 21 21 5 21 21   6 7 8 1 3 4 5 2   120.0
1   4   21 21 -1 1 21 21 21 21   4 5 2 6 7 8 1 3   24.0
1   4   21 21 -2 2 21 21 21 21   4 5 2 6 7 8 1 3   24.0
1   4   21 21 -3 3 21 21 21 21   4 5 2 6 7 8 1 3   24.0
1   4   21 21 -4 4 21 21 21 21   4 5 2 6 7 8 1 3   24.0
1   4   21 21 -5 5 21 21 21 21   4 5 2 6 7 8 1 3   24.0
1   4   21 21 21 -1 1 21 21 21   5 2 6 7 8 1 3 4   24.0
1   4   21 21 21 -2 2 21 21 21   5 2 6 7 8 1 3 4   24.0
1   4   21 21 21 -3 3 21 21 21   5 2 6 7 8 1 3 4   24.0
1   4   21 21 21 -4 4 21 21 21   5 2 6 7 8 1 3 4   24.0
1   4   21 21 21 -5 5 21 21 21   5 2 6 7 8 1 3 4   24.0
1   4   21 21 21 21 21 -1 1 21   7 8 1 3 4 5 2 6   24.0
1   4   21 21 21 21 21 -2 2 21   7 8 1 3 4 5 2 6   24.0
1   4   21 21 21 21 21 -3 3 21   7 8 1 3 4 5 2 6   24.0
1   4   21 21 21 21 21 -4 4 21   7 8 1 3 4 5 2 6   24.0
1   4   21 21 21 21 21 -5 5 21   7 8 1 3 4 5 2 6   24.0
1   4   21 21 21 21 21 21 -1 1   8 1 3 4 5 2 6 7   24.0
1   4   21 21 21 21 21 21 -2 2   8 1 3 4 5 2 6 7   24.0
1   4   21 21 21 21 21 21 -3 3   8 1 3 4 5 2 6 7   24.0
1   4   21 21 21 21 21 21 -4 4   8 1 3 4 5 2 6 7   24.0
1   4   21 21 21 21 21 21 -5 5   8 1 3 4 5 2 6 7   24.0
1   4   -1 -2 21 21 -1 21 21 -2   1 3 4 5 2 6 7 8   24.0
1   4   -1 -2 21 21 -2 21 21 -1   1 3 4 5 2 6 7 8   24.0
1   4   -1 -3 21 21 -1 21 21 -3   1 3 4 5 2 6 7 8   24.0
1   4   -1 -3 21 21 -3 21 21 -1   1 3 4 5 2 6 7 8   24.0
1   4   -1 -4 21 21 -1 21 21 -4   1 3 4 5 2 6 7 8   24.0
1   4   -1 -4 21 21 -4 21 21 -1   1 3 4 5 2 6 7 8   24.0
1   4   -1 -5 21 21 -1 21 21 -5   1 3 4 5 2 6 7 8   24.0
1   4   -1 -5 21 21 -5 21 21 -1   1 3 4 5 2 6 7 8   24.0
1   4   -1 1 21 21 21 2 21 -2   1 3 4 5 2 6 7 8   24.0
1   4   -1 1 21 21 21 3 21 -3   1 3 4 5 2 6 7 8   24.0
1   4   -1 1 21 21 21 4 21 -4   1 3 4 5 2 6 7 8   24.0
1   4   -1 1 21 21 21 5 21 -5   1 3 4 5 2 6 7 8   24.0
1   4   -1 2 21 21 21 2 21 -1   1 3 4 5 2 6 7 8   24.0
1   4   -1 3 21 21 21 3 21 -1   1 3 4 5 2 6 7 8   24.0
1   4   -1 4 21 21 21 4 21 -1   1 3 4 5 2 6 7 8   24.0
1   4   -1 5 21 21 21 5 21 -1   1 3 4 5 2 6 7 8   24.0
1   4   -1 21 -1 2 21 21 21 -2   1 3 4 5 2 6 7 8   6.0
1   4   -1 21 -1 3 21 21 21 -3   1 3 4 5 2 6 7 8   6.0
1   4   -1 21 -1 4 21 21 21 -4   1 3 4 5 2 6 7 8   6.0
1   4   -1 21 -1 5 21 21 21 -5   1 3 4 5 2 6 7 8   6.0
1   4   -1 21 -2 2 21 21 21 -1   1 3 4 5 2 6 7 8   6.0
1   4   -1 21 -3 3 21 21 21 -1   1 3 4 5 2 6 7 8   6.0
1   4   -1 21 -4 4 21 21 21 -1   1 3 4 5 2 6 7 8   6.0
1   4   -1 21 -5 5 21 21 21 -1   1 3 4 5 2 6 7 8   6.0
1   4   -1 21 21 -1 2 21 21 -2   1 3 4 5 2 6 7 8   6.0
1   4   -1 21 21 -1 3 21 21 -3   1 3 4 5 2 6 7 8   6.0
1   4   -1 21 21 -1 4 21 21 -4   1 3 4 5 2 6 7 8   6.0
1   4   -1 21 21 -1 5 21 21 -5   1 3 4 5 2 6 7 8   6.0
1   4   -1 21 21 -2 2 21 21 -1   1 3 4 5 2 6 7 8   6.0
1   4   -1 21 21 -3 3 21 21 -1   1 3 4 5 2 6 7 8   6.0
1   4   -1 21 21 -4 4 21 21 -1   1 3 4 5 2 6 7 8   6.0
1   4   -1 21 21 -5 5 21 21 -1   1 3 4 5 2 6 7 8   6.0
1   4   -1 21 21 21 21 -1 2 -2   1 3 4 5 2 6 7 8   6.0
1   4   -1 21 21 21 21 -1 3 -3   1 3 4 5 2 6 7 8   6.0
1   4   -1 21 21 21 21 -1 4 -4   1 3 4 5 2 6 7 8   6.0
1   4   -1 21 21 21 21 -1 5 -5   1 3 4 5 2 6 7 8   6.0
1   4   -1 21 21 21 21 -2 2 -1   1 3 4 5 2 6 7 8   6.0
1   4   -1 21 21 21 21 -3 3 -1   1 3 4 5 2 6 7 8   6.0
1   4   -1 21 21 21 21 -4 4 -1   1 3 4 5 2 6 7 8   6.0
1   4   -1 21 21 21 21 -5 5 -1   1 3 4 5 2 6 7 8   6.0
1   4   -2 -1 21 21 -1 21 21 -2   1 3 4 5 2 6 7 8   24.0
1   4   -2 -1 21 21 -2 21 21 -1   1 3 4 5 2 6 7 8   24.0
1   4   -2 -3 21 21 -2 21 21 -3   1 3 4 5 2 6 7 8   24.0
1   4   -2 -3 21 21 -3 21 21 -2   1 3 4 5 2 6 7 8   24.0
1   4   -2 -4 21 21 -2 21 21 -4   1 3 4 5 2 6 7 8   24.0
1   4   -2 -4 21 21 -4 21 21 -2   1 3 4 5 2 6 7 8   24.0
1   4   -2 -5 21 21 -2 21 21 -5   1 3 4 5 2 6 7 8   24.0
1   4   -2 -5 21 21 -5 21 21 -2   1 3 4 5 2 6 7 8   24.0
1   4   -2 1 21 21 21 1 21 -2   1 3 4 5 2 6 7 8   24.0
1   4   -2 2 21 21 21 1 21 -1   1 3 4 5 2 6 7 8   24.0
1   4   -2 2 21 21 21 3 21 -3   1 3 4 5 2 6 7 8   24.0
1   4   -2 2 21 21 21 4 21 -4   1 3 4 5 2 6 7 8   24.0
1   4   -2 2 21 21 21 5 21 -5   1 3 4 5 2 6 7 8   24.0
1   4   -2 3 21 21 21 3 21 -2   1 3 4 5 2 6 7 8   24.0
1   4   -2 4 21 21 21 4 21 -2   1 3 4 5 2 6 7 8   24.0
1   4   -2 5 21 21 21 5 21 -2   1 3 4 5 2 6 7 8   24.0
1   4   -2 21 -1 1 21 21 21 -2   1 3 4 5 2 6 7 8   6.0
1   4   -2 21 -2 1 21 21 21 -1   1 3 4 5 2 6 7 8   6.0
1   4   -2 21 -2 3 21 21 21 -3   1 3 4 5 2 6 7 8   6.0
1   4   -2 21 -2 4 21 21 21 -4   1 3 4 5 2 6 7 8   6.0
1   4   -2 21 -2 5 21 21 21 -5   1 3 4 5 2 6 7 8   6.0
1   4   -2 21 -3 3 21 21 21 -2   1 3 4 5 2 6 7 8   6.0
1   4   -2 21 -4 4 21 21 21 -2   1 3 4 5 2 6 7 8   6.0
1   4   -2 21 -5 5 21 21 21 -2   1 3 4 5 2 6 7 8   6.0
1   4   -2 21 21 -1 1 21 21 -2   1 3 4 5 2 6 7 8   6.0
1   4   -2 21 21 -2 1 21 21 -1   1 3 4 5 2 6 7 8   6.0
1   4   -2 21 21 -2 3 21 21 -3   1 3 4 5 2 6 7 8   6.0
1   4   -2 21 21 -2 4 21 21 -4   1 3 4 5 2 6 7 8   6.0
1   4   -2 21 21 -2 5 21 21 -5   1 3 4 5 2 6 7 8   6.0
1   4   -2 21 21 -3 3 21 21 -2   1 3 4 5 2 6 7 8   6.0
1   4   -2 21 21 -4 4 21 21 -2   1 3 4 5 2 6 7 8   6.0
1   4   -2 21 21 -5 5 21 21 -2   1 3 4 5 2 6 7 8   6.0
1   4   -2 21 21 21 21 -1 1 -2   1 3 4 5 2 6 7 8   6.0
1   4   -2 21 21 21 21 -2 1 -1   1 3 4 5 2 6 7 8   6.0
1   4   -2 21 21 21 21 -2 3 -3   1 3 4 5 2 6 7 8   6.0
1   4   -2 21 21 21 21 -2 4 -4   1 3 4 5 2 6 7 8   6.0
1   4   -2 21 21 21 21 -2 5 -5   1 3 4 5 2 6 7 8   6.0
1   4   -2 21 21 21 21 -3 3 -2   1 3 4 5 2 6 7 8   6.0
1   4   -2 21 21 21 21 -4 4 -2   1 3 4 5 2 6 7 8   6.0
1   4   -2 21 21 21 21 -5 5 -2   1 3 4 5 2 6 7 8   6.0
1   4   -3 -1 21 21 -1 21 21 -3   1 3 4 5 2 6 7 8   24.0
1   4   -3 -1 21 21 -3 21 21 -1   1 3 4 5 2 6 7 8   24.0
1   4   -3 -2 21 21 -2 21 21 -3   1 3 4 5 2 6 7 8   24.0
1   4   -3 -2 21 21 -3 21 21 -2   1 3 4 5 2 6 7 8   24.0
1   4   -3 -4 21 21 -3 21 21 -4   1 3 4 5 2 6 7 8   24.0
1   4   -3 -4 21 21 -4 21 21 -3   1 3 4 5 2 6 7 8   24.0
1   4   -3 -5 21 21 -3 21 21 -5   1 3 4 5 2 6 7 8   24.0
1   4   -3 -5 21 21 -5 21 21 -3   1 3 4 5 2 6 7 8   24.0
1   4   -3 1 21 21 21 1 21 -3   1 3 4 5 2 6 7 8   24.0
1   4   -3 2 21 21 21 2 21 -3   1 3 4 5 2 6 7 8   24.0
1   4   -3 3 21 21 21 1 21 -1   1 3 4 5 2 6 7 8   24.0
1   4   -3 3 21 21 21 2 21 -2   1 3 4 5 2 6 7 8   24.0
1   4   -3 3 21 21 21 4 21 -4   1 3 4 5 2 6 7 8   24.0
1   4   -3 3 21 21 21 5 21 -5   1 3 4 5 2 6 7 8   24.0
1   4   -3 4 21 21 21 4 21 -3   1 3 4 5 2 6 7 8   24.0
1   4   -3 5 21 21 21 5 21 -3   1 3 4 5 2 6 7 8   24.0
1   4   -3 21 -1 1 21 21 21 -3   1 3 4 5 2 6 7 8   6.0
1   4   -3 21 -2 2 21 21 21 -3   1 3 4 5 2 6 7 8   6.0
1   4   -3 21 -3 1 21 21 21 -1   1 3 4 5 2 6 7 8   6.0
1   4   -3 21 -3 2 21 21 21 -2   1 3 4 5 2 6 7 8   6.0
1   4   -3 21 -3 4 21 21 21 -4   1 3 4 5 2 6 7 8   6.0
1   4   -3 21 -3 5 21 21 21 -5   1 3 4 5 2 6 7 8   6.0
1   4   -3 21 -4 4 21 21 21 -3   1 3 4 5 2 6 7 8   6.0
1   4   -3 21 -5 5 21 21 21 -3   1 3 4 5 2 6 7 8   6.0
1   4   -3 21 21 -1 1 21 21 -3   1 3 4 5 2 6 7 8   6.0
1   4   -3 21 21 -2 2 21 21 -3   1 3 4 5 2 6 7 8   6.0
1   4   -3 21 21 -3 1 21 21 -1   1 3 4 5 2 6 7 8   6.0
1   4   -3 21 21 -3 2 21 21 -2   1 3 4 5 2 6 7 8   6.0
1   4   -3 21 21 -3 4 21 21 -4   1 3 4 5 2 6 7 8   6.0
1   4   -3 21 21 -3 5 21 21 -5   1 3 4 5 2 6 7 8   6.0
1   4   -3 21 21 -4 4 21 21 -3   1 3 4 5 2 6 7 8   6.0
1   4   -3 21 21 -5 5 21 21 -3   1 3 4 5 2 6 7 8   6.0
1   4   -3 21 21 21 21 -1 1 -3   1 3 4 5 2 6 7 8   6.0
1   4   -3 21 21 21 21 -2 2 -3   1 3 4 5 2 6 7 8   6.0
1   4   -3 21 21 21 21 -3 1 -1   1 3 4 5 2 6 7 8   6.0
1   4   -3 21 21 21 21 -3 2 -2   1 3 4 5 2 6 7 8   6.0
1   4   -3 21 21 21 21 -3 4 -4   1 3 4 5 2 6 7 8   6.0
1   4   -3 21 21 21 21 -3 5 -5   1 3 4 5 2 6 7 8   6.0
1   4   -3 21 21 21 21 -4 4 -3   1 3 4 5 2 6 7 8   6.0
1   4   -3 21 21 21 21 -5 5 -3   1 3 4 5 2 6 7 8   6.0
1   4   -4 -1 21 21 -1 21 21 -4   1 3 4 5 2 6 7 8   24.0
1   4   -4 -1 21 21 -4 21 21 -1   1 3 4 5 2 6 7 8   24.0
1   4   -4 -2 21 21 -2 21 21 -4   1 3 4 5 2 6 7 8   24.0
1   4   -4 -2 21 21 -4 21 21 -2   1 3 4 5 2 6 7 8   24.0
1   4   -4 -3 21 21 -3 21 21 -4   1 3 4 5 2 6 7 8   24.0
1   4   -4 -3 21 21 -4 21 21 -3   1 3 4 5 2 6 7 8   24.0
1   4   -4 -5 21 21 -4 21 21 -5   1 3 4 5 2 6 7 8   24.0
1   4   -4 -5 21 21 -5 21 21 -4   1 3 4 5 2 6 7 8   24.0
1   4   -4 1 21 21 21 1 21 -4   1 3 4 5 2 6 7 8   24.0
1   4   -4 2 21 21 21 2 21 -4   1 3 4 5 2 6 7 8   24.0
1   4   -4 3 21 21 21 3 21 -4   1 3 4 5 2 6 7 8   24.0
1   4   -4 4 21 21 21 1 21 -1   1 3 4 5 2 6 7 8   24.0
1   4   -4 4 21 21 21 2 21 -2   1 3 4 5 2 6 7 8   24.0
1   4   -4 4 21 21 21 3 21 -3   1 3 4 5 2 6 7 8   24.0
1   4   -4 4 21 21 21 5 21 -5   1 3 4 5 2 6 7 8   24.0
1   4   -4 5 21 21 21 5 21 -4   1 3 4 5 2 6 7 8   24.0
1   4   -4 21 -1 1 21 21 21 -4   1 3 4 5 2 6 7 8   6.0
1   4   -4 21 -2 2 21 21 21 -4   1 3 4 5 2 6 7 8   6.0
1   4   -4 21 -3 3 21 21 21 -4   1 3 4 5 2 6 7 8   6.0
1   4   -4 21 -4 1 21 21 21 -1   1 3 4 5 2 6 7 8   6.0
1   4   -4 21 -4 2 21 21 21 -2   1 3 4 5 2 6 7 8   6.0
1   4   -4 21 -4 3 21 21 21 -3   1 3 4 5 2 6 7 8   6.0
1   4   -4 21 -4 5 21 21 21 -5   1 3 4 5 2 6 7 8   6.0
1   4   -4 21 -5 5 21 21 21 -4   1 3 4 5 2 6 7 8   6.0
1   4   -4 21 21 -1 1 21 21 -4   1 3 4 5 2 6 7 8   6.0
1   4   -4 21 21 -2 2 21 21 -4   1 3 4 5 2 6 7 8   6.0
1   4   -4 21 21 -3 3 21 21 -4   1 3 4 5 2 6 7 8   6.0
1   4   -4 21 21 -4 1 21 21 -1   1 3 4 5 2 6 7 8   6.0
1   4   -4 21 21 -4 2 21 21 -2   1 3 4 5 2 6 7 8   6.0
1   4   -4 21 21 -4 3 21 21 -3   1 3 4 5 2 6 7 8   6.0
1   4   -4 21 21 -4 5 21 21 -5   1 3 4 5 2 6 7 8   6.0
1   4   -4 21 21 -5 5 21 21 -4   1 3 4 5 2 6 7 8   6.0
1   4   -4 21 21 21 21 -1 1 -4   1 3 4 5 2 6 7 8   6.0
1   4   -4 21 21 21 21 -2 2 -4   1 3 4 5 2 6 7 8   6.0
1   4   -4 21 21 21 21 -3 3 -4   1 3 4 5 2 6 7 8   6.0
1   4   -4 21 21 21 21 -4 1 -1   1 3 4 5 2 6 7 8   6.0
1   4   -4 21 21 21 21 -4 2 -2   1 3 4 5 2 6 7 8   6.0
1   4   -4 21 21 21 21 -4 3 -3   1 3 4 5 2 6 7 8   6.0
1   4   -4 21 21 21 21 -4 5 -5   1 3 4 5 2 6 7 8   6.0
1   4   -4 21 21 21 21 -5 5 -4   1 3 4 5 2 6 7 8   6.0
1   4   -5 -1 21 21 -1 21 21 -5   1 3 4 5 2 6 7 8   24.0
1   4   -5 -1 21 21 -5 21 21 -1   1 3 4 5 2 6 7 8   24.0
1   4   -5 -2 21 21 -2 21 21 -5   1 3 4 5 2 6 7 8   24.0
1   4   -5 -2 21 21 -5 21 21 -2   1 3 4 5 2 6 7 8   24.0
1   4   -5 -3 21 21 -3 21 21 -5   1 3 4 5 2 6 7 8   24.0
1   4   -5 -3 21 21 -5 21 21 -3   1 3 4 5 2 6 7 8   24.0
1   4   -5 -4 21 21 -4 21 21 -5   1 3 4 5 2 6 7 8   24.0
1   4   -5 -4 21 21 -5 21 21 -4   1 3 4 5 2 6 7 8   24.0
1   4   -5 1 21 21 21 1 21 -5   1 3 4 5 2 6 7 8   24.0
1   4   -5 2 21 21 21 2 21 -5   1 3 4 5 2 6 7 8   24.0
1   4   -5 3 21 21 21 3 21 -5   1 3 4 5 2 6 7 8   24.0
1   4   -5 4 21 21 21 4 21 -5   1 3 4 5 2 6 7 8   24.0
1   4   -5 5 21 21 21 1 21 -1   1 3 4 5 2 6 7 8   24.0
1   4   -5 5 21 21 21 2 21 -2   1 3 4 5 2 6 7 8   24.0
1   4   -5 5 21 21 21 3 21 -3   1 3 4 5 2 6 7 8   24.0
1   4   -5 5 21 21 21 4 21 -4   1 3 4 5 2 6 7 8   24.0
1   4   -5 21 -1 1 21 21 21 -5   1 3 4 5 2 6 7 8   6.0
1   4   -5 21 -2 2 21 21 21 -5   1 3 4 5 2 6 7 8   6.0
1   4   -5 21 -3 3 21 21 21 -5   1 3 4 5 2 6 7 8   6.0
1   4   -5 21 -4 4 21 21 21 -5   1 3 4 5 2 6 7 8   6.0
1   4   -5 21 -5 1 21 21 21 -1   1 3 4 5 2 6 7 8   6.0
1   4   -5 21 -5 2 21 21 21 -2   1 3 4 5 2 6 7 8   6.0
1   4   -5 21 -5 3 21 21 21 -3   1 3 4 5 2 6 7 8   6.0
1   4   -5 21 -5 4 21 21 21 -4   1 3 4 5 2 6 7 8   6.0
1   4   -5 21 21 -1 1 21 21 -5   1 3 4 5 2 6 7 8   6.0
1   4   -5 21 21 -2 2 21 21 -5   1 3 4 5 2 6 7 8   6.0
1   4   -5 21 21 -3 3 21 21 -5   1 3 4 5 2 6 7 8   6.0
1   4   -5 21 21 -4 4 21 21 -5   1 3 4 5 2 6 7 8   6.0
1   4   -5 21 21 -5 1 21 21 -1   1 3 4 5 2 6 7 8   6.0
1   4   -5 21 21 -5 2 21 21 -2   1 3 4 5 2 6 7 8   6.0
1   4   -5 21 21 -5 3 21 21 -3   1 3 4 5 2 6 7 8   6.0
1   4   -5 21 21 -5 4 21 21 -4   1 3 4 5 2 6 7 8   6.0
1   4   -5 21 21 21 21 -1 1 -5   1 3 4 5 2 6 7 8   6.0
1   4   -5 21 21 21 21 -2 2 -5   1 3 4 5 2 6 7 8   6.0
1   4   -5 21 21 21 21 -3 3 -5   1 3 4 5 2 6 7 8   6.0
1   4   -5 21 21 21 21 -4 4 -5   1 3 4 5 2 6 7 8   6.0
1   4   -5 21 21 21 21 -5 1 -1   1 3 4 5 2 6 7 8   6.0
1   4   -5 21 21 21 21 -5 2 -2   1 3 4 5 2 6 7 8   6.0
1   4   -5 21 21 21 21 -5 3 -3   1 3 4 5 2 6 7 8   6.0
1   4   -5 21 21 21 21 -5 4 -4   1 3 4 5 2 6 7 8   6.0
1   4   1 -1 2 21 -2 21 21 21   2 6 7 8 1 3 4 5   24.0
1   4   1 -1 3 21 -3 21 21 21   2 6 7 8 1 3 4 5   24.0
1   4   1 -1 4 21 -4 21 21 21   2 6 7 8 1 3 4 5   24.0
1   4   1 -1 5 21 -5 21 21 21   2 6 7 8 1 3 4 5   24.0
1   4   1 -2 1 21 -2 21 21 21   2 6 7 8 1 3 4 5   24.0
1   4   1 -3 1 21 -3 21 21 21   2 6 7 8 1 3 4 5   24.0
1   4   1 -4 1 21 -4 21 21 21   2 6 7 8 1 3 4 5   24.0
1   4   1 -5 1 21 -5 21 21 21   2 6 7 8 1 3 4 5   24.0
1   4   1 2 1 21 21 2 21 21   6 7 8 1 3 4 5 2   24.0
1   4   1 2 2 21 21 1 21 21   6 7 8 1 3 4 5 2   24.0
1   4   1 3 1 21 21 3 21 21   6 7 8 1 3 4 5 2   24.0
1   4   1 3 3 21 21 1 21 21   6 7 8 1 3 4 5 2   24.0
1   4   1 4 1 21 21 4 21 21   6 7 8 1 3 4 5 2   24.0
1   4   1 4 4 21 21 1 21 21   6 7 8 1 3 4 5 2   24.0
1   4   1 5 1 21 21 5 21 21   6 7 8 1 3 4 5 2   24.0
1   4   1 5 5 21 21 1 21 21   6 7 8 1 3 4 5 2   24.0
1   4   1 21 1 -2 2 21 21 21   5 2 6 7 8 1 3 4   6.0
1   4   1 21 1 -3 3 21 21 21   5 2 6 7 8 1 3 4   6.0
1   4   1 21 1 -4 4 21 21 21   5 2 6 7 8 1 3 4   6.0
1   4   1 21 1 -5 5 21 21 21   5 2 6 7 8 1 3 4   6.0
1   4   1 21 1 21 21 -2 2 21   7 8 1 3 4 5 2 6   6.0
1   4   1 21 1 21 21 -3 3 21   7 8 1 3 4 5 2 6   6.0
1   4   1 21 1 21 21 -4 4 21   7 8 1 3 4 5 2 6   6.0
1   4   1 21 1 21 21 -5 5 21   7 8 1 3 4 5 2 6   6.0
1   4   1 21 1 21 21 21 -2 2   8 1 3 4 5 2 6 7   6.0
1   4   1 21 1 21 21 21 -3 3   8 1 3 4 5 2 6 7   6.0
1   4   1 21 1 21 21 21 -4 4   8 1 3 4 5 2 6 7   6.0
1   4   1 21 1 21 21 21 -5 5   8 1 3 4 5 2 6 7   6.0
1   4   1 21 2 -2 1 21 21 21   5 2 6 7 8 1 3 4   6.0
1   4   1 21 2 21 21 -2 1 21   7 8 1 3 4 5 2 6   6.0
1   4   1 21 2 21 21 21 -2 1   8 1 3 4 5 2 6 7   6.0
1   4   1 21 3 -3 1 21 21 21   5 2 6 7 8 1 3 4   6.0
1   4   1 21 3 21 21 -3 1 21   7 8 1 3 4 5 2 6   6.0
1   4   1 21 3 21 21 21 -3 1   8 1 3 4 5 2 6 7   6.0
1   4   1 21 4 -4 1 21 21 21   5 2 6 7 8 1 3 4   6.0
1   4   1 21 4 21 21 -4 1 21   7 8 1 3 4 5 2 6   6.0
1   4   1 21 4 21 21 21 -4 1   8 1 3 4 5 2 6 7   6.0
1   4   1 21 5 -5 1 21 21 21   5 2 6 7 8 1 3 4   6.0
1   4   1 21 5 21 21 -5 1 21   7 8 1 3 4 5 2 6   6.0
1   4   1 21 5 21 21 21 -5 1   8 1 3 4 5 2 6 7   6.0
1   4   2 -1 2 21 -1 21 21 21   2 6 7 8 1 3 4 5   24.0
1   4   2 -2 1 21 -1 21 21 21   2 6 7 8 1 3 4 5   24.0
1   4   2 -2 3 21 -3 21 21 21   2 6 7 8 1 3 4 5   24.0
1   4   2 -2 4 21 -4 21 21 21   2 6 7 8 1 3 4 5   24.0
1   4   2 -2 5 21 -5 21 21 21   2 6 7 8 1 3 4 5   24.0
1   4   2 -3 2 21 -3 21 21 21   2 6 7 8 1 3 4 5   24.0
1   4   2 -4 2 21 -4 21 21 21   2 6 7 8 1 3 4 5   24.0
1   4   2 -5 2 21 -5 21 21 21   2 6 7 8 1 3 4 5   24.0
1   4   2 1 1 21 21 2 21 21   6 7 8 1 3 4 5 2   24.0
1   4   2 1 2 21 21 1 21 21   6 7 8 1 3 4 5 2   24.0
1   4   2 3 2 21 21 3 21 21   6 7 8 1 3 4 5 2   24.0
1   4   2 3 3 21 21 2 21 21   6 7 8 1 3 4 5 2   24.0
1   4   2 4 2 21 21 4 21 21   6 7 8 1 3 4 5 2   24.0
1   4   2 4 4 21 21 2 21 21   6 7 8 1 3 4 5 2   24.0
1   4   2 5 2 21 21 5 21 21   6 7 8 1 3 4 5 2   24.0
1   4   2 5 5 21 21 2 21 21   6 7 8 1 3 4 5 2   24.0
1   4   2 21 1 -1 2 21 21 21   5 2 6 7 8 1 3 4   6.0
1   4   2 21 1 21 21 -1 2 21   7 8 1 3 4 5 2 6   6.0
1   4   2 21 1 21 21 21 -1 2   8 1 3 4 5 2 6 7   6.0
1   4   2 21 2 -1 1 21 21 21   5 2 6 7 8 1 3 4   6.0
1   4   2 21 2 -3 3 21 21 21   5 2 6 7 8 1 3 4   6.0
1   4   2 21 2 -4 4 21 21 21   5 2 6 7 8 1 3 4   6.0
1   4   2 21 2 -5 5 21 21 21   5 2 6 7 8 1 3 4   6.0
1   4   2 21 2 21 21 -1 1 21   7 8 1 3 4 5 2 6   6.0
1   4   2 21 2 21 21 -3 3 21   7 8 1 3 4 5 2 6   6.0
1   4   2 21 2 21 21 -4 4 21   7 8 1 3 4 5 2 6   6.0
1   4   2 21 2 21 21 -5 5 21   7 8 1 3 4 5 2 6   6.0
1   4   2 21 2 21 21 21 -1 1   8 1 3 4 5 2 6 7   6.0
1   4   2 21 2 21 21 21 -3 3   8 1 3 4 5 2 6 7   6.0
1   4   2 21 2 21 21 21 -4 4   8 1 3 4 5 2 6 7   6.0
1   4   2 21 2 21 21 21 -5 5   8 1 3 4 5 2 6 7   6.0
1   4   2 21 3 -3 2 21 21 21   5 2 6 7 8 1 3 4   6.0
1   4   2 21 3 21 21 -3 2 21   7 8 1 3 4 5 2 6   6.0
1   4   2 21 3 21 21 21 -3 2   8 1 3 4 5 2 6 7   6.0
1   4   2 21 4 -4 2 21 21 21   5 2 6 7 8 1 3 4   6.0
1   4   2 21 4 21 21 -4 2 21   7 8 1 3 4 5 2 6   6.0
1   4   2 21 4 21 21 21 -4 2   8 1 3 4 5 2 6 7   6.0
1   4   2 21 5 -5 2 21 21 21   5 2 6 7 8 1 3 4   6.0
1   4   2 21 5 21 21 -5 2 21   7 8 1 3 4 5 2 6   6.0
1   4   2 21 5 21 21 21 -5 2   8 1 3 4 5 2 6 7   6.0
1   4   3 -1 3 21 -1 21 21 21   2 6 7 8 1 3 4 5   24.0
1   4   3 -2 3 21 -2 21 21 21   2 6 7 8 1 3 4 5   24.0
1   4   3 -3 1 21 -1 21 21 21   2 6 7 8 1 3 4 5   24.0
1   4   3 -3 2 21 -2 21 21 21   2 6 7 8 1 3 4 5   24.0
1   4   3 -3 4 21 -4 21 21 21   2 6 7 8 1 3 4 5   24.0
1   4   3 -3 5 21 -5 21 21 21   2 6 7 8 1 3 4 5   24.0
1   4   3 -4 3 21 -4 21 21 21   2 6 7 8 1 3 4 5   24.0
1   4   3 -5 3 21 -5 21 21 21   2 6 7 8 1 3 4 5   24.0
1   4   3 1 1 21 21 3 21 21   6 7 8 1 3 4 5 2   24.0
1   4   3 1 3 21 21 1 21 21   6 7 8 1 3 4 5 2   24.0
1   4   3 2 2 21 21 3 21 21   6 7 8 1 3 4 5 2   24.0
1   4   3 2 3 21 21 2 21 21   6 7 8 1 3 4 5 2   24.0
1   4   3 4 3 21 21 4 21 21   6 7 8 1 3 4 5 2   24.0
1   4   3 4 4 21 21 3 21 21   6 7 8 1 3 4 5 2   24.0
1   4   3 5 3 21 21 5 21 21   6 7 8 1 3 4 5 2   24.0
1   4   3 5 5 21 21 3 21 21   6 7 8 1 3 4 5 2   24.0
1   4   3 21 1 -1 3 21 21 21   5 2 6 7 8 1 3 4   6.0
1   4   3 21 1 21 21 -1 3 21   7 8 1 3 4 5 2 6   6.0
1   4   3 21 1 21 21 21 -1 3   8 1 3 4 5 2 6 7   6.0
1   4   3 21 2 -2 3 21 21 21   5 2 6 7 8 1 3 4   6.0
1   4   3 21 2 21 21 -2 3 21   7 8 1 3 4 5 2 6   6.0
1   4   3 21 2 21 21 21 -2 3   8 1 3 4 5 2 6 7   6.0
1   4   3 21 3 -1 1 21 21 21   5 2 6 7 8 1 3 4   6.0
1   4   3 21 3 -2 2 21 21 21   5 2 6 7 8 1 3 4   6.0
1   4   3 21 3 -4 4 21 21 21   5 2 6 7 8 1 3 4   6.0
1   4   3 21 3 -5 5 21 21 21   5 2 6 7 8 1 3 4   6.0
1   4   3 21 3 21 21 -1 1 21   7 8 1 3 4 5 2 6   6.0
1   4   3 21 3 21 21 -2 2 21   7 8 1 3 4 5 2 6   6.0
1   4   3 21 3 21 21 -4 4 21   7 8 1 3 4 5 2 6   6.0
1   4   3 21 3 21 21 -5 5 21   7 8 1 3 4 5 2 6   6.0
1   4   3 21 3 21 21 21 -1 1   8 1 3 4 5 2 6 7   6.0
1   4   3 21 3 21 21 21 -2 2   8 1 3 4 5 2 6 7   6.0
1   4   3 21 3 21 21 21 -4 4   8 1 3 4 5 2 6 7   6.0
1   4   3 21 3 21 21 21 -5 5   8 1 3 4 5 2 6 7   6.0
1   4   3 21 4 -4 3 21 21 21   5 2 6 7 8 1 3 4   6.0
1   4   3 21 4 21 21 -4 3 21   7 8 1 3 4 5 2 6   6.0
1   4   3 21 4 21 21 21 -4 3   8 1 3 4 5 2 6 7   6.0
1   4   3 21 5 -5 3 21 21 21   5 2 6 7 8 1 3 4   6.0
1   4   3 21 5 21 21 -5 3 21   7 8 1 3 4 5 2 6   6.0
1   4   3 21 5 21 21 21 -5 3   8 1 3 4 5 2 6 7   6.0
1   4   4 -1 4 21 -1 21 21 21   2 6 7 8 1 3 4 5   24.0
1   4   4 -2 4 21 -2 21 21 21   2 6 7 8 1 3 4 5   24.0
1   4   4 -3 4 21 -3 21 21 21   2 6 7 8 1 3 4 5   24.0
1   4   4 -4 1 21 -1 21 21 21   2 6 7 8 1 3 4 5   24.0
1   4   4 -4 2 21 -2 21 21 21   2 6 7 8 1 3 4 5   24.0
1   4   4 -4 3 21 -3 21 21 21   2 6 7 8 1 3 4 5   24.0
1   4   4 -4 5 21 -5 21 21 21   2 6 7 8 1 3 4 5   24.0
1   4   4 -5 4 21 -5 21 21 21   2 6 7 8 1 3 4 5   24.0
1   4   4 1 1 21 21 4 21 21   6 7 8 1 3 4 5 2   24.0
1   4   4 1 4 21 21 1 21 21   6 7 8 1 3 4 5 2   24.0
1   4   4 2 2 21 21 4 21 21   6 7 8 1 3 4 5 2   24.0
1   4   4 2 4 21 21 2 21 21   6 7 8 1 3 4 5 2   24.0
1   4   4 3 3 21 21 4 21 21   6 7 8 1 3 4 5 2   24.0
1   4   4 3 4 21 21 3 21 21   6 7 8 1 3 4 5 2   24.0
1   4   4 5 4 21 21 5 21 21   6 7 8 1 3 4 5 2   24.0
1   4   4 5 5 21 21 4 21 21   6 7 8 1 3 4 5 2   24.0
1   4   4 21 1 -1 4 21 21 21   5 2 6 7 8 1 3 4   6.0
1   4   4 21 1 21 21 -1 4 21   7 8 1 3 4 5 2 6   6.0
1   4   4 21 1 21 21 21 -1 4   8 1 3 4 5 2 6 7   6.0
1   4   4 21 2 -2 4 21 21 21   5 2 6 7 8 1 3 4   6.0
1   4   4 21 2 21 21 -2 4 21   7 8 1 3 4 5 2 6   6.0
1   4   4 21 2 21 21 21 -2 4   8 1 3 4 5 2 6 7   6.0
1   4   4 21 3 -3 4 21 21 21   5 2 6 7 8 1 3 4   6.0
1   4   4 21 3 21 21 -3 4 21   7 8 1 3 4 5 2 6   6.0
1   4   4 21 3 21 21 21 -3 4   8 1 3 4 5 2 6 7   6.0
1   4   4 21 4 -1 1 21 21 21   5 2 6 7 8 1 3 4   6.0
1   4   4 21 4 -2 2 21 21 21   5 2 6 7 8 1 3 4   6.0
1   4   4 21 4 -3 3 21 21 21   5 2 6 7 8 1 3 4   6.0
1   4   4 21 4 -5 5 21 21 21   5 2 6 7 8 1 3 4   6.0
1   4   4 21 4 21 21 -1 1 21   7 8 1 3 4 5 2 6   6.0
1   4   4 21 4 21 21 -2 2 21   7 8 1 3 4 5 2 6   6.0
1   4   4 21 4 21 21 -3 3 21   7 8 1 3 4 5 2 6   6.0
1   4   4 21 4 21 21 -5 5 21   7 8 1 3 4 5 2 6   6.0
1   4   4 21 4 21 21 21 -1 1   8 1 3 4 5 2 6 7   6.0
1   4   4 21 4 21 21 21 -2 2   8 1 3 4 5 2 6 7   6.0
1   4   4 21 4 21 21 21 -3 3   8 1 3 4 5 2 6 7   6.0
1   4   4 21 4 21 21 21 -5 5   8 1 3 4 5 2 6 7   6.0
1   4   4 21 5 -5 4 21 21 21   5 2 6 7 8 1 3 4   6.0
1   4   4 21 5 21 21 -5 4 21   7 8 1 3 4 5 2 6   6.0
1   4   4 21 5 21 21 21 -5 4   8 1 3 4 5 2 6 7   6.0
1   4   5 -1 5 21 -1 21 21 21   2 6 7 8 1 3 4 5   24.0
1   4   5 -2 5 21 -2 21 21 21   2 6 7 8 1 3 4 5   24.0
1   4   5 -3 5 21 -3 21 21 21   2 6 7 8 1 3 4 5   24.0
1   4   5 -4 5 21 -4 21 21 21   2 6 7 8 1 3 4 5   24.0
1   4   5 -5 1 21 -1 21 21 21   2 6 7 8 1 3 4 5   24.0
1   4   5 -5 2 21 -2 21 21 21   2 6 7 8 1 3 4 5   24.0
1   4   5 -5 3 21 -3 21 21 21   2 6 7 8 1 3 4 5   24.0
1   4   5 -5 4 21 -4 21 21 21   2 6 7 8 1 3 4 5   24.0
1   4   5 1 1 21 21 5 21 21   6 7 8 1 3 4 5 2   24.0
1   4   5 1 5 21 21 1 21 21   6 7 8 1 3 4 5 2   24.0
1   4   5 2 2 21 21 5 21 21   6 7 8 1 3 4 5 2   24.0
1   4   5 2 5 21 21 2 21 21   6 7 8 1 3 4 5 2   24.0
1   4   5 3 3 21 21 5 21 21   6 7 8 1 3 4 5 2   24.0
1   4   5 3 5 21 21 3 21 21   6 7 8 1 3 4 5 2   24.0
1   4   5 4 4 21 21 5 21 21   6 7 8 1 3 4 5 2   24.0
1   4   5 4 5 21 21 4 21 21   6 7 8 1 3 4 5 2   24.0
1   4   5 21 1 -1 5 21 21 21   5 2 6 7 8 1 3 4   6.0
1   4   5 21 1 21 21 -1 5 21   7 8 1 3 4 5 2 6   6.0
1   4   5 21 1 21 21 21 -1 5   8 1 3 4 5 2 6 7   6.0
1   4   5 21 2 -2 5 21 21 21   5 2 6 7 8 1 3 4   6.0
1   4   5 21 2 21 21 -2 5 21   7 8 1 3 4 5 2 6   6.0
1   4   5 21 2 21 21 21 -2 5   8 1 3 4 5 2 6 7   6.0
1   4   5 21 3 -3 5 21 21 21   5 2 6 7 8 1 3 4   6.0
1   4   5 21 3 21 21 -3 5 21   7 8 1 3 4 5 2 6   6.0
1   4   5 21 3 21 21 21 -3 5   8 1 3 4 5 2 6 7   6.0
1   4   5 21 4 -4 5 21 21 21   5 2 6 7 8 1 3 4   6.0
1   4   5 21 4 21 21 -4 5 21   7 8 1 3 4 5 2 6   6.0
1   4   5 21 4 21 21 21 -4 5   8 1 3 4 5 2 6 7   6.0
1   4   5 21 5 -1 1 21 21 21   5 2 6 7 8 1 3 4   6.0
1   4   5 21 5 -2 2 21 21 21   5 2 6 7 8 1 3 4   6.0
1   4   5 21 5 -3 3 21 21 21   5 2 6 7 8 1 3 4   6.0
1   4   5 21 5 -4 4 21 21 21   5 2 6 7 8 1 3 4   6.0
1   4   5 21 5 21 21 -1 1 21   7 8 1 3 4 5 2 6   6.0
1   4   5 21 5 21 21 -2 2 21   7 8 1 3 4 5 2 6   6.0
1   4   5 21 5 21 21 -3 3 21   7 8 1 3 4 5 2 6   6.0
1   4   5 21 5 21 21 -4 4 21   7 8 1 3 4 5 2 6   6.0
1   4   5 21 5 21 21 21 -1 1   8 1 3 4 5 2 6 7   6.0
1   4   5 21 5 21 21 21 -2 2   8 1 3 4 5 2 6 7   6.0
1   4   5 21 5 21 21 21 -3 3   8 1 3 4 5 2 6 7   6.0
1   4   5 21 5 21 21 21 -4 4   8 1 3 4 5 2 6 7   6.0
1   4   21 -1 -1 2 -2 21 21 21   2 6 7 8 1 3 4 5   6.0
1   4   21 -1 -1 3 -3 21 21 21   2 6 7 8 1 3 4 5   6.0
1   4   21 -1 -1 4 -4 21 21 21   2 6 7 8 1 3 4 5   6.0
1   4   21 -1 -1 5 -5 21 21 21   2 6 7 8 1 3 4 5   6.0
1   4   21 -1 -2 2 -1 21 21 21   2 6 7 8 1 3 4 5   6.0
1   4   21 -1 -3 3 -1 21 21 21   2 6 7 8 1 3 4 5   6.0
1   4   21 -1 -4 4 -1 21 21 21   2 6 7 8 1 3 4 5   6.0
1   4   21 -1 -5 5 -1 21 21 21   2 6 7 8 1 3 4 5   6.0
1   4   21 -1 21 21 -1 -2 2 21   7 8 1 3 4 5 2 6   6.0
1   4   21 -1 21 21 -1 -3 3 21   7 8 1 3 4 5 2 6   6.0
1   4   21 -1 21 21 -1 -4 4 21   7 8 1 3 4 5 2 6   6.0
1   4   21 -1 21 21 -1 -5 5 21   7 8 1 3 4 5 2 6   6.0
1   4   21 -1 21 21 -1 21 -2 2   8 1 3 4 5 2 6 7   6.0
1   4   21 -1 21 21 -1 21 -3 3   8 1 3 4 5 2 6 7   6.0
1   4   21 -1 21 21 -1 21 -4 4   8 1 3 4 5 2 6 7   6.0
1   4   21 -1 21 21 -1 21 -5 5   8 1 3 4 5 2 6 7   6.0
1   4   21 -1 21 21 -2 -1 2 21   7 8 1 3 4 5 2 6   6.0
1   4   21 -1 21 21 -2 21 -1 2   8 1 3 4 5 2 6 7   6.0
1   4   21 -1 21 21 -3 -1 3 21   7 8 1 3 4 5 2 6   6.0
1   4   21 -1 21 21 -3 21 -1 3   8 1 3 4 5 2 6 7   6.0
1   4   21 -1 21 21 -4 -1 4 21   7 8 1 3 4 5 2 6   6.0
1   4   21 -1 21 21 -4 21 -1 4   8 1 3 4 5 2 6 7   6.0
1   4   21 -1 21 21 -5 -1 5 21   7 8 1 3 4 5 2 6   6.0
1   4   21 -1 21 21 -5 21 -1 5   8 1 3 4 5 2 6 7   6.0
1   4   21 -2 -1 1 -2 21 21 21   2 6 7 8 1 3 4 5   6.0
1   4   21 -2 -2 1 -1 21 21 21   2 6 7 8 1 3 4 5   6.0
1   4   21 -2 -2 3 -3 21 21 21   2 6 7 8 1 3 4 5   6.0
1   4   21 -2 -2 4 -4 21 21 21   2 6 7 8 1 3 4 5   6.0
1   4   21 -2 -2 5 -5 21 21 21   2 6 7 8 1 3 4 5   6.0
1   4   21 -2 -3 3 -2 21 21 21   2 6 7 8 1 3 4 5   6.0
1   4   21 -2 -4 4 -2 21 21 21   2 6 7 8 1 3 4 5   6.0
1   4   21 -2 -5 5 -2 21 21 21   2 6 7 8 1 3 4 5   6.0
1   4   21 -2 21 21 -1 -2 1 21   7 8 1 3 4 5 2 6   6.0
1   4   21 -2 21 21 -1 21 -2 1   8 1 3 4 5 2 6 7   6.0
1   4   21 -2 21 21 -2 -1 1 21   7 8 1 3 4 5 2 6   6.0
1   4   21 -2 21 21 -2 -3 3 21   7 8 1 3 4 5 2 6   6.0
1   4   21 -2 21 21 -2 -4 4 21   7 8 1 3 4 5 2 6   6.0
1   4   21 -2 21 21 -2 -5 5 21   7 8 1 3 4 5 2 6   6.0
1   4   21 -2 21 21 -2 21 -1 1   8 1 3 4 5 2 6 7   6.0
1   4   21 -2 21 21 -2 21 -3 3   8 1 3 4 5 2 6 7   6.0
1   4   21 -2 21 21 -2 21 -4 4   8 1 3 4 5 2 6 7   6.0
1   4   21 -2 21 21 -2 21 -5 5   8 1 3 4 5 2 6 7   6.0
1   4   21 -2 21 21 -3 -2 3 21   7 8 1 3 4 5 2 6   6.0
1   4   21 -2 21 21 -3 21 -2 3   8 1 3 4 5 2 6 7   6.0
1   4   21 -2 21 21 -4 -2 4 21   7 8 1 3 4 5 2 6   6.0
1   4   21 -2 21 21 -4 21 -2 4   8 1 3 4 5 2 6 7   6.0
1   4   21 -2 21 21 -5 -2 5 21   7 8 1 3 4 5 2 6   6.0
1   4   21 -2 21 21 -5 21 -2 5   8 1 3 4 5 2 6 7   6.0
1   4   21 -3 -1 1 -3 21 21 21   2 6 7 8 1 3 4 5   6.0
1   4   21 -3 -2 2 -3 21 21 21   2 6 7 8 1 3 4 5   6.0
1   4   21 -3 -3 1 -1 21 21 21   2 6 7 8 1 3 4 5   6.0
1   4   21 -3 -3 2 -2 21 21 21   2 6 7 8 1 3 4 5   6.0
1   4   21 -3 -3 4 -4 21 21 21   2 6 7 8 1 3 4 5   6.0
1   4   21 -3 -3 5 -5 21 21 21   2 6 7 8 1 3 4 5   6.0
1   4   21 -3 -4 4 -3 21 21 21   2 6 7 8 1 3 4 5   6.0
1   4   21 -3 -5 5 -3 21 21 21   2 6 7 8 1 3 4 5   6.0
1   4   21 -3 21 21 -1 -3 1 21   7 8 1 3 4 5 2 6   6.0
1   4   21 -3 21 21 -1 21 -3 1   8 1 3 4 5 2 6 7   6.0
1   4   21 -3 21 21 -2 -3 2 21   7 8 1 3 4 5 2 6   6.0
1   4   21 -3 21 21 -2 21 -3 2   8 1 3 4 5 2 6 7   6.0
1   4   21 -3 21 21 -3 -1 1 21   7 8 1 3 4 5 2 6   6.0
1   4   21 -3 21 21 -3 -2 2 21   7 8 1 3 4 5 2 6   6.0
1   4   21 -3 21 21 -3 -4 4 21   7 8 1 3 4 5 2 6   6.0
1   4   21 -3 21 21 -3 -5 5 21   7 8 1 3 4 5 2 6   6.0
1   4   21 -3 21 21 -3 21 -1 1   8 1 3 4 5 2 6 7   6.0
1   4   21 -3 21 21 -3 21 -2 2   8 1 3 4 5 2 6 7   6.0
1   4   21 -3 21 21 -3 21 -4 4   8 1 3 4 5 2 6 7   6.0
1   4   21 -3 21 21 -3 21 -5 5   8 1 3 4 5 2 6 7   6.0
1   4   21 -3 21 21 -4 -3 4 21   7 8 1 3 4 5 2 6   6.0
1   4   21 -3 21 21 -4 21 -3 4   8 1 3 4 5 2 6 7   6.0
1   4   21 -3 21 21 -5 -3 5 21   7 8 1 3 4 5 2 6   6.0
1   4   21 -3 21 21 -5 21 -3 5   8 1 3 4 5 2 6 7   6.0
1   4   21 -4 -1 1 -4 21 21 21   2 6 7 8 1 3 4 5   6.0
1   4   21 -4 -2 2 -4 21 21 21   2 6 7 8 1 3 4 5   6.0
1   4   21 -4 -3 3 -4 21 21 21   2 6 7 8 1 3 4 5   6.0
1   4   21 -4 -4 1 -1 21 21 21   2 6 7 8 1 3 4 5   6.0
1   4   21 -4 -4 2 -2 21 21 21   2 6 7 8 1 3 4 5   6.0
1   4   21 -4 -4 3 -3 21 21 21   2 6 7 8 1 3 4 5   6.0
1   4   21 -4 -4 5 -5 21 21 21   2 6 7 8 1 3 4 5   6.0
1   4   21 -4 -5 5 -4 21 21 21   2 6 7 8 1 3 4 5   6.0
1   4   21 -4 21 21 -1 -4 1 21   7 8 1 3 4 5 2 6   6.0
1   4   21 -4 21 21 -1 21 -4 1   8 1 3 4 5 2 6 7   6.0
1   4   21 -4 21 21 -2 -4 2 21   7 8 1 3 4 5 2 6   6.0
1   4   21 -4 21 21 -2 21 -4 2   8 1 3 4 5 2 6 7   6.0
1   4   21 -4 21 21 -3 -4 3 21   7 8 1 3 4 5 2 6   6.0
1   4   21 -4 21 21 -3 21 -4 3   8 1 3 4 5 2 6 7   6.0
1   4   21 -4 21 21 -4 -1 1 21   7 8 1 3 4 5 2 6   6.0
1   4   21 -4 21 21 -4 -2 2 21   7 8 1 3 4 5 2 6   6.0
1   4   21 -4 21 21 -4 -3 3 21   7 8 1 3 4 5 2 6   6.0
1   4   21 -4 21 21 -4 -5 5 21   7 8 1 3 4 5 2 6   6.0
1   4   21 -4 21 21 -4 21 -1 1   8 1 3 4 5 2 6 7   6.0
1   4   21 -4 21 21 -4 21 -2 2   8 1 3 4 5 2 6 7   6.0
1   4   21 -4 21 21 -4 21 -3 3   8 1 3 4 5 2 6 7   6.0
1   4   21 -4 21 21 -4 21 -5 5   8 1 3 4 5 2 6 7   6.0
1   4   21 -4 21 21 -5 -4 5 21   7 8 1 3 4 5 2 6   6.0
1   4   21 -4 21 21 -5 21 -4 5   8 1 3 4 5 2 6 7   6.0
1   4   21 -5 -1 1 -5 21 21 21   2 6 7 8 1 3 4 5   6.0
1   4   21 -5 -2 2 -5 21 21 21   2 6 7 8 1 3 4 5   6.0
1   4   21 -5 -3 3 -5 21 21 21   2 6 7 8 1 3 4 5   6.0
1   4   21 -5 -4 4 -5 21 21 21   2 6 7 8 1 3 4 5   6.0
1   4   21 -5 -5 1 -1 21 21 21   2 6 7 8 1 3 4 5   6.0
1   4   21 -5 -5 2 -2 21 21 21   2 6 7 8 1 3 4 5   6.0
1   4   21 -5 -5 3 -3 21 21 21   2 6 7 8 1 3 4 5   6.0
1   4   21 -5 -5 4 -4 21 21 21   2 6 7 8 1 3 4 5   6.0
1   4   21 -5 21 21 -1 -5 1 21   7 8 1 3 4 5 2 6   6.0
1   4   21 -5 21 21 -1 21 -5 1   8 1 3 4 5 2 6 7   6.0
1   4   21 -5 21 21 -2 -5 2 21   7 8 1 3 4 5 2 6   6.0
1   4   21 -5 21 21 -2 21 -5 2   8 1 3 4 5 2 6 7   6.0
1   4   21 -5 21 21 -3 -5 3 21   7 8 1 3 4 5 2 6   6.0
1   4   21 -5 21 21 -3 21 -5 3   8 1 3 4 5 2 6 7   6.0
1   4   21 -5 21 21 -4 -5 4 21   7 8 1 3 4 5 2 6   6.0
1   4   21 -5 21 21 -4 21 -5 4   8 1 3 4 5 2 6 7   6.0
1   4   21 -5 21 21 -5 -1 1 21   7 8 1 3 4 5 2 6   6.0
1   4   21 -5 21 21 -5 -2 2 21   7 8 1 3 4 5 2 6   6.0
1   4   21 -5 21 21 -5 -3 3 21   7 8 1 3 4 5 2 6   6.0
1   4   21 -5 21 21 -5 -4 4 21   7 8 1 3 4 5 2 6   6.0
1   4   21 -5 21 21 -5 21 -1 1   8 1 3 4 5 2 6 7   6.0
1   4   21 -5 21 21 -5 21 -2 2   8 1 3 4 5 2 6 7   6.0
1   4   21 -5 21 21 -5 21 -3 3   8 1 3 4 5 2 6 7   6.0
1   4   21 -5 21 21 -5 21 -4 4   8 1 3 4 5 2 6 7   6.0
1   4   21 1 -2 1 21 2 21 21   6 7 8 1 3 4 5 2   6.0
1   4   21 1 -2 2 21 1 21 21   6 7 8 1 3 4 5 2   6.0
1   4   21 1 -3 1 21 3 21 21   6 7 8 1 3 4 5 2   6.0
1   4   21 1 -3 3 21 1 21 21   6 7 8 1 3 4 5 2   6.0
1   4   21 1 -4 1 21 4 21 21   6 7 8 1 3 4 5 2   6.0
1   4   21 1 -4 4 21 1 21 21   6 7 8 1 3 4 5 2   6.0
1   4   21 1 -5 1 21 5 21 21   6 7 8 1 3 4 5 2   6.0
1   4   21 1 -5 5 21 1 21 21   6 7 8 1 3 4 5 2   6.0
1   4   21 1 21 -2 1 2 21 21   6 7 8 1 3 4 5 2   6.0
1   4   21 1 21 -2 2 1 21 21   6 7 8 1 3 4 5 2   6.0
1   4   21 1 21 -3 1 3 21 21   6 7 8 1 3 4 5 2   6.0
1   4   21 1 21 -3 3 1 21 21   6 7 8 1 3 4 5 2   6.0
1   4   21 1 21 -4 1 4 21 21   6 7 8 1 3 4 5 2   6.0
1   4   21 1 21 -4 4 1 21 21   6 7 8 1 3 4 5 2   6.0
1   4   21 1 21 -5 1 5 21 21   6 7 8 1 3 4 5 2   6.0
1   4   21 1 21 -5 5 1 21 21   6 7 8 1 3 4 5 2   6.0
1   4   21 1 21 21 21 1 -2 2   8 1 3 4 5 2 6 7   6.0
1   4   21 1 21 21 21 1 -3 3   8 1 3 4 5 2 6 7   6.0
1   4   21 1 21 21 21 1 -4 4   8 1 3 4 5 2 6 7   6.0
1   4   21 1 21 21 21 1 -5 5   8 1 3 4 5 2 6 7   6.0
1   4   21 1 21 21 21 2 -2 1   8 1 3 4 5 2 6 7   6.0
1   4   21 1 21 21 21 3 -3 1   8 1 3 4 5 2 6 7   6.0
1   4   21 1 21 21 21 4 -4 1   8 1 3 4 5 2 6 7   6.0
1   4   21 1 21 21 21 5 -5 1   8 1 3 4 5 2 6 7   6.0
1   4   21 2 -1 1 21 2 21 21   6 7 8 1 3 4 5 2   6.0
1   4   21 2 -1 2 21 1 21 21   6 7 8 1 3 4 5 2   6.0
1   4   21 2 -3 2 21 3 21 21   6 7 8 1 3 4 5 2   6.0
1   4   21 2 -3 3 21 2 21 21   6 7 8 1 3 4 5 2   6.0
1   4   21 2 -4 2 21 4 21 21   6 7 8 1 3 4 5 2   6.0
1   4   21 2 -4 4 21 2 21 21   6 7 8 1 3 4 5 2   6.0
1   4   21 2 -5 2 21 5 21 21   6 7 8 1 3 4 5 2   6.0
1   4   21 2 -5 5 21 2 21 21   6 7 8 1 3 4 5 2   6.0
1   4   21 2 21 -1 1 2 21 21   6 7 8 1 3 4 5 2   6.0
1   4   21 2 21 -1 2 1 21 21   6 7 8 1 3 4 5 2   6.0
1   4   21 2 21 -3 2 3 21 21   6 7 8 1 3 4 5 2   6.0
1   4   21 2 21 -3 3 2 21 21   6 7 8 1 3 4 5 2   6.0
1   4   21 2 21 -4 2 4 21 21   6 7 8 1 3 4 5 2   6.0
1   4   21 2 21 -4 4 2 21 21   6 7 8 1 3 4 5 2   6.0
1   4   21 2 21 -5 2 5 21 21   6 7 8 1 3 4 5 2   6.0
1   4   21 2 21 -5 5 2 21 21   6 7 8 1 3 4 5 2   6.0
1   4   21 2 21 21 21 1 -1 2   8 1 3 4 5 2 6 7   6.0
1   4   21 2 21 21 21 2 -1 1   8 1 3 4 5 2 6 7   6.0
1   4   21 2 21 21 21 2 -3 3   8 1 3 4 5 2 6 7   6.0
1   4   21 2 21 21 21 2 -4 4   8 1 3 4 5 2 6 7   6.0
1   4   21 2 21 21 21 2 -5 5   8 1 3 4 5 2 6 7   6.0
1   4   21 2 21 21 21 3 -3 2   8 1 3 4 5 2 6 7   6.0
1   4   21 2 21 21 21 4 -4 2   8 1 3 4 5 2 6 7   6.0
1   4   21 2 21 21 21 5 -5 2   8 1 3 4 5 2 6 7   6.0
1   4   21 3 -1 1 21 3 21 21   6 7 8 1 3 4 5 2   6.0
1   4   21 3 -1 3 21 1 21 21   6 7 8 1 3 4 5 2   6.0
1   4   21 3 -2 2 21 3 21 21   6 7 8 1 3 4 5 2   6.0
1   4   21 3 -2 3 21 2 21 21   6 7 8 1 3 4 5 2   6.0
1   4   21 3 -4 3 21 4 21 21   6 7 8 1 3 4 5 2   6.0
1   4   21 3 -4 4 21 3 21 21   6 7 8 1 3 4 5 2   6.0
1   4   21 3 -5 3 21 5 21 21   6 7 8 1 3 4 5 2   6.0
1   4   21 3 -5 5 21 3 21 21   6 7 8 1 3 4 5 2   6.0
1   4   21 3 21 -1 1 3 21 21   6 7 8 1 3 4 5 2   6.0
1   4   21 3 21 -1 3 1 21 21   6 7 8 1 3 4 5 2   6.0
1   4   21 3 21 -2 2 3 21 21   6 7 8 1 3 4 5 2   6.0
1   4   21 3 21 -2 3 2 21 21   6 7 8 1 3 4 5 2   6.0
1   4   21 3 21 -4 3 4 21 21   6 7 8 1 3 4 5 2   6.0
1   4   21 3 21 -4 4 3 21 21   6 7 8 1 3 4 5 2   6.0
1   4   21 3 21 -5 3 5 21 21   6 7 8 1 3 4 5 2   6.0
1   4   21 3 21 -5 5 3 21 21   6 7 8 1 3 4 5 2   6.0
1   4   21 3 21 21 21 1 -1 3   8 1 3 4 5 2 6 7   6.0
1   4   21 3 21 21 21 2 -2 3   8 1 3 4 5 2 6 7   6.0
1   4   21 3 21 21 21 3 -1 1   8 1 3 4 5 2 6 7   6.0
1   4   21 3 21 21 21 3 -2 2   8 1 3 4 5 2 6 7   6.0
1   4   21 3 21 21 21 3 -4 4   8 1 3 4 5 2 6 7   6.0
1   4   21 3 21 21 21 3 -5 5   8 1 3 4 5 2 6 7   6.0
1   4   21 3 21 21 21 4 -4 3   8 1 3 4 5 2 6 7   6.0
1   4   21 3 21 21 21 5 -5 3   8 1 3 4 5 2 6 7   6.0
1   4   21 4 -1 1 21 4 21 21   6 7 8 1 3 4 5 2   6.0
1   4   21 4 -1 4 21 1 21 21   6 7 8 1 3 4 5 2   6.0
1   4   21 4 -2 2 21 4 21 21   6 7 8 1 3 4 5 2   6.0
1   4   21 4 -2 4 21 2 21 21   6 7 8 1 3 4 5 2   6.0
1   4   21 4 -3 3 21 4 21 21   6 7 8 1 3 4 5 2   6.0
1   4   21 4 -3 4 21 3 21 21   6 7 8 1 3 4 5 2   6.0
1   4   21 4 -5 4 21 5 21 21   6 7 8 1 3 4 5 2   6.0
1   4   21 4 -5 5 21 4 21 21   6 7 8 1 3 4 5 2   6.0
1   4   21 4 21 -1 1 4 21 21   6 7 8 1 3 4 5 2   6.0
1   4   21 4 21 -1 4 1 21 21   6 7 8 1 3 4 5 2   6.0
1   4   21 4 21 -2 2 4 21 21   6 7 8 1 3 4 5 2   6.0
1   4   21 4 21 -2 4 2 21 21   6 7 8 1 3 4 5 2   6.0
1   4   21 4 21 -3 3 4 21 21   6 7 8 1 3 4 5 2   6.0
1   4   21 4 21 -3 4 3 21 21   6 7 8 1 3 4 5 2   6.0
1   4   21 4 21 -5 4 5 21 21   6 7 8 1 3 4 5 2   6.0
1   4   21 4 21 -5 5 4 21 21   6 7 8 1 3 4 5 2   6.0
1   4   21 4 21 21 21 1 -1 4   8 1 3 4 5 2 6 7   6.0
1   4   21 4 21 21 21 2 -2 4   8 1 3 4 5 2 6 7   6.0
1   4   21 4 21 21 21 3 -3 4   8 1 3 4 5 2 6 7   6.0
1   4   21 4 21 21 21 4 -1 1   8 1 3 4 5 2 6 7   6.0
1   4   21 4 21 21 21 4 -2 2   8 1 3 4 5 2 6 7   6.0
1   4   21 4 21 21 21 4 -3 3   8 1 3 4 5 2 6 7   6.0
1   4   21 4 21 21 21 4 -5 5   8 1 3 4 5 2 6 7   6.0
1   4   21 4 21 21 21 5 -5 4   8 1 3 4 5 2 6 7   6.0
1   4   21 5 -1 1 21 5 21 21   6 7 8 1 3 4 5 2   6.0
1   4   21 5 -1 5 21 1 21 21   6 7 8 1 3 4 5 2   6.0
1   4   21 5 -2 2 21 5 21 21   6 7 8 1 3 4 5 2   6.0
1   4   21 5 -2 5 21 2 21 21   6 7 8 1 3 4 5 2   6.0
1   4   21 5 -3 3 21 5 21 21   6 7 8 1 3 4 5 2   6.0
1   4   21 5 -3 5 21 3 21 21   6 7 8 1 3 4 5 2   6.0
1   4   21 5 -4 4 21 5 21 21   6 7 8 1 3 4 5 2   6.0
1   4   21 5 -4 5 21 4 21 21   6 7 8 1 3 4 5 2   6.0
1   4   21 5 21 -1 1 5 21 21   6 7 8 1 3 4 5 2   6.0
1   4   21 5 21 -1 5 1 21 21   6 7 8 1 3 4 5 2   6.0
1   4   21 5 21 -2 2 5 21 21   6 7 8 1 3 4 5 2   6.0
1   4   21 5 21 -2 5 2 21 21   6 7 8 1 3 4 5 2   6.0
1   4   21 5 21 -3 3 5 21 21   6 7 8 1 3 4 5 2   6.0
1   4   21 5 21 -3 5 3 21 21   6 7 8 1 3 4 5 2   6.0
1   4   21 5 21 -4 4 5 21 21   6 7 8 1 3 4 5 2   6.0
1   4   21 5 21 -4 5 4 21 21   6 7 8 1 3 4 5 2   6.0
1   4   21 5 21 21 21 1 -1 5   8 1 3 4 5 2 6 7   6.0
1   4   21 5 21 21 21 2 -2 5   8 1 3 4 5 2 6 7   6.0
1   4   21 5 21 21 21 3 -3 5   8 1 3 4 5 2 6 7   6.0
1   4   21 5 21 21 21 4 -4 5   8 1 3 4 5 2 6 7   6.0
1   4   21 5 21 21 21 5 -1 1   8 1 3 4 5 2 6 7   6.0
1   4   21 5 21 21 21 5 -2 2   8 1 3 4 5 2 6 7   6.0
1   4   21 5 21 21 21 5 -3 3   8 1 3 4 5 2 6 7   6.0
1   4   21 5 21 21 21 5 -4 4   8 1 3 4 5 2 6 7   6.0
1   4   21 21 -1 1 21 -2 2 21   7 8 1 3 4 5 2 6   2.0
1   4   21 21 -1 1 21 -3 3 21   7 8 1 3 4 5 2 6   2.0
1   4   21 21 -1 1 21 -4 4 21   7 8 1 3 4 5 2 6   2.0
1   4   21 21 -1 1 21 -5 5 21   7 8 1 3 4 5 2 6   2.0
1   4   21 21 -1 1 21 21 -2 2   8 1 3 4 5 2 6 7   2.0
1   4   21 21 -1 1 21 21 -3 3   8 1 3 4 5 2 6 7   2.0
1   4   21 21 -1 1 21 21 -4 4   8 1 3 4 5 2 6 7   2.0
1   4   21 21 -1 1 21 21 -5 5   8 1 3 4 5 2 6 7   2.0
1   4   21 21 -1 2 21 -2 1 21   7 8 1 3 4 5 2 6   2.0
1   4   21 21 -1 2 21 21 -2 1   8 1 3 4 5 2 6 7   2.0
1   4   21 21 -1 3 21 -3 1 21   7 8 1 3 4 5 2 6   2.0
1   4   21 21 -1 3 21 21 -3 1   8 1 3 4 5 2 6 7   2.0
1   4   21 21 -1 4 21 -4 1 21   7 8 1 3 4 5 2 6   2.0
1   4   21 21 -1 4 21 21 -4 1   8 1 3 4 5 2 6 7   2.0
1   4   21 21 -1 5 21 -5 1 21   7 8 1 3 4 5 2 6   2.0
1   4   21 21 -1 5 21 21 -5 1   8 1 3 4 5 2 6 7   2.0
1   4   21 21 -2 1 21 -1 2 21   7 8 1 3 4 5 2 6   2.0
1   4   21 21 -2 1 21 21 -1 2   8 1 3 4 5 2 6 7   2.0
1   4   21 21 -2 2 21 -1 1 21   7 8 1 3 4 5 2 6   2.0
1   4   21 21 -2 2 21 -3 3 21   7 8 1 3 4 5 2 6   2.0
1   4   21 21 -2 2 21 -4 4 21   7 8 1 3 4 5 2 6   2.0
1   4   21 21 -2 2 21 -5 5 21   7 8 1 3 4 5 2 6   2.0
1   4   21 21 -2 2 21 21 -1 1   8 1 3 4 5 2 6 7   2.0
1   4   21 21 -2 2 21 21 -3 3   8 1 3 4 5 2 6 7   2.0
1   4   21 21 -2 2 21 21 -4 4   8 1 3 4 5 2 6 7   2.0
1   4   21 21 -2 2 21 21 -5 5   8 1 3 4 5 2 6 7   2.0
1   4   21 21 -2 3 21 -3 2 21   7 8 1 3 4 5 2 6   2.0
1   4   21 21 -2 3 21 21 -3 2   8 1 3 4 5 2 6 7   2.0
1   4   21 21 -2 4 21 -4 2 21   7 8 1 3 4 5 2 6   2.0
1   4   21 21 -2 4 21 21 -4 2   8 1 3 4 5 2 6 7   2.0
1   4   21 21 -2 5 21 -5 2 21   7 8 1 3 4 5 2 6   2.0
1   4   21 21 -2 5 21 21 -5 2   8 1 3 4 5 2 6 7   2.0
1   4   21 21 -3 1 21 -1 3 21   7 8 1 3 4 5 2 6   2.0
1   4   21 21 -3 1 21 21 -1 3   8 1 3 4 5 2 6 7   2.0
1   4   21 21 -3 2 21 -2 3 21   7 8 1 3 4 5 2 6   2.0
1   4   21 21 -3 2 21 21 -2 3   8 1 3 4 5 2 6 7   2.0
1   4   21 21 -3 3 21 -1 1 21   7 8 1 3 4 5 2 6   2.0
1   4   21 21 -3 3 21 -2 2 21   7 8 1 3 4 5 2 6   2.0
1   4   21 21 -3 3 21 -4 4 21   7 8 1 3 4 5 2 6   2.0
1   4   21 21 -3 3 21 -5 5 21   7 8 1 3 4 5 2 6   2.0
1   4   21 21 -3 3 21 21 -1 1   8 1 3 4 5 2 6 7   2.0
1   4   21 21 -3 3 21 21 -2 2   8 1 3 4 5 2 6 7   2.0
1   4   21 21 -3 3 21 21 -4 4   8 1 3 4 5 2 6 7   2.0
1   4   21 21 -3 3 21 21 -5 5   8 1 3 4 5 2 6 7   2.0
1   4   21 21 -3 4 21 -4 3 21   7 8 1 3 4 5 2 6   2.0
1   4   21 21 -3 4 21 21 -4 3   8 1 3 4 5 2 6 7   2.0
1   4   21 21 -3 5 21 -5 3 21   7 8 1 3 4 5 2 6   2.0
1   4   21 21 -3 5 21 21 -5 3   8 1 3 4 5 2 6 7   2.0
1   4   21 21 -4 1 21 -1 4 21   7 8 1 3 4 5 2 6   2.0
1   4   21 21 -4 1 21 21 -1 4   8 1 3 4 5 2 6 7   2.0
1   4   21 21 -4 2 21 -2 4 21   7 8 1 3 4 5 2 6   2.0
1   4   21 21 -4 2 21 21 -2 4   8 1 3 4 5 2 6 7   2.0
1   4   21 21 -4 3 21 -3 4 21   7 8 1 3 4 5 2 6   2.0
1   4   21 21 -4 3 21 21 -3 4   8 1 3 4 5 2 6 7   2.0
1   4   21 21 -4 4 21 -1 1 21   7 8 1 3 4 5 2 6   2.0
1   4   21 21 -4 4 21 -2 2 21   7 8 1 3 4 5 2 6   2.0
1   4   21 21 -4 4 21 -3 3 21   7 8 1 3 4 5 2 6   2.0
1   4   21 21 -4 4 21 -5 5 21   7 8 1 3 4 5 2 6   2.0
1   4   21 21 -4 4 21 21 -1 1   8 1 3 4 5 2 6 7   2.0
1   4   21 21 -4 4 21 21 -2 2   8 1 3 4 5 2 6 7   2.0
1   4   21 21 -4 4 21 21 -3 3   8 1 3 4 5 2 6 7   2.0
1   4   21 21 -4 4 21 21 -5 5   8 1 3 4 5 2 6 7   2.0
1   4   21 21 -4 5 21 -5 4 21   7 8 1 3 4 5 2 6   2.0
1   4   21 21 -4 5 21 21 -5 4   8 1 3 4 5 2 6 7   2.0
1   4   21 21 -5 1 21 -1 5 21   7 8 1 3 4 5 2 6   2.0
1   4   21 21 -5 1 21 21 -1 5   8 1 3 4 5 2 6 7   2.0
1   4   21 21 -5 2 21 -2 5 21   7 8 1 3 4 5 2 6   2.0
1   4   21 21 -5 2 21 21 -2 5   8 1 3 4 5 2 6 7   2.0
1   4   21 21 -5 3 21 -3 5 21   7 8 1 3 4 5 2 6   2.0
1   4   21 21 -5 3 21 21 -3 5   8 1 3 4 5 2 6 7   2.0
1   4   21 21 -5 4 21 -4 5 21   7 8 1 3 4 5 2 6   2.0
1   4   21 21 -5 4 21 21 -4 5   8 1 3 4 5 2 6 7   2.0
1   4   21 21 -5 5 21 -1 1 21   7 8 1 3 4 5 2 6   2.0
1   4   21 21 -5 5 21 -2 2 21   7 8 1 3 4 5 2 6   2.0
1   4   21 21 -5 5 21 -3 3 21   7 8 1 3 4 5 2 6   2.0
1   4   21 21 -5 5 21 -4 4 21   7 8 1 3 4 5 2 6   2.0
1   4   21 21 -5 5 21 21 -1 1   8 1 3 4 5 2 6 7   2.0
1   4   21 21 -5 5 21 21 -2 2   8 1 3 4 5 2 6 7   2.0
1   4   21 21 -5 5 21 21 -3 3   8 1 3 4 5 2 6 7   2.0
1   4   21 21 -5 5 21 21 -4 4   8 1 3 4 5 2 6 7   2.0
1   4   21 21 21 -1 1 -2 2 21   7 8 1 3 4 5 2 6   2.0
1   4   21 21 21 -1 1 -3 3 21   7 8 1 3 4 5 2 6   2.0
1   4   21 21 21 -1 1 -4 4 21   7 8 1 3 4 5 2 6   2.0
1   4   21 21 21 -1 1 -5 5 21   7 8 1 3 4 5 2 6   2.0
1   4   21 21 21 -1 1 21 -2 2   8 1 3 4 5 2 6 7   2.0
1   4   21 21 21 -1 1 21 -3 3   8 1 3 4 5 2 6 7   2.0
1   4   21 21 21 -1 1 21 -4 4   8 1 3 4 5 2 6 7   2.0
1   4   21 21 21 -1 1 21 -5 5   8 1 3 4 5 2 6 7   2.0
1   4   21 21 21 -1 2 -2 1 21   7 8 1 3 4 5 2 6   2.0
1   4   21 21 21 -1 2 21 -2 1   8 1 3 4 5 2 6 7   2.0
1   4   21 21 21 -1 3 -3 1 21   7 8 1 3 4 5 2 6   2.0
1   4   21 21 21 -1 3 21 -3 1   8 1 3 4 5 2 6 7   2.0
1   4   21 21 21 -1 4 -4 1 21   7 8 1 3 4 5 2 6   2.0
1   4   21 21 21 -1 4 21 -4 1   8 1 3 4 5 2 6 7   2.0
1   4   21 21 21 -1 5 -5 1 21   7 8 1 3 4 5 2 6   2.0
1   4   21 21 21 -1 5 21 -5 1   8 1 3 4 5 2 6 7   2.0
1   4   21 21 21 -2 1 -1 2 21   7 8 1 3 4 5 2 6   2.0
1   4   21 21 21 -2 1 21 -1 2   8 1 3 4 5 2 6 7   2.0
1   4   21 21 21 -2 2 -1 1 21   7 8 1 3 4 5 2 6   2.0
1   4   21 21 21 -2 2 -3 3 21   7 8 1 3 4 5 2 6   2.0
1   4   21 21 21 -2 2 -4 4 21   7 8 1 3 4 5 2 6   2.0
1   4   21 21 21 -2 2 -5 5 21   7 8 1 3 4 5 2 6   2.0
1   4   21 21 21 -2 2 21 -1 1   8 1 3 4 5 2 6 7   2.0
1   4   21 21 21 -2 2 21 -3 3   8 1 3 4 5 2 6 7   2.0
1   4   21 21 21 -2 2 21 -4 4   8 1 3 4 5 2 6 7   2.0
1   4   21 21 21 -2 2 21 -5 5   8 1 3 4 5 2 6 7   2.0
1   4   21 21 21 -2 3 -3 2 21   7 8 1 3 4 5 2 6   2.0
1   4   21 21 21 -2 3 21 -3 2   8 1 3 4 5 2 6 7   2.0
1   4   21 21 21 -2 4 -4 2 21   7 8 1 3 4 5 2 6   2.0
1   4   21 21 21 -2 4 21 -4 2   8 1 3 4 5 2 6 7   2.0
1   4   21 21 21 -2 5 -5 2 21   7 8 1 3 4 5 2 6   2.0
1   4   21 21 21 -2 5 21 -5 2   8 1 3 4 5 2 6 7   2.0
1   4   21 21 21 -3 1 -1 3 21   7 8 1 3 4 5 2 6   2.0
1   4   21 21 21 -3 1 21 -1 3   8 1 3 4 5 2 6 7   2.0
1   4   21 21 21 -3 2 -2 3 21   7 8 1 3 4 5 2 6   2.0
1   4   21 21 21 -3 2 21 -2 3   8 1 3 4 5 2 6 7   2.0
1   4   21 21 21 -3 3 -1 1 21   7 8 1 3 4 5 2 6   2.0
1   4   21 21 21 -3 3 -2 2 21   7 8 1 3 4 5 2 6   2.0
1   4   21 21 21 -3 3 -4 4 21   7 8 1 3 4 5 2 6   2.0
1   4   21 21 21 -3 3 -5 5 21   7 8 1 3 4 5 2 6   2.0
1   4   21 21 21 -3 3 21 -1 1   8 1 3 4 5 2 6 7   2.0
1   4   21 21 21 -3 3 21 -2 2   8 1 3 4 5 2 6 7   2.0
1   4   21 21 21 -3 3 21 -4 4   8 1 3 4 5 2 6 7   2.0
1   4   21 21 21 -3 3 21 -5 5   8 1 3 4 5 2 6 7   2.0
1   4   21 21 21 -3 4 -4 3 21   7 8 1 3 4 5 2 6   2.0
1   4   21 21 21 -3 4 21 -4 3   8 1 3 4 5 2 6 7   2.0
1   4   21 21 21 -3 5 -5 3 21   7 8 1 3 4 5 2 6   2.0
1   4   21 21 21 -3 5 21 -5 3   8 1 3 4 5 2 6 7   2.0
1   4   21 21 21 -4 1 -1 4 21   7 8 1 3 4 5 2 6   2.0
1   4   21 21 21 -4 1 21 -1 4   8 1 3 4 5 2 6 7   2.0
1   4   21 21 21 -4 2 -2 4 21   7 8 1 3 4 5 2 6   2.0
1   4   21 21 21 -4 2 21 -2 4   8 1 3 4 5 2 6 7   2.0
1   4   21 21 21 -4 3 -3 4 21   7 8 1 3 4 5 2 6   2.0
1   4   21 21 21 -4 3 21 -3 4   8 1 3 4 5 2 6 7   2.0
1   4   21 21 21 -4 4 -1 1 21   7 8 1 3 4 5 2 6   2.0
1   4   21 21 21 -4 4 -2 2 21   7 8 1 3 4 5 2 6   2.0
1   4   21 21 21 -4 4 -3 3 21   7 8 1 3 4 5 2 6   2.0
1   4   21 21 21 -4 4 -5 5 21   7 8 1 3 4 5 2 6   2.0
1   4   21 21 21 -4 4 21 -1 1   8 1 3 4 5 2 6 7   2.0
1   4   21 21 21 -4 4 21 -2 2   8 1 3 4 5 2 6 7   2.0
1   4   21 21 21 -4 4 21 -3 3   8 1 3 4 5 2 6 7   2.0
1   4   21 21 21 -4 4 21 -5 5   8 1 3 4 5 2 6 7   2.0
1   4   21 21 21 -4 5 -5 4 21   7 8 1 3 4 5 2 6   2.0
1   4   21 21 21 -4 5 21 -5 4   8 1 3 4 5 2 6 7   2.0
1   4   21 21 21 -5 1 -1 5 21   7 8 1 3 4 5 2 6   2.0
1   4   21 21 21 -5 1 21 -1 5   8 1 3 4 5 2 6 7   2.0
1   4   21 21 21 -5 2 -2 5 21   7 8 1 3 4 5 2 6   2.0
1   4   21 21 21 -5 2 21 -2 5   8 1 3 4 5 2 6 7   2.0
1   4   21 21 21 -5 3 -3 5 21   7 8 1 3 4 5 2 6   2.0
1   4   21 21 21 -5 3 21 -3 5   8 1 3 4 5 2 6 7   2.0
1   4   21 21 21 -5 4 -4 5 21   7 8 1 3 4 5 2 6   2.0
1   4   21 21 21 -5 4 21 -4 5   8 1 3 4 5 2 6 7   2.0
1   4   21 21 21 -5 5 -1 1 21   7 8 1 3 4 5 2 6   2.0
1   4   21 21 21 -5 5 -2 2 21   7 8 1 3 4 5 2 6   2.0
1   4   21 21 21 -5 5 -3 3 21   7 8 1 3 4 5 2 6   2.0
1   4   21 21 21 -5 5 -4 4 21   7 8 1 3 4 5 2 6   2.0
1   4   21 21 21 -5 5 21 -1 1   8 1 3 4 5 2 6 7   2.0
1   4   21 21 21 -5 5 21 -2 2   8 1 3 4 5 2 6 7   2.0
1   4   21 21 21 -5 5 21 -3 3   8 1 3 4 5 2 6 7   2.0
1   4   21 21 21 -5 5 21 -4 4   8 1 3 4 5 2 6 7   2.0
1   4   -1 -1 21 21 -1 21 21 -1   1 3 4 5 2 6 7 8   48.0
1   4   -1 1 21 21 21 1 21 -1   1 3 4 5 2 6 7 8   24.0
1   4   -1 21 -1 1 21 21 21 -1   1 3 4 5 2 6 7 8   12.0
1   4   -1 21 21 -1 1 21 21 -1   1 3 4 5 2 6 7 8   12.0
1   4   -1 21 21 21 21 -1 1 -1   1 3 4 5 2 6 7 8   12.0
1   4   -2 -2 21 21 -2 21 21 -2   1 3 4 5 2 6 7 8   48.0
1   4   -2 2 21 21 21 2 21 -2   1 3 4 5 2 6 7 8   24.0
1   4   -2 21 -2 2 21 21 21 -2   1 3 4 5 2 6 7 8   12.0
1   4   -2 21 21 -2 2 21 21 -2   1 3 4 5 2 6 7 8   12.0
1   4   -2 21 21 21 21 -2 2 -2   1 3 4 5 2 6 7 8   12.0
1   4   -3 -3 21 21 -3 21 21 -3   1 3 4 5 2 6 7 8   48.0
1   4   -3 3 21 21 21 3 21 -3   1 3 4 5 2 6 7 8   24.0
1   4   -3 21 -3 3 21 21 21 -3   1 3 4 5 2 6 7 8   12.0
1   4   -3 21 21 -3 3 21 21 -3   1 3 4 5 2 6 7 8   12.0
1   4   -3 21 21 21 21 -3 3 -3   1 3 4 5 2 6 7 8   12.0
1   4   -4 -4 21 21 -4 21 21 -4   1 3 4 5 2 6 7 8   48.0
1   4   -4 4 21 21 21 4 21 -4   1 3 4 5 2 6 7 8   24.0
1   4   -4 21 -4 4 21 21 21 -4   1 3 4 5 2 6 7 8   12.0
1   4   -4 21 21 -4 4 21 21 -4   1 3 4 5 2 6 7 8   12.0
1   4   -4 21 21 21 21 -4 4 -4   1 3 4 5 2 6 7 8   12.0
1   4   -5 -5 21 21 -5 21 21 -5   1 3 4 5 2 6 7 8   48.0
1   4   -5 5 21 21 21 5 21 -5   1 3 4 5 2 6 7 8   24.0
1   4   -5 21 -5 5 21 21 21 -5   1 3 4 5 2 6 7 8   12.0
1   4   -5 21 21 -5 5 21 21 -5   1 3 4 5 2 6 7 8   12.0
1   4   -5 21 21 21 21 -5 5 -5   1 3 4 5 2 6 7 8   12.0
1   4   1 -1 1 21 -1 21 21 21   2 6 7 8 1 3 4 5   24.0
1   4   1 1 1 21 21 1 21 21   6 7 8 1 3 4 5 2   48.0
1   4   1 21 1 -1 1 21 21 21   5 2 6 7 8 1 3 4   12.0
1   4   1 21 1 21 21 -1 1 21   7 8 1 3 4 5 2 6   12.0
1   4   1 21 1 21 21 21 -1 1   8 1 3 4 5 2 6 7   12.0
1   4   2 -2 2 21 -2 21 21 21   2 6 7 8 1 3 4 5   24.0
1   4   2 2 2 21 21 2 21 21   6 7 8 1 3 4 5 2   48.0
1   4   2 21 2 -2 2 21 21 21   5 2 6 7 8 1 3 4   12.0
1   4   2 21 2 21 21 -2 2 21   7 8 1 3 4 5 2 6   12.0
1   4   2 21 2 21 21 21 -2 2   8 1 3 4 5 2 6 7   12.0
1   4   3 -3 3 21 -3 21 21 21   2 6 7 8 1 3 4 5   24.0
1   4   3 3 3 21 21 3 21 21   6 7 8 1 3 4 5 2   48.0
1   4   3 21 3 -3 3 21 21 21   5 2 6 7 8 1 3 4   12.0
1   4   3 21 3 21 21 -3 3 21   7 8 1 3 4 5 2 6   12.0
1   4   3 21 3 21 21 21 -3 3   8 1 3 4 5 2 6 7   12.0
1   4   4 -4 4 21 -4 21 21 21   2 6 7 8 1 3 4 5   24.0
1   4   4 4 4 21 21 4 21 21   6 7 8 1 3 4 5 2   48.0
1   4   4 21 4 -4 4 21 21 21   5 2 6 7 8 1 3 4   12.0
1   4   4 21 4 21 21 -4 4 21   7 8 1 3 4 5 2 6   12.0
1   4   4 21 4 21 21 21 -4 4   8 1 3 4 5 2 6 7   12.0
1   4   5 -5 5 21 -5 21 21 21   2 6 7 8 1 3 4 5   24.0
1   4   5 5 5 21 21 5 21 21   6 7 8 1 3 4 5 2   48.0
1   4   5 21 5 -5 5 21 21 21   5 2 6 7 8 1 3 4   12.0
1   4   5 21 5 21 21 -5 5 21   7 8 1 3 4 5 2 6   12.0
1   4   5 21 5 21 21 21 -5 5   8 1 3 4 5 2 6 7   12.0
1   4   21 -1 -1 1 -1 21 21 21   2 6 7 8 1 3 4 5   12.0
1   4   21 -1 21 21 -1 -1 1 21   7 8 1 3 4 5 2 6   12.0
1   4   21 -1 21 21 -1 21 -1 1   8 1 3 4 5 2 6 7   12.0
1   4   21 -2 -2 2 -2 21 21 21   2 6 7 8 1 3 4 5   12.0
1   4   21 -2 21 21 -2 -2 2 21   7 8 1 3 4 5 2 6   12.0
1   4   21 -2 21 21 -2 21 -2 2   8 1 3 4 5 2 6 7   12.0
1   4   21 -3 -3 3 -3 21 21 21   2 6 7 8 1 3 4 5   12.0
1   4   21 -3 21 21 -3 -3 3 21   7 8 1 3 4 5 2 6   12.0
1   4   21 -3 21 21 -3 21 -3 3   8 1 3 4 5 2 6 7   12.0
1   4   21 -4 -4 4 -4 21 21 21   2 6 7 8 1 3 4 5   12.0
1   4   21 -4 21 21 -4 -4 4 21   7 8 1 3 4 5 2 6   12.0
1   4   21 -4 21 21 -4 21 -4 4   8 1 3 4 5 2 6 7   12.0
1   4   21 -5 -5 5 -5 21 21 21   2 6 7 8 1 3 4 5   12.0
1   4   21 -5 21 21 -5 -5 5 21   7 8 1 3 4 5 2 6   12.0
1   4   21 -5 21 21 -5 21 -5 5   8 1 3 4 5 2 6 7   12.0
1   4   21 1 -1 1 21 1 21 21   6 7 8 1 3 4 5 2   12.0
1   4   21 1 21 -1 1 1 21 21   6 7 8 1 3 4 5 2   12.0
1   4   21 1 21 21 21 1 -1 1   8 1 3 4 5 2 6 7   12.0
1   4   21 2 -2 2 21 2 21 21   6 7 8 1 3 4 5 2   12.0
1   4   21 2 21 -2 2 2 21 21   6 7 8 1 3 4 5 2   12.0
1   4   21 2 21 21 21 2 -2 2   8 1 3 4 5 2 6 7   12.0
1   4   21 3 -3 3 21 3 21 21   6 7 8 1 3 4 5 2   12.0
1   4   21 3 21 -3 3 3 21 21   6 7 8 1 3 4 5 2   12.0
1   4   21 3 21 21 21 3 -3 3   8 1 3 4 5 2 6 7   12.0
1   4   21 4 -4 4 21 4 21 21   6 7 8 1 3 4 5 2   12.0
1   4   21 4 21 -4 4 4 21 21   6 7 8 1 3 4 5 2   12.0
1   4   21 4 21 21 21 4 -4 4   8 1 3 4 5 2 6 7   12.0
1   4   21 5 -5 5 21 5 21 21   6 7 8 1 3 4 5 2   12.0
1   4   21 5 21 -5 5 5 21 21   6 7 8 1 3 4 5 2   12.0
1   4   21 5 21 21 21 5 -5 5   8 1 3 4 5 2 6 7   12.0
1   4   21 21 -1 1 21 -1 1 21   7 8 1 3 4 5 2 6   8.0
1   4   21 21 -1 1 21 21 -1 1   8 1 3 4 5 2 6 7   8.0
1   4   21 21 -2 2 21 -2 2 21   7 8 1 3 4 5 2 6   8.0
1   4   21 21 -2 2 21 21 -2 2   8 1 3 4 5 2 6 7   8.0
1   4   21 21 -3 3 21 -3 3 21   7 8 1 3 4 5 2 6   8.0
1   4   21 21 -3 3 21 21 -3 3   8 1 3 4 5 2 6 7   8.0
1   4   21 21 -4 4 21 -4 4 21   7 8 1 3 4 5 2 6   8.0
1   4   21 21 -4 4 21 21 -4 4   8 1 3 4 5 2 6 7   8.0
1   4   21 21 -5 5 21 -5 5 21   7 8 1 3 4 5 2 6   8.0
1   4   21 21 -5 5 21 21 -5 5   8 1 3 4 5 2 6 7   8.0
1   4   21 21 21 -1 1 -1 1 21   7 8 1 3 4 5 2 6   8.0
1   4   21 21 21 -1 1 21 -1 1   8 1 3 4 5 2 6 7   8.0
1   4   21 21 21 -2 2 -2 2 21   7 8 1 3 4 5 2 6   8.0
1   4   21 21 21 -2 2 21 -2 2   8 1 3 4 5 2 6 7   8.0
1   4   21 21 21 -3 3 -3 3 21   7 8 1 3 4 5 2 6   8.0
1   4   21 21 21 -3 3 21 -3 3   8 1 3 4 5 2 6 7   8.0
1   4   21 21 21 -4 4 -4 4 21   7 8 1 3 4 5 2 6   8.0
1   4   21 21 21 -4 4 21 -4 4   8 1 3 4 5 2 6 7   8.0
1   4   21 21 21 -5 5 -5 5 21   7 8 1 3 4 5 2 6   8.0
1   4   21 21 21 -5 5 21 -5 5   8 1 3 4 5 2 6 7   8.0



5   941   1   1 3 4 5 6 2 7 8
1   5   21 21 21 21 21 21 21 21   1 3 4 5 6 2 7 8   720.0
1   5   -1 21 21 21 21 21 21 -1   1 3 4 5 6 2 7 8   120.0
1   5   -2 21 21 21 21 21 21 -2   1 3 4 5 6 2 7 8   120.0
1   5   -3 21 21 21 21 21 21 -3   1 3 4 5 6 2 7 8   120.0
1   5   -4 21 21 21 21 21 21 -4   1 3 4 5 6 2 7 8   120.0
1   5   -5 21 21 21 21 21 21 -5   1 3 4 5 6 2 7 8   120.0
1   5   1 21 1 21 21 21 21 21   3 4 5 6 2 7 8 1   120.0
1   5   2 21 2 21 21 21 21 21   3 4 5 6 2 7 8 1   120.0
1   5   3 21 3 21 21 21 21 21   3 4 5 6 2 7 8 1   120.0
1   5   4 21 4 21 21 21 21 21   3 4 5 6 2 7 8 1   120.0
1   5   5 21 5 21 21 21 21 21   3 4 5 6 2 7 8 1   120.0
1   5   21 -1 21 21 21 -1 21 21   2 7 8 1 3 4 5 6   120.0
1   5   21 -2 21 21 21 -2 21 21   2 7 8 1 3 4 5 6   120.0
1   5   21 -3 21 21 21 -3 21 21   2 7 8 1 3 4 5 6   120.0
1   5   21 -4 21 21 21 -4 21 21   2 7 8 1 3 4 5 6   120.0
1   5   21 -5 21 21 21 -5 21 21   2 7 8 1 3 4 5 6   120.0
1   5   21 1 21 21 21 21 1 21   7 8 1 3 4 5 6 2   120.0
1   5   21 2 21 21 21 21 2 21   7 8 1 3 4 5 6 2   120.0
1   5   21 3 21 21 21 21 3 21   7 8 1 3 4 5 6 2   120.0
1   5   21 4 21 21 21 21 4 21   7 8 1 3 4 5 6 2   120.0
1   5   21 5 21 21 21 21 5 21   7 8 1 3 4 5 6 2   120.0
1   5   21 21 -1 1 21 21 21 21   4 5 6 2 7 8 1 3   24.0
1   5   21 21 -2 2 21 21 21 21   4 5 6 2 7 8 1 3   24.0
1   5   21 21 -3 3 21 21 21 21   4 5 6 2 7 8 1 3   24.0
1   5   21 21 -4 4 21 21 21 21   4 5 6 2 7 8 1 3   24.0
1   5   21 21 -5 5 21 21 21 21   4 5 6 2 7 8 1 3   24.0
1   5   21 21 21 -1 1 21 21 21   5 6 2 7 8 1 3 4   24.0
1   5   21 21 21 -2 2 21 21 21   5 6 2 7 8 1 3 4   24.0
1   5   21 21 21 -3 3 21 21 21   5 6 2 7 8 1 3 4   24.0
1   5   21 21 21 -4 4 21 21 21   5 6 2 7 8 1 3 4   24.0
1   5   21 21 21 -5 5 21 21 21   5 6 2 7 8 1 3 4   24.0
1   5   21 21 21 21 -1 1 21 21   6 2 7 8 1 3 4 5   24.0
1   5   21 21 21 21 -2 2 21 21   6 2 7 8 1 3 4 5   24.0
1   5   21 21 21 21 -3 3 21 21   6 2 7 8 1 3 4 5   24.0
1   5   21 21 21 21 -4 4 21 21   6 2 7 8 1 3 4 5   24.0
1   5   21 21 21 21 -5 5 21 21   6 2 7 8 1 3 4 5   24.0
1   5   21 21 21 21 21 21 -1 1   8 1 3 4 5 6 2 7   24.0
1   5   21 21 21 21 21 21 -2 2   8 1 3 4 5 6 2 7   24.0
1   5   21 21 21 21 21 21 -3 3   8 1 3 4 5 6 2 7   24.0
1   5   21 21 21 21 21 21 -4 4   8 1 3 4 5 6 2 7   24.0
1   5   21 21 21 21 21 21 -5 5   8 1 3 4 5 6 2 7   24.0
1   5   -1 -2 21 21 21 -1 21 -2   1 3 4 5 6 2 7 8   24.0
1   5   -1 -2 21 21 21 -2 21 -1   1 3 4 5 6 2 7 8   24.0
1   5   -1 -3 21 21 21 -1 21 -3   1 3 4 5 6 2 7 8   24.0
1   5   -1 -3 21 21 21 -3 21 -1   1 3 4 5 6 2 7 8   24.0
1   5   -1 -4 21 21 21 -1 21 -4   1 3 4 5 6 2 7 8   24.0
1   5   -1 -4 21 21 21 -4 21 -1   1 3 4 5 6 2 7 8   24.0
1   5   -1 -5 21 21 21 -1 21 -5   1 3 4 5 6 2 7 8   24.0
1   5   -1 -5 21 21 21 -5 21 -1   1 3 4 5 6 2 7 8   24.0
1   5   -1 1 21 21 21 21 2 -2   1 3 4 5 6 2 7 8   24.0
1   5   -1 1 21 21 21 21 3 -3   1 3 4 5 6 2 7 8   24.0
1   5   -1 1 21 21 21 21 4 -4   1 3 4 5 6 2 7 8   24.0
1   5   -1 1 21 21 21 21 5 -5   1 3 4 5 6 2 7 8   24.0
1   5   -1 2 21 21 21 21 2 -1   1 3 4 5 6 2 7 8   24.0
1   5   -1 3 21 21 21 21 3 -1   1 3 4 5 6 2 7 8   24.0
1   5   -1 4 21 21 21 21 4 -1   1 3 4 5 6 2 7 8   24.0
1   5   -1 5 21 21 21 21 5 -1   1 3 4 5 6 2 7 8   24.0
1   5   -1 21 -1 2 21 21 21 -2   1 3 4 5 6 2 7 8   6.0
1   5   -1 21 -1 3 21 21 21 -3   1 3 4 5 6 2 7 8   6.0
1   5   -1 21 -1 4 21 21 21 -4   1 3 4 5 6 2 7 8   6.0
1   5   -1 21 -1 5 21 21 21 -5   1 3 4 5 6 2 7 8   6.0
1   5   -1 21 -2 2 21 21 21 -1   1 3 4 5 6 2 7 8   6.0
1   5   -1 21 -3 3 21 21 21 -1   1 3 4 5 6 2 7 8   6.0
1   5   -1 21 -4 4 21 21 21 -1   1 3 4 5 6 2 7 8   6.0
1   5   -1 21 -5 5 21 21 21 -1   1 3 4 5 6 2 7 8   6.0
1   5   -1 21 21 -1 2 21 21 -2   1 3 4 5 6 2 7 8   6.0
1   5   -1 21 21 -1 3 21 21 -3   1 3 4 5 6 2 7 8   6.0
1   5   -1 21 21 -1 4 21 21 -4   1 3 4 5 6 2 7 8   6.0
1   5   -1 21 21 -1 5 21 21 -5   1 3 4 5 6 2 7 8   6.0
1   5   -1 21 21 -2 2 21 21 -1   1 3 4 5 6 2 7 8   6.0
1   5   -1 21 21 -3 3 21 21 -1   1 3 4 5 6 2 7 8   6.0
1   5   -1 21 21 -4 4 21 21 -1   1 3 4 5 6 2 7 8   6.0
1   5   -1 21 21 -5 5 21 21 -1   1 3 4 5 6 2 7 8   6.0
1   5   -1 21 21 21 -1 2 21 -2   1 3 4 5 6 2 7 8   6.0
1   5   -1 21 21 21 -1 3 21 -3   1 3 4 5 6 2 7 8   6.0
1   5   -1 21 21 21 -1 4 21 -4   1 3 4 5 6 2 7 8   6.0
1   5   -1 21 21 21 -1 5 21 -5   1 3 4 5 6 2 7 8   6.0
1   5   -1 21 21 21 -2 2 21 -1   1 3 4 5 6 2 7 8   6.0
1   5   -1 21 21 21 -3 3 21 -1   1 3 4 5 6 2 7 8   6.0
1   5   -1 21 21 21 -4 4 21 -1   1 3 4 5 6 2 7 8   6.0
1   5   -1 21 21 21 -5 5 21 -1   1 3 4 5 6 2 7 8   6.0
1   5   -2 -1 21 21 21 -1 21 -2   1 3 4 5 6 2 7 8   24.0
1   5   -2 -1 21 21 21 -2 21 -1   1 3 4 5 6 2 7 8   24.0
1   5   -2 -3 21 21 21 -2 21 -3   1 3 4 5 6 2 7 8   24.0
1   5   -2 -3 21 21 21 -3 21 -2   1 3 4 5 6 2 7 8   24.0
1   5   -2 -4 21 21 21 -2 21 -4   1 3 4 5 6 2 7 8   24.0
1   5   -2 -4 21 21 21 -4 21 -2   1 3 4 5 6 2 7 8   24.0
1   5   -2 -5 21 21 21 -2 21 -5   1 3 4 5 6 2 7 8   24.0
1   5   -2 -5 21 21 21 -5 21 -2   1 3 4 5 6 2 7 8   24.0
1   5   -2 1 21 21 21 21 1 -2   1 3 4 5 6 2 7 8   24.0
1   5   -2 2 21 21 21 21 1 -1   1 3 4 5 6 2 7 8   24.0
1   5   -2 2 21 21 21 21 3 -3   1 3 4 5 6 2 7 8   24.0
1   5   -2 2 21 21 21 21 4 -4   1 3 4 5 6 2 7 8   24.0
1   5   -2 2 21 21 21 21 5 -5   1 3 4 5 6 2 7 8   24.0
1   5   -2 3 21 21 21 21 3 -2   1 3 4 5 6 2 7 8   24.0
1   5   -2 4 21 21 21 21 4 -2   1 3 4 5 6 2 7 8   24.0
1   5   -2 5 21 21 21 21 5 -2   1 3 4 5 6 2 7 8   24.0
1   5   -2 21 -1 1 21 21 21 -2   1 3 4 5 6 2 7 8   6.0
1   5   -2 21 -2 1 21 21 21 -1   1 3 4 5 6 2 7 8   6.0
1   5   -2 21 -2 3 21 21 21 -3   1 3 4 5 6 2 7 8   6.0
1   5   -2 21 -2 4 21 21 21 -4   1 3 4 5 6 2 7 8   6.0
1   5   -2 21 -2 5 21 21 21 -5   1 3 4 5 6 2 7 8   6.0
1   5   -2 21 -3 3 21 21 21 -2   1 3 4 5 6 2 7 8   6.0
1   5   -2 21 -4 4 21 21 21 -2   1 3 4 5 6 2 7 8   6.0
1   5   -2 21 -5 5 21 21 21 -2   1 3 4 5 6 2 7 8   6.0
1   5   -2 21 21 -1 1 21 21 -2   1 3 4 5 6 2 7 8   6.0
1   5   -2 21 21 -2 1 21 21 -1   1 3 4 5 6 2 7 8   6.0
1   5   -2 21 21 -2 3 21 21 -3   1 3 4 5 6 2 7 8   6.0
1   5   -2 21 21 -2 4 21 21 -4   1 3 4 5 6 2 7 8   6.0
1   5   -2 21 21 -2 5 21 21 -5   1 3 4 5 6 2 7 8   6.0
1   5   -2 21 21 -3 3 21 21 -2   1 3 4 5 6 2 7 8   6.0
1   5   -2 21 21 -4 4 21 21 -2   1 3 4 5 6 2 7 8   6.0
1   5   -2 21 21 -5 5 21 21 -2   1 3 4 5 6 2 7 8   6.0
1   5   -2 21 21 21 -1 1 21 -2   1 3 4 5 6 2 7 8   6.0
1   5   -2 21 21 21 -2 1 21 -1   1 3 4 5 6 2 7 8   6.0
1   5   -2 21 21 21 -2 3 21 -3   1 3 4 5 6 2 7 8   6.0
1   5   -2 21 21 21 -2 4 21 -4   1 3 4 5 6 2 7 8   6.0
1   5   -2 21 21 21 -2 5 21 -5   1 3 4 5 6 2 7 8   6.0
1   5   -2 21 21 21 -3 3 21 -2   1 3 4 5 6 2 7 8   6.0
1   5   -2 21 21 21 -4 4 21 -2   1 3 4 5 6 2 7 8   6.0
1   5   -2 21 21 21 -5 5 21 -2   1 3 4 5 6 2 7 8   6.0
1   5   -3 -1 21 21 21 -1 21 -3   1 3 4 5 6 2 7 8   24.0
1   5   -3 -1 21 21 21 -3 21 -1   1 3 4 5 6 2 7 8   24.0
1   5   -3 -2 21 21 21 -2 21 -3   1 3 4 5 6 2 7 8   24.0
1   5   -3 -2 21 21 21 -3 21 -2   1 3 4 5 6 2 7 8   24.0
1   5   -3 -4 21 21 21 -3 21 -4   1 3 4 5 6 2 7 8   24.0
1   5   -3 -4 21 21 21 -4 21 -3   1 3 4 5 6 2 7 8   24.0
1   5   -3 -5 21 21 21 -3 21 -5   1 3 4 5 6 2 7 8   24.0
1   5   -3 -5 21 21 21 -5 21 -3   1 3 4 5 6 2 7 8   24.0
1   5   -3 1 21 21 21 21 1 -3   1 3 4 5 6 2 7 8   24.0
1   5   -3 2 21 21 21 21 2 -3   1 3 4 5 6 2 7 8   24.0
1   5   -3 3 21 21 21 21 1 -1   1 3 4 5 6 2 7 8   24.0
1   5   -3 3 21 21 21 21 2 -2   1 3 4 5 6 2 7 8   24.0
1   5   -3 3 21 21 21 21 4 -4   1 3 4 5 6 2 7 8   24.0
1   5   -3 3 21 21 21 21 5 -5   1 3 4 5 6 2 7 8   24.0
1   5   -3 4 21 21 21 21 4 -3   1 3 4 5 6 2 7 8   24.0
1   5   -3 5 21 21 21 21 5 -3   1 3 4 5 6 2 7 8   24.0
1   5   -3 21 -1 1 21 21 21 -3   1 3 4 5 6 2 7 8   6.0
1   5   -3 21 -2 2 21 21 21 -3   1 3 4 5 6 2 7 8   6.0
1   5   -3 21 -3 1 21 21 21 -1   1 3 4 5 6 2 7 8   6.0
1   5   -3 21 -3 2 21 21 21 -2   1 3 4 5 6 2 7 8   6.0
1   5   -3 21 -3 4 21 21 21 -4   1 3 4 5 6 2 7 8   6.0
1   5   -3 21 -3 5 21 21 21 -5   1 3 4 5 6 2 7 8   6.0
1   5   -3 21 -4 4 21 21 21 -3   1 3 4 5 6 2 7 8   6.0
1   5   -3 21 -5 5 21 21 21 -3   1 3 4 5 6 2 7 8   6.0
1   5   -3 21 21 -1 1 21 21 -3   1 3 4 5 6 2 7 8   6.0
1   5   -3 21 21 -2 2 21 21 -3   1 3 4 5 6 2 7 8   6.0
1   5   -3 21 21 -3 1 21 21 -1   1 3 4 5 6 2 7 8   6.0
1   5   -3 21 21 -3 2 21 21 -2   1 3 4 5 6 2 7 8   6.0
1   5   -3 21 21 -3 4 21 21 -4   1 3 4 5 6 2 7 8   6.0
1   5   -3 21 21 -3 5 21 21 -5   1 3 4 5 6 2 7 8   6.0
1   5   -3 21 21 -4 4 21 21 -3   1 3 4 5 6 2 7 8   6.0
1   5   -3 21 21 -5 5 21 21 -3   1 3 4 5 6 2 7 8   6.0
1   5   -3 21 21 21 -1 1 21 -3   1 3 4 5 6 2 7 8   6.0
1   5   -3 21 21 21 -2 2 21 -3   1 3 4 5 6 2 7 8   6.0
1   5   -3 21 21 21 -3 1 21 -1   1 3 4 5 6 2 7 8   6.0
1   5   -3 21 21 21 -3 2 21 -2   1 3 4 5 6 2 7 8   6.0
1   5   -3 21 21 21 -3 4 21 -4   1 3 4 5 6 2 7 8   6.0
1   5   -3 21 21 21 -3 5 21 -5   1 3 4 5 6 2 7 8   6.0
1   5   -3 21 21 21 -4 4 21 -3   1 3 4 5 6 2 7 8   6.0
1   5   -3 21 21 21 -5 5 21 -3   1 3 4 5 6 2 7 8   6.0
1   5   -4 -1 21 21 21 -1 21 -4   1 3 4 5 6 2 7 8   24.0
1   5   -4 -1 21 21 21 -4 21 -1   1 3 4 5 6 2 7 8   24.0
1   5   -4 -2 21 21 21 -2 21 -4   1 3 4 5 6 2 7 8   24.0
1   5   -4 -2 21 21 21 -4 21 -2   1 3 4 5 6 2 7 8   24.0
1   5   -4 -3 21 21 21 -3 21 -4   1 3 4 5 6 2 7 8   24.0
1   5   -4 -3 21 21 21 -4 21 -3   1 3 4 5 6 2 7 8   24.0
1   5   -4 -5 21 21 21 -4 21 -5   1 3 4 5 6 2 7 8   24.0
1   5   -4 -5 21 21 21 -5 21 -4   1 3 4 5 6 2 7 8   24.0
1   5   -4 1 21 21 21 21 1 -4   1 3 4 5 6 2 7 8   24.0
1   5   -4 2 21 21 21 21 2 -4   1 3 4 5 6 2 7 8   24.0
1   5   -4 3 21 21 21 21 3 -4   1 3 4 5 6 2 7 8   24.0
1   5   -4 4 21 21 21 21 1 -1   1 3 4 5 6 2 7 8   24.0
1   5   -4 4 21 21 21 21 2 -2   1 3 4 5 6 2 7 8   24.0
1   5   -4 4 21 21 21 21 3 -3   1 3 4 5 6 2 7 8   24.0
1   5   -4 4 21 21 21 21 5 -5   1 3 4 5 6 2 7 8   24.0
1   5   -4 5 21 21 21 21 5 -4   1 3 4 5 6 2 7 8   24.0
1   5   -4 21 -1 1 21 21 21 -4   1 3 4 5 6 2 7 8   6.0
1   5   -4 21 -2 2 21 21 21 -4   1 3 4 5 6 2 7 8   6.0
1   5   -4 21 -3 3 21 21 21 -4   1 3 4 5 6 2 7 8   6.0
1   5   -4 21 -4 1 21 21 21 -1   1 3 4 5 6 2 7 8   6.0
1   5   -4 21 -4 2 21 21 21 -2   1 3 4 5 6 2 7 8   6.0
1   5   -4 21 -4 3 21 21 21 -3   1 3 4 5 6 2 7 8   6.0
1   5   -4 21 -4 5 21 21 21 -5   1 3 4 5 6 2 7 8   6.0
1   5   -4 21 -5 5 21 21 21 -4   1 3 4 5 6 2 7 8   6.0
1   5   -4 21 21 -1 1 21 21 -4   1 3 4 5 6 2 7 8   6.0
1   5   -4 21 21 -2 2 21 21 -4   1 3 4 5 6 2 7 8   6.0
1   5   -4 21 21 -3 3 21 21 -4   1 3 4 5 6 2 7 8   6.0
1   5   -4 21 21 -4 1 21 21 -1   1 3 4 5 6 2 7 8   6.0
1   5   -4 21 21 -4 2 21 21 -2   1 3 4 5 6 2 7 8   6.0
1   5   -4 21 21 -4 3 21 21 -3   1 3 4 5 6 2 7 8   6.0
1   5   -4 21 21 -4 5 21 21 -5   1 3 4 5 6 2 7 8   6.0
1   5   -4 21 21 -5 5 21 21 -4   1 3 4 5 6 2 7 8   6.0
1   5   -4 21 21 21 -1 1 21 -4   1 3 4 5 6 2 7 8   6.0
1   5   -4 21 21 21 -2 2 21 -4   1 3 4 5 6 2 7 8   6.0
1   5   -4 21 21 21 -3 3 21 -4   1 3 4 5 6 2 7 8   6.0
1   5   -4 21 21 21 -4 1 21 -1   1 3 4 5 6 2 7 8   6.0
1   5   -4 21 21 21 -4 2 21 -2   1 3 4 5 6 2 7 8   6.0
1   5   -4 21 21 21 -4 3 21 -3   1 3 4 5 6 2 7 8   6.0
1   5   -4 21 21 21 -4 5 21 -5   1 3 4 5 6 2 7 8   6.0
1   5   -4 21 21 21 -5 5 21 -4   1 3 4 5 6 2 7 8   6.0
1   5   -5 -1 21 21 21 -1 21 -5   1 3 4 5 6 2 7 8   24.0
1   5   -5 -1 21 21 21 -5 21 -1   1 3 4 5 6 2 7 8   24.0
1   5   -5 -2 21 21 21 -2 21 -5   1 3 4 5 6 2 7 8   24.0
1   5   -5 -2 21 21 21 -5 21 -2   1 3 4 5 6 2 7 8   24.0
1   5   -5 -3 21 21 21 -3 21 -5   1 3 4 5 6 2 7 8   24.0
1   5   -5 -3 21 21 21 -5 21 -3   1 3 4 5 6 2 7 8   24.0
1   5   -5 -4 21 21 21 -4 21 -5   1 3 4 5 6 2 7 8   24.0
1   5   -5 -4 21 21 21 -5 21 -4   1 3 4 5 6 2 7 8   24.0
1   5   -5 1 21 21 21 21 1 -5   1 3 4 5 6 2 7 8   24.0
1   5   -5 2 21 21 21 21 2 -5   1 3 4 5 6 2 7 8   24.0
1   5   -5 3 21 21 21 21 3 -5   1 3 4 5 6 2 7 8   24.0
1   5   -5 4 21 21 21 21 4 -5   1 3 4 5 6 2 7 8   24.0
1   5   -5 5 21 21 21 21 1 -1   1 3 4 5 6 2 7 8   24.0
1   5   -5 5 21 21 21 21 2 -2   1 3 4 5 6 2 7 8   24.0
1   5   -5 5 21 21 21 21 3 -3   1 3 4 5 6 2 7 8   24.0
1   5   -5 5 21 21 21 21 4 -4   1 3 4 5 6 2 7 8   24.0
1   5   -5 21 -1 1 21 21 21 -5   1 3 4 5 6 2 7 8   6.0
1   5   -5 21 -2 2 21 21 21 -5   1 3 4 5 6 2 7 8   6.0
1   5   -5 21 -3 3 21 21 21 -5   1 3 4 5 6 2 7 8   6.0
1   5   -5 21 -4 4 21 21 21 -5   1 3 4 5 6 2 7 8   6.0
1   5   -5 21 -5 1 21 21 21 -1   1 3 4 5 6 2 7 8   6.0
1   5   -5 21 -5 2 21 21 21 -2   1 3 4 5 6 2 7 8   6.0
1   5   -5 21 -5 3 21 21 21 -3   1 3 4 5 6 2 7 8   6.0
1   5   -5 21 -5 4 21 21 21 -4   1 3 4 5 6 2 7 8   6.0
1   5   -5 21 21 -1 1 21 21 -5   1 3 4 5 6 2 7 8   6.0
1   5   -5 21 21 -2 2 21 21 -5   1 3 4 5 6 2 7 8   6.0
1   5   -5 21 21 -3 3 21 21 -5   1 3 4 5 6 2 7 8   6.0
1   5   -5 21 21 -4 4 21 21 -5   1 3 4 5 6 2 7 8   6.0
1   5   -5 21 21 -5 1 21 21 -1   1 3 4 5 6 2 7 8   6.0
1   5   -5 21 21 -5 2 21 21 -2   1 3 4 5 6 2 7 8   6.0
1   5   -5 21 21 -5 3 21 21 -3   1 3 4 5 6 2 7 8   6.0
1   5   -5 21 21 -5 4 21 21 -4   1 3 4 5 6 2 7 8   6.0
1   5   -5 21 21 21 -1 1 21 -5   1 3 4 5 6 2 7 8   6.0
1   5   -5 21 21 21 -2 2 21 -5   1 3 4 5 6 2 7 8   6.0
1   5   -5 21 21 21 -3 3 21 -5   1 3 4 5 6 2 7 8   6.0
1   5   -5 21 21 21 -4 4 21 -5   1 3 4 5 6 2 7 8   6.0
1   5   -5 21 21 21 -5 1 21 -1   1 3 4 5 6 2 7 8   6.0
1   5   -5 21 21 21 -5 2 21 -2   1 3 4 5 6 2 7 8   6.0
1   5   -5 21 21 21 -5 3 21 -3   1 3 4 5 6 2 7 8   6.0
1   5   -5 21 21 21 -5 4 21 -4   1 3 4 5 6 2 7 8   6.0
1   5   1 -1 2 21 21 -2 21 21   2 7 8 1 3 4 5 6   24.0
1   5   1 -1 3 21 21 -3 21 21   2 7 8 1 3 4 5 6   24.0
1   5   1 -1 4 21 21 -4 21 21   2 7 8 1 3 4 5 6   24.0
1   5   1 -1 5 21 21 -5 21 21   2 7 8 1 3 4 5 6   24.0
1   5   1 -2 1 21 21 -2 21 21   2 7 8 1 3 4 5 6   24.0
1   5   1 -3 1 21 21 -3 21 21   2 7 8 1 3 4 5 6   24.0
1   5   1 -4 1 21 21 -4 21 21   2 7 8 1 3 4 5 6   24.0
1   5   1 -5 1 21 21 -5 21 21   2 7 8 1 3 4 5 6   24.0
1   5   1 2 1 21 21 21 2 21   7 8 1 3 4 5 6 2   24.0
1   5   1 2 2 21 21 21 1 21   7 8 1 3 4 5 6 2   24.0
1   5   1 3 1 21 21 21 3 21   7 8 1 3 4 5 6 2   24.0
1   5   1 3 3 21 21 21 1 21   7 8 1 3 4 5 6 2   24.0
1   5   1 4 1 21 21 21 4 21   7 8 1 3 4 5 6 2   24.0
1   5   1 4 4 21 21 21 1 21   7 8 1 3 4 5 6 2   24.0
1   5   1 5 1 21 21 21 5 21   7 8 1 3 4 5 6 2   24.0
1   5   1 5 5 21 21 21 1 21   7 8 1 3 4 5 6 2   24.0
1   5   1 21 1 -2 2 21 21 21   5 6 2 7 8 1 3 4   6.0
1   5   1 21 1 -3 3 21 21 21   5 6 2 7 8 1 3 4   6.0
1   5   1 21 1 -4 4 21 21 21   5 6 2 7 8 1 3 4   6.0
1   5   1 21 1 -5 5 21 21 21   5 6 2 7 8 1 3 4   6.0
1   5   1 21 1 21 -2 2 21 21   6 2 7 8 1 3 4 5   6.0
1   5   1 21 1 21 -3 3 21 21   6 2 7 8 1 3 4 5   6.0
1   5   1 21 1 21 -4 4 21 21   6 2 7 8 1 3 4 5   6.0
1   5   1 21 1 21 -5 5 21 21   6 2 7 8 1 3 4 5   6.0
1   5   1 21 1 21 21 21 -2 2   8 1 3 4 5 6 2 7   6.0
1   5   1 21 1 21 21 21 -3 3   8 1 3 4 5 6 2 7   6.0
1   5   1 21 1 21 21 21 -4 4   8 1 3 4 5 6 2 7   6.0
1   5   1 21 1 21 21 21 -5 5   8 1 3 4 5 6 2 7   6.0
1   5   1 21 2 -2 1 21 21 21   5 6 2 7 8 1 3 4   6.0
1   5   1 21 2 21 -2 1 21 21   6 2 7 8 1 3 4 5   6.0
1   5   1 21 2 21 21 21 -2 1   8 1 3 4 5 6 2 7   6.0
1   5   1 21 3 -3 1 21 21 21   5 6 2 7 8 1 3 4   6.0
1   5   1 21 3 21 -3 1 21 21   6 2 7 8 1 3 4 5   6.0
1   5   1 21 3 21 21 21 -3 1   8 1 3 4 5 6 2 7   6.0
1   5   1 21 4 -4 1 21 21 21   5 6 2 7 8 1 3 4   6.0
1   5   1 21 4 21 -4 1 21 21   6 2 7 8 1 3 4 5   6.0
1   5   1 21 4 21 21 21 -4 1   8 1 3 4 5 6 2 7   6.0
1   5   1 21 5 -5 1 21 21 21   5 6 2 7 8 1 3 4   6.0
1   5   1 21 5 21 -5 1 21 21   6 2 7 8 1 3 4 5   6.0
1   5   1 21 5 21 21 21 -5 1   8 1 3 4 5 6 2 7   6.0
1   5   2 -1 2 21 21 -1 21 21   2 7 8 1 3 4 5 6   24.0
1   5   2 -2 1 21 21 -1 21 21   2 7 8 1 3 4 5 6   24.0
1   5   2 -2 3 21 21 -3 21 21   2 7 8 1 3 4 5 6   24.0
1   5   2 -2 4 21 21 -4 21 21   2 7 8 1 3 4 5 6   24.0
1   5   2 -2 5 21 21 -5 21 21   2 7 8 1 3 4 5 6   24.0
1   5   2 -3 2 21 21 -3 21 21   2 7 8 1 3 4 5 6   24.0
1   5   2 -4 2 21 21 -4 21 21   2 7 8 1 3 4 5 6   24.0
1   5   2 -5 2 21 21 -5 21 21   2 7 8 1 3 4 5 6   24.0
1   5   2 1 1 21 21 21 2 21   7 8 1 3 4 5 6 2   24.0
1   5   2 1 2 21 21 21 1 21   7 8 1 3 4 5 6 2   24.0
1   5   2 3 2 21 21 21 3 21   7 8 1 3 4 5 6 2   24.0
1   5   2 3 3 21 21 21 2 21   7 8 1 3 4 5 6 2   24.0
1   5   2 4 2 21 21 21 4 21   7 8 1 3 4 5 6 2   24.0
1   5   2 4 4 21 21 21 2 21   7 8 1 3 4 5 6 2   24.0
1   5   2 5 2 21 21 21 5 21   7 8 1 3 4 5 6 2   24.0
1   5   2 5 5 21 21 21 2 21   7 8 1 3 4 5 6 2   24.0
1   5   2 21 1 -1 2 21 21 21   5 6 2 7 8 1 3 4   6.0
1   5   2 21 1 21 -1 2 21 21   6 2 7 8 1 3 4 5   6.0
1   5   2 21 1 21 21 21 -1 2   8 1 3 4 5 6 2 7   6.0
1   5   2 21 2 -1 1 21 21 21   5 6 2 7 8 1 3 4   6.0
1   5   2 21 2 -3 3 21 21 21   5 6 2 7 8 1 3 4   6.0
1   5   2 21 2 -4 4 21 21 21   5 6 2 7 8 1 3 4   6.0
1   5   2 21 2 -5 5 21 21 21   5 6 2 7 8 1 3 4   6.0
1   5   2 21 2 21 -1 1 21 21   6 2 7 8 1 3 4 5   6.0
1   5   2 21 2 21 -3 3 21 21   6 2 7 8 1 3 4 5   6.0
1   5   2 21 2 21 -4 4 21 21   6 2 7 8 1 3 4 5   6.0
1   5   2 21 2 21 -5 5 21 21   6 2 7 8 1 3 4 5   6.0
1   5   2 21 2 21 21 21 -1 1   8 1 3 4 5 6 2 7   6.0
1   5   2 21 2 21 21 21 -3 3   8 1 3 4 5 6 2 7   6.0
1   5   2 21 2 21 21 21 -4 4   8 1 3 4 5 6 2 7   6.0
1   5   2 21 2 21 21 21 -5 5   8 1 3 4 5 6 2 7   6.0
1   5   2 21 3 -3 2 21 21 21   5 6 2 7 8 1 3 4   6.0
1   5   2 21 3 21 -3 2 21 21   6 2 7 8 1 3 4 5   6.0
1   5   2 21 3 21 21 21 -3 2   8 1 3 4 5 6 2 7   6.0
1   5   2 21 4 -4 2 21 21 21   5 6 2 7 8 1 3 4   6.0
1   5   2 21 4 21 -4 2 21 21   6 2 7 8 1 3 4 5   6.0
1   5   2 21 4 21 21 21 -4 2   8 1 3 4 5 6 2 7   6.0
1   5   2 21 5 -5 2 21 21 21   5 6 2 7 8 1 3 4   6.0
1   5   2 21 5 21 -5 2 21 21   6 2 7 8 1 3 4 5   6.0
1   5   2 21 5 21 21 21 -5 2   8 1 3 4 5 6 2 7   6.0
1   5   3 -1 3 21 21 -1 21 21   2 7 8 1 3 4 5 6   24.0
1   5   3 -2 3 21 21 -2 21 21   2 7 8 1 3 4 5 6   24.0
1   5   3 -3 1 21 21 -1 21 21   2 7 8 1 3 4 5 6   24.0
1   5   3 -3 2 21 21 -2 21 21   2 7 8 1 3 4 5 6   24.0
1   5   3 -3 4 21 21 -4 21 21   2 7 8 1 3 4 5 6   24.0
1   5   3 -3 5 21 21 -5 21 21   2 7 8 1 3 4 5 6   24.0
1   5   3 -4 3 21 21 -4 21 21   2 7 8 1 3 4 5 6   24.0
1   5   3 -5 3 21 21 -5 21 21   2 7 8 1 3 4 5 6   24.0
1   5   3 1 1 21 21 21 3 21   7 8 1 3 4 5 6 2   24.0
1   5   3 1 3 21 21 21 1 21   7 8 1 3 4 5 6 2   24.0
1   5   3 2 2 21 21 21 3 21   7 8 1 3 4 5 6 2   24.0
1   5   3 2 3 21 21 21 2 21   7 8 1 3 4 5 6 2   24.0
1   5   3 4 3 21 21 21 4 21   7 8 1 3 4 5 6 2   24.0
1   5   3 4 4 21 21 21 3 21   7 8 1 3 4 5 6 2   24.0
1   5   3 5 3 21 21 21 5 21   7 8 1 3 4 5 6 2   24.0
1   5   3 5 5 21 21 21 3 21   7 8 1 3 4 5 6 2   24.0
1   5   3 21 1 -1 3 21 21 21   5 6 2 7 8 1 3 4   6.0
1   5   3 21 1 21 -1 3 21 21   6 2 7 8 1 3 4 5   6.0
1   5   3 21 1 21 21 21 -1 3   8 1 3 4 5 6 2 7   6.0
1   5   3 21 2 -2 3 21 21 21   5 6 2 7 8 1 3 4   6.0
1   5   3 21 2 21 -2 3 21 21   6 2 7 8 1 3 4 5   6.0
1   5   3 21 2 21 21 21 -2 3   8 1 3 4 5 6 2 7   6.0
1   5   3 21 3 -1 1 21 21 21   5 6 2 7 8 1 3 4   6.0
1   5   3 21 3 -2 2 21 21 21   5 6 2 7 8 1 3 4   6.0
1   5   3 21 3 -4 4 21 21 21   5 6 2 7 8 1 3 4   6.0
1   5   3 21 3 -5 5 21 21 21   5 6 2 7 8 1 3 4   6.0
1   5   3 21 3 21 -1 1 21 21   6 2 7 8 1 3 4 5   6.0
1   5   3 21 3 21 -2 2 21 21   6 2 7 8 1 3 4 5   6.0
1   5   3 21 3 21 -4 4 21 21   6 2 7 8 1 3 4 5   6.0
1   5   3 21 3 21 -5 5 21 21   6 2 7 8 1 3 4 5   6.0
1   5   3 21 3 21 21 21 -1 1   8 1 3 4 5 6 2 7   6.0
1   5   3 21 3 21 21 21 -2 2   8 1 3 4 5 6 2 7   6.0
1   5   3 21 3 21 21 21 -4 4   8 1 3 4 5 6 2 7   6.0
1   5   3 21 3 21 21 21 -5 5   8 1 3 4 5 6 2 7   6.0
1   5   3 21 4 -4 3 21 21 21   5 6 2 7 8 1 3 4   6.0
1   5   3 21 4 21 -4 3 21 21   6 2 7 8 1 3 4 5   6.0
1   5   3 21 4 21 21 21 -4 3   8 1 3 4 5 6 2 7   6.0
1   5   3 21 5 -5 3 21 21 21   5 6 2 7 8 1 3 4   6.0
1   5   3 21 5 21 -5 3 21 21   6 2 7 8 1 3 4 5   6.0
1   5   3 21 5 21 21 21 -5 3   8 1 3 4 5 6 2 7   6.0
1   5   4 -1 4 21 21 -1 21 21   2 7 8 1 3 4 5 6   24.0
1   5   4 -2 4 21 21 -2 21 21   2 7 8 1 3 4 5 6   24.0
1   5   4 -3 4 21 21 -3 21 21   2 7 8 1 3 4 5 6   24.0
1   5   4 -4 1 21 21 -1 21 21   2 7 8 1 3 4 5 6   24.0
1   5   4 -4 2 21 21 -2 21 21   2 7 8 1 3 4 5 6   24.0
1   5   4 -4 3 21 21 -3 21 21   2 7 8 1 3 4 5 6   24.0
1   5   4 -4 5 21 21 -5 21 21   2 7 8 1 3 4 5 6   24.0
1   5   4 -5 4 21 21 -5 21 21   2 7 8 1 3 4 5 6   24.0
1   5   4 1 1 21 21 21 4 21   7 8 1 3 4 5 6 2   24.0
1   5   4 1 4 21 21 21 1 21   7 8 1 3 4 5 6 2   24.0
1   5   4 2 2 21 21 21 4 21   7 8 1 3 4 5 6 2   24.0
1   5   4 2 4 21 21 21 2 21   7 8 1 3 4 5 6 2   24.0
1   5   4 3 3 21 21 21 4 21   7 8 1 3 4 5 6 2   24.0
1   5   4 3 4 21 21 21 3 21   7 8 1 3 4 5 6 2   24.0
1   5   4 5 4 21 21 21 5 21   7 8 1 3 4 5 6 2   24.0
1   5   4 5 5 21 21 21 4 21   7 8 1 3 4 5 6 2   24.0
1   5   4 21 1 -1 4 21 21 21   5 6 2 7 8 1 3 4   6.0
1   5   4 21 1 21 -1 4 21 21   6 2 7 8 1 3 4 5   6.0
1   5   4 21 1 21 21 21 -1 4   8 1 3 4 5 6 2 7   6.0
1   5   4 21 2 -2 4 21 21 21   5 6 2 7 8 1 3 4   6.0
1   5   4 21 2 21 -2 4 21 21   6 2 7 8 1 3 4 5   6.0
1   5   4 21 2 21 21 21 -2 4   8 1 3 4 5 6 2 7   6.0
1   5   4 21 3 -3 4 21 21 21   5 6 2 7 8 1 3 4   6.0
1   5   4 21 3 21 -3 4 21 21   6 2 7 8 1 3 4 5   6.0
1   5   4 21 3 21 21 21 -3 4   8 1 3 4 5 6 2 7   6.0
1   5   4 21 4 -1 1 21 21 21   5 6 2 7 8 1 3 4   6.0
1   5   4 21 4 -2 2 21 21 21   5 6 2 7 8 1 3 4   6.0
1   5   4 21 4 -3 3 21 21 21   5 6 2 7 8 1 3 4   6.0
1   5   4 21 4 -5 5 21 21 21   5 6 2 7 8 1 3 4   6.0
1   5   4 21 4 21 -1 1 21 21   6 2 7 8 1 3 4 5   6.0
1   5   4 21 4 21 -2 2 21 21   6 2 7 8 1 3 4 5   6.0
1   5   4 21 4 21 -3 3 21 21   6 2 7 8 1 3 4 5   6.0
1   5   4 21 4 21 -5 5 21 21   6 2 7 8 1 3 4 5   6.0
1   5   4 21 4 21 21 21 -1 1   8 1 3 4 5 6 2 7   6.0
1   5   4 21 4 21 21 21 -2 2   8 1 3 4 5 6 2 7   6.0
1   5   4 21 4 21 21 21 -3 3   8 1 3 4 5 6 2 7   6.0
1   5   4 21 4 21 21 21 -5 5   8 1 3 4 5 6 2 7   6.0
1   5   4 21 5 -5 4 21 21 21   5 6 2 7 8 1 3 4   6.0
1   5   4 21 5 21 -5 4 21 21   6 2 7 8 1 3 4 5   6.0
1   5   4 21 5 21 21 21 -5 4   8 1 3 4 5 6 2 7   6.0
1   5   5 -1 5 21 21 -1 21 21   2 7 8 1 3 4 5 6   24.0
1   5   5 -2 5 21 21 -2 21 21   2 7 8 1 3 4 5 6   24.0
1   5   5 -3 5 21 21 -3 21 21   2 7 8 1 3 4 5 6   24.0
1   5   5 -4 5 21 21 -4 21 21   2 7 8 1 3 4 5 6   24.0
1   5   5 -5 1 21 21 -1 21 21   2 7 8 1 3 4 5 6   24.0
1   5   5 -5 2 21 21 -2 21 21   2 7 8 1 3 4 5 6   24.0
1   5   5 -5 3 21 21 -3 21 21   2 7 8 1 3 4 5 6   24.0
1   5   5 -5 4 21 21 -4 21 21   2 7 8 1 3 4 5 6   24.0
1   5   5 1 1 21 21 21 5 21   7 8 1 3 4 5 6 2   24.0
1   5   5 1 5 21 21 21 1 21   7 8 1 3 4 5 6 2   24.0
1   5   5 2 2 21 21 21 5 21   7 8 1 3 4 5 6 2   24.0
1   5   5 2 5 21 21 21 2 21   7 8 1 3 4 5 6 2   24.0
1   5   5 3 3 21 21 21 5 21   7 8 1 3 4 5 6 2   24.0
1   5   5 3 5 21 21 21 3 21   7 8 1 3 4 5 6 2   24.0
1   5   5 4 4 21 21 21 5 21   7 8 1 3 4 5 6 2   24.0
1   5   5 4 5 21 21 21 4 21   7 8 1 3 4 5 6 2   24.0
1   5   5 21 1 -1 5 21 21 21   5 6 2 7 8 1 3 4   6.0
1   5   5 21 1 21 -1 5 21 21   6 2 7 8 1 3 4 5   6.0
1   5   5 21 1 21 21 21 -1 5   8 1 3 4 5 6 2 7   6.0
1   5   5 21 2 -2 5 21 21 21   5 6 2 7 8 1 3 4   6.0
1   5   5 21 2 21 -2 5 21 21   6 2 7 8 1 3 4 5   6.0
1   5   5 21 2 21 21 21 -2 5   8 1 3 4 5 6 2 7   6.0
1   5   5 21 3 -3 5 21 21 21   5 6 2 7 8 1 3 4   6.0
1   5   5 21 3 21 -3 5 21 21   6 2 7 8 1 3 4 5   6.0
1   5   5 21 3 21 21 21 -3 5   8 1 3 4 5 6 2 7   6.0
1   5   5 21 4 -4 5 21 21 21   5 6 2 7 8 1 3 4   6.0
1   5   5 21 4 21 -4 5 21 21   6 2 7 8 1 3 4 5   6.0
1   5   5 21 4 21 21 21 -4 5   8 1 3 4 5 6 2 7   6.0
1   5   5 21 5 -1 1 21 21 21   5 6 2 7 8 1 3 4   6.0
1   5   5 21 5 -2 2 21 21 21   5 6 2 7 8 1 3 4   6.0
1   5   5 21 5 -3 3 21 21 21   5 6 2 7 8 1 3 4   6.0
1   5   5 21 5 -4 4 21 21 21   5 6 2 7 8 1 3 4   6.0
1   5   5 21 5 21 -1 1 21 21   6 2 7 8 1 3 4 5   6.0
1   5   5 21 5 21 -2 2 21 21   6 2 7 8 1 3 4 5   6.0
1   5   5 21 5 21 -3 3 21 21   6 2 7 8 1 3 4 5   6.0
1   5   5 21 5 21 -4 4 21 21   6 2 7 8 1 3 4 5   6.0
1   5   5 21 5 21 21 21 -1 1   8 1 3 4 5 6 2 7   6.0
1   5   5 21 5 21 21 21 -2 2   8 1 3 4 5 6 2 7   6.0
1   5   5 21 5 21 21 21 -3 3   8 1 3 4 5 6 2 7   6.0
1   5   5 21 5 21 21 21 -4 4   8 1 3 4 5 6 2 7   6.0
1   5   21 -1 -1 2 21 -2 21 21   2 7 8 1 3 4 5 6   6.0
1   5   21 -1 -1 3 21 -3 21 21   2 7 8 1 3 4 5 6   6.0
1   5   21 -1 -1 4 21 -4 21 21   2 7 8 1 3 4 5 6   6.0
1   5   21 -1 -1 5 21 -5 21 21   2 7 8 1 3 4 5 6   6.0
1   5   21 -1 -2 2 21 -1 21 21   2 7 8 1 3 4 5 6   6.0
1   5   21 -1 -3 3 21 -1 21 21   2 7 8 1 3 4 5 6   6.0
1   5   21 -1 -4 4 21 -1 21 21   2 7 8 1 3 4 5 6   6.0
1   5   21 -1 -5 5 21 -1 21 21   2 7 8 1 3 4 5 6   6.0
1   5   21 -1 21 -1 2 -2 21 21   2 7 8 1 3 4 5 6   6.0
1   5   21 -1 21 -1 3 -3 21 21   2 7 8 1 3 4 5 6   6.0
1   5   21 -1 21 -1 4 -4 21 21   2 7 8 1 3 4 5 6   6.0
1   5   21 -1 21 -1 5 -5 21 21   2 7 8 1 3 4 5 6   6.0
1   5   21 -1 21 -2 2 -1 21 21   2 7 8 1 3 4 5 6   6.0
1   5   21 -1 21 -3 3 -1 21 21   2 7 8 1 3 4 5 6   6.0
1   5   21 -1 21 -4 4 -1 21 21   2 7 8 1 3 4 5 6   6.0
1   5   21 -1 21 -5 5 -1 21 21   2 7 8 1 3 4 5 6   6.0
1   5   21 -1 21 21 21 -1 -2 2   8 1 3 4 5 6 2 7   6.0
1   5   21 -1 21 21 21 -1 -3 3   8 1 3 4 5 6 2 7   6.0
1   5   21 -1 21 21 21 -1 -4 4   8 1 3 4 5 6 2 7   6.0
1   5   21 -1 21 21 21 -1 -5 5   8 1 3 4 5 6 2 7   6.0
1   5   21 -1 21 21 21 -2 -1 2   8 1 3 4 5 6 2 7   6.0
1   5   21 -1 21 21 21 -3 -1 3   8 1 3 4 5 6 2 7   6.0
1   5   21 -1 21 21 21 -4 -1 4   8 1 3 4 5 6 2 7   6.0
1   5   21 -1 21 21 21 -5 -1 5   8 1 3 4 5 6 2 7   6.0
1   5   21 -2 -1 1 21 -2 21 21   2 7 8 1 3 4 5 6   6.0
1   5   21 -2 -2 1 21 -1 21 21   2 7 8 1 3 4 5 6   6.0
1   5   21 -2 -2 3 21 -3 21 21   2 7 8 1 3 4 5 6   6.0
1   5   21 -2 -2 4 21 -4 21 21   2 7 8 1 3 4 5 6   6.0
1   5   21 -2 -2 5 21 -5 21 21   2 7 8 1 3 4 5 6   6.0
1   5   21 -2 -3 3 21 -2 21 21   2 7 8 1 3 4 5 6   6.0
1   5   21 -2 -4 4 21 -2 21 21   2 7 8 1 3 4 5 6   6.0
1   5   21 -2 -5 5 21 -2 21 21   2 7 8 1 3 4 5 6   6.0
1   5   21 -2 21 -1 1 -2 21 21   2 7 8 1 3 4 5 6   6.0
1   5   21 -2 21 -2 1 -1 21 21   2 7 8 1 3 4 5 6   6.0
1   5   21 -2 21 -2 3 -3 21 21   2 7 8 1 3 4 5 6   6.0
1   5   21 -2 21 -2 4 -4 21 21   2 7 8 1 3 4 5 6   6.0
1   5   21 -2 21 -2 5 -5 21 21   2 7 8 1 3 4 5 6   6.0
1   5   21 -2 21 -3 3 -2 21 21   2 7 8 1 3 4 5 6   6.0
1   5   21 -2 21 -4 4 -2 21 21   2 7 8 1 3 4 5 6   6.0
1   5   21 -2 21 -5 5 -2 21 21   2 7 8 1 3 4 5 6   6.0
1   5   21 -2 21 21 21 -1 -2 1   8 1 3 4 5 6 2 7   6.0
1   5   21 -2 21 21 21 -2 -1 1   8 1 3 4 5 6 2 7   6.0
1   5   21 -2 21 21 21 -2 -3 3   8 1 3 4 5 6 2 7   6.0
1   5   21 -2 21 21 21 -2 -4 4   8 1 3 4 5 6 2 7   6.0
1   5   21 -2 21 21 21 -2 -5 5   8 1 3 4 5 6 2 7   6.0
1   5   21 -2 21 21 21 -3 -2 3   8 1 3 4 5 6 2 7   6.0
1   5   21 -2 21 21 21 -4 -2 4   8 1 3 4 5 6 2 7   6.0
1   5   21 -2 21 21 21 -5 -2 5   8 1 3 4 5 6 2 7   6.0
1   5   21 -3 -1 1 21 -3 21 21   2 7 8 1 3 4 5 6   6.0
1   5   21 -3 -2 2 21 -3 21 21   2 7 8 1 3 4 5 6   6.0
1   5   21 -3 -3 1 21 -1 21 21   2 7 8 1 3 4 5 6   6.0
1   5   21 -3 -3 2 21 -2 21 21   2 7 8 1 3 4 5 6   6.0
1   5   21 -3 -3 4 21 -4 21 21   2 7 8 1 3 4 5 6   6.0
1   5   21 -3 -3 5 21 -5 21 21   2 7 8 1 3 4 5 6   6.0
1   5   21 -3 -4 4 21 -3 21 21   2 7 8 1 3 4 5 6   6.0
1   5   21 -3 -5 5 21 -3 21 21   2 7 8 1 3 4 5 6   6.0
1   5   21 -3 21 -1 1 -3 21 21   2 7 8 1 3 4 5 6   6.0
1   5   21 -3 21 -2 2 -3 21 21   2 7 8 1 3 4 5 6   6.0
1   5   21 -3 21 -3 1 -1 21 21   2 7 8 1 3 4 5 6   6.0
1   5   21 -3 21 -3 2 -2 21 21   2 7 8 1 3 4 5 6   6.0
1   5   21 -3 21 -3 4 -4 21 21   2 7 8 1 3 4 5 6   6.0
1   5   21 -3 21 -3 5 -5 21 21   2 7 8 1 3 4 5 6   6.0
1   5   21 -3 21 -4 4 -3 21 21   2 7 8 1 3 4 5 6   6.0
1   5   21 -3 21 -5 5 -3 21 21   2 7 8 1 3 4 5 6   6.0
1   5   21 -3 21 21 21 -1 -3 1   8 1 3 4 5 6 2 7   6.0
1   5   21 -3 21 21 21 -2 -3 2   8 1 3 4 5 6 2 7   6.0
1   5   21 -3 21 21 21 -3 -1 1   8 1 3 4 5 6 2 7   6.0
1   5   21 -3 21 21 21 -3 -2 2   8 1 3 4 5 6 2 7   6.0
1   5   21 -3 21 21 21 -3 -4 4   8 1 3 4 5 6 2 7   6.0
1   5   21 -3 21 21 21 -3 -5 5   8 1 3 4 5 6 2 7   6.0
1   5   21 -3 21 21 21 -4 -3 4   8 1 3 4 5 6 2 7   6.0
1   5   21 -3 21 21 21 -5 -3 5   8 1 3 4 5 6 2 7   6.0
1   5   21 -4 -1 1 21 -4 21 21   2 7 8 1 3 4 5 6   6.0
1   5   21 -4 -2 2 21 -4 21 21   2 7 8 1 3 4 5 6   6.0
1   5   21 -4 -3 3 21 -4 21 21   2 7 8 1 3 4 5 6   6.0
1   5   21 -4 -4 1 21 -1 21 21   2 7 8 1 3 4 5 6   6.0
1   5   21 -4 -4 2 21 -2 21 21   2 7 8 1 3 4 5 6   6.0
1   5   21 -4 -4 3 21 -3 21 21   2 7 8 1 3 4 5 6   6.0
1   5   21 -4 -4 5 21 -5 21 21   2 7 8 1 3 4 5 6   6.0
1   5   21 -4 -5 5 21 -4 21 21   2 7 8 1 3 4 5 6   6.0
1   5   21 -4 21 -1 1 -4 21 21   2 7 8 1 3 4 5 6   6.0
1   5   21 -4 21 -2 2 -4 21 21   2 7 8 1 3 4 5 6   6.0
1   5   21 -4 21 -3 3 -4 21 21   2 7 8 1 3 4 5 6   6.0
1   5   21 -4 21 -4 1 -1 21 21   2 7 8 1 3 4 5 6   6.0
1   5   21 -4 21 -4 2 -2 21 21   2 7 8 1 3 4 5 6   6.0
1   5   21 -4 21 -4 3 -3 21 21   2 7 8 1 3 4 5 6   6.0
1   5   21 -4 21 -4 5 -5 21 21   2 7 8 1 3 4 5 6   6.0
1   5   21 -4 21 -5 5 -4 21 21   2 7 8 1 3 4 5 6   6.0
1   5   21 -4 21 21 21 -1 -4 1   8 1 3 4 5 6 2 7   6.0
1   5   21 -4 21 21 21 -2 -4 2   8 1 3 4 5 6 2 7   6.0
1   5   21 -4 21 21 21 -3 -4 3   8 1 3 4 5 6 2 7   6.0
1   5   21 -4 21 21 21 -4 -1 1   8 1 3 4 5 6 2 7   6.0
1   5   21 -4 21 21 21 -4 -2 2   8 1 3 4 5 6 2 7   6.0
1   5   21 -4 21 21 21 -4 -3 3   8 1 3 4 5 6 2 7   6.0
1   5   21 -4 21 21 21 -4 -5 5   8 1 3 4 5 6 2 7   6.0
1   5   21 -4 21 21 21 -5 -4 5   8 1 3 4 5 6 2 7   6.0
1   5   21 -5 -1 1 21 -5 21 21   2 7 8 1 3 4 5 6   6.0
1   5   21 -5 -2 2 21 -5 21 21   2 7 8 1 3 4 5 6   6.0
1   5   21 -5 -3 3 21 -5 21 21   2 7 8 1 3 4 5 6   6.0
1   5   21 -5 -4 4 21 -5 21 21   2 7 8 1 3 4 5 6   6.0
1   5   21 -5 -5 1 21 -1 21 21   2 7 8 1 3 4 5 6   6.0
1   5   21 -5 -5 2 21 -2 21 21   2 7 8 1 3 4 5 6   6.0
1   5   21 -5 -5 3 21 -3 21 21   2 7 8 1 3 4 5 6   6.0
1   5   21 -5 -5 4 21 -4 21 21   2 7 8 1 3 4 5 6   6.0
1   5   21 -5 21 -1 1 -5 21 21   2 7 8 1 3 4 5 6   6.0
1   5   21 -5 21 -2 2 -5 21 21   2 7 8 1 3 4 5 6   6.0
1   5   21 -5 21 -3 3 -5 21 21   2 7 8 1 3 4 5 6   6.0
1   5   21 -5 21 -4 4 -5 21 21   2 7 8 1 3 4 5 6   6.0
1   5   21 -5 21 -5 1 -1 21 21   2 7 8 1 3 4 5 6   6.0
1   5   21 -5 21 -5 2 -2 21 21   2 7 8 1 3 4 5 6   6.0
1   5   21 -5 21 -5 3 -3 21 21   2 7 8 1 3 4 5 6   6.0
1   5   21 -5 21 -5 4 -4 21 21   2 7 8 1 3 4 5 6   6.0
1   5   21 -5 21 21 21 -1 -5 1   8 1 3 4 5 6 2 7   6.0
1   5   21 -5 21 21 21 -2 -5 2   8 1 3 4 5 6 2 7   6.0
1   5   21 -5 21 21 21 -3 -5 3   8 1 3 4 5 6 2 7   6.0
1   5   21 -5 21 21 21 -4 -5 4   8 1 3 4 5 6 2 7   6.0
1   5   21 -5 21 21 21 -5 -1 1   8 1 3 4 5 6 2 7   6.0
1   5   21 -5 21 21 21 -5 -2 2   8 1 3 4 5 6 2 7   6.0
1   5   21 -5 21 21 21 -5 -3 3   8 1 3 4 5 6 2 7   6.0
1   5   21 -5 21 21 21 -5 -4 4   8 1 3 4 5 6 2 7   6.0
1   5   21 1 -2 1 21 21 2 21   7 8 1 3 4 5 6 2   6.0
1   5   21 1 -2 2 21 21 1 21   7 8 1 3 4 5 6 2   6.0
1   5   21 1 -3 1 21 21 3 21   7 8 1 3 4 5 6 2   6.0
1   5   21 1 -3 3 21 21 1 21   7 8 1 3 4 5 6 2   6.0
1   5   21 1 -4 1 21 21 4 21   7 8 1 3 4 5 6 2   6.0
1   5   21 1 -4 4 21 21 1 21   7 8 1 3 4 5 6 2   6.0
1   5   21 1 -5 1 21 21 5 21   7 8 1 3 4 5 6 2   6.0
1   5   21 1 -5 5 21 21 1 21   7 8 1 3 4 5 6 2   6.0
1   5   21 1 21 -2 1 21 2 21   7 8 1 3 4 5 6 2   6.0
1   5   21 1 21 -2 2 21 1 21   7 8 1 3 4 5 6 2   6.0
1   5   21 1 21 -3 1 21 3 21   7 8 1 3 4 5 6 2   6.0
1   5   21 1 21 -3 3 21 1 21   7 8 1 3 4 5 6 2   6.0
1   5   21 1 21 -4 1 21 4 21   7 8 1 3 4 5 6 2   6.0
1   5   21 1 21 -4 4 21 1 21   7 8 1 3 4 5 6 2   6.0
1   5   21 1 21 -5 1 21 5 21   7 8 1 3 4 5 6 2   6.0
1   5   21 1 21 -5 5 21 1 21   7 8 1 3 4 5 6 2   6.0
1   5   21 1 21 21 -2 1 2 21   7 8 1 3 4 5 6 2   6.0
1   5   21 1 21 21 -2 2 1 21   7 8 1 3 4 5 6 2   6.0
1   5   21 1 21 21 -3 1 3 21   7 8 1 3 4 5 6 2   6.0
1   5   21 1 21 21 -3 3 1 21   7 8 1 3 4 5 6 2   6.0
1   5   21 1 21 21 -4 1 4 21   7 8 1 3 4 5 6 2   6.0
1   5   21 1 21 21 -4 4 1 21   7 8 1 3 4 5 6 2   6.0
1   5   21 1 21 21 -5 1 5 21   7 8 1 3 4 5 6 2   6.0
1   5   21 1 21 21 -5 5 1 21   7 8 1 3 4 5 6 2   6.0
1   5   21 2 -1 1 21 21 2 21   7 8 1 3 4 5 6 2   6.0
1   5   21 2 -1 2 21 21 1 21   7 8 1 3 4 5 6 2   6.0
1   5   21 2 -3 2 21 21 3 21   7 8 1 3 4 5 6 2   6.0
1   5   21 2 -3 3 21 21 2 21   7 8 1 3 4 5 6 2   6.0
1   5   21 2 -4 2 21 21 4 21   7 8 1 3 4 5 6 2   6.0
1   5   21 2 -4 4 21 21 2 21   7 8 1 3 4 5 6 2   6.0
1   5   21 2 -5 2 21 21 5 21   7 8 1 3 4 5 6 2   6.0
1   5   21 2 -5 5 21 21 2 21   7 8 1 3 4 5 6 2   6.0
1   5   21 2 21 -1 1 21 2 21   7 8 1 3 4 5 6 2   6.0
1   5   21 2 21 -1 2 21 1 21   7 8 1 3 4 5 6 2   6.0
1   5   21 2 21 -3 2 21 3 21   7 8 1 3 4 5 6 2   6.0
1   5   21 2 21 -3 3 21 2 21   7 8 1 3 4 5 6 2   6.0
1   5   21 2 21 -4 2 21 4 21   7 8 1 3 4 5 6 2   6.0
1   5   21 2 21 -4 4 21 2 21   7 8 1 3 4 5 6 2   6.0
1   5   21 2 21 -5 2 21 5 21   7 8 1 3 4 5 6 2   6.0
1   5   21 2 21 -5 5 21 2 21   7 8 1 3 4 5 6 2   6.0
1   5   21 2 21 21 -1 1 2 21   7 8 1 3 4 5 6 2   6.0
1   5   21 2 21 21 -1 2 1 21   7 8 1 3 4 5 6 2   6.0
1   5   21 2 21 21 -3 2 3 21   7 8 1 3 4 5 6 2   6.0
1   5   21 2 21 21 -3 3 2 21   7 8 1 3 4 5 6 2   6.0
1   5   21 2 21 21 -4 2 4 21   7 8 1 3 4 5 6 2   6.0
1   5   21 2 21 21 -4 4 2 21   7 8 1 3 4 5 6 2   6.0
1   5   21 2 21 21 -5 2 5 21   7 8 1 3 4 5 6 2   6.0
1   5   21 2 21 21 -5 5 2 21   7 8 1 3 4 5 6 2   6.0
1   5   21 3 -1 1 21 21 3 21   7 8 1 3 4 5 6 2   6.0
1   5   21 3 -1 3 21 21 1 21   7 8 1 3 4 5 6 2   6.0
1   5   21 3 -2 2 21 21 3 21   7 8 1 3 4 5 6 2   6.0
1   5   21 3 -2 3 21 21 2 21   7 8 1 3 4 5 6 2   6.0
1   5   21 3 -4 3 21 21 4 21   7 8 1 3 4 5 6 2   6.0
1   5   21 3 -4 4 21 21 3 21   7 8 1 3 4 5 6 2   6.0
1   5   21 3 -5 3 21 21 5 21   7 8 1 3 4 5 6 2   6.0
1   5   21 3 -5 5 21 21 3 21   7 8 1 3 4 5 6 2   6.0
1   5   21 3 21 -1 1 21 3 21   7 8 1 3 4 5 6 2   6.0
1   5   21 3 21 -1 3 21 1 21   7 8 1 3 4 5 6 2   6.0
1   5   21 3 21 -2 2 21 3 21   7 8 1 3 4 5 6 2   6.0
1   5   21 3 21 -2 3 21 2 21   7 8 1 3 4 5 6 2   6.0
1   5   21 3 21 -4 3 21 4 21   7 8 1 3 4 5 6 2   6.0
1   5   21 3 21 -4 4 21 3 21   7 8 1 3 4 5 6 2   6.0
1   5   21 3 21 -5 3 21 5 21   7 8 1 3 4 5 6 2   6.0
1   5   21 3 21 -5 5 21 3 21   7 8 1 3 4 5 6 2   6.0
1   5   21 3 21 21 -1 1 3 21   7 8 1 3 4 5 6 2   6.0
1   5   21 3 21 21 -1 3 1 21   7 8 1 3 4 5 6 2   6.0
1   5   21 3 21 21 -2 2 3 21   7 8 1 3 4 5 6 2   6.0
1   5   21 3 21 21 -2 3 2 21   7 8 1 3 4 5 6 2   6.0
1   5   21 3 21 21 -4 3 4 21   7 8 1 3 4 5 6 2   6.0
1   5   21 3 21 21 -4 4 3 21   7 8 1 3 4 5 6 2   6.0
1   5   21 3 21 21 -5 3 5 21   7 8 1 3 4 5 6 2   6.0
1   5   21 3 21 21 -5 5 3 21   7 8 1 3 4 5 6 2   6.0
1   5   21 4 -1 1 21 21 4 21   7 8 1 3 4 5 6 2   6.0
1   5   21 4 -1 4 21 21 1 21   7 8 1 3 4 5 6 2   6.0
1   5   21 4 -2 2 21 21 4 21   7 8 1 3 4 5 6 2   6.0
1   5   21 4 -2 4 21 21 2 21   7 8 1 3 4 5 6 2   6.0
1   5   21 4 -3 3 21 21 4 21   7 8 1 3 4 5 6 2   6.0
1   5   21 4 -3 4 21 21 3 21   7 8 1 3 4 5 6 2   6.0
1   5   21 4 -5 4 21 21 5 21   7 8 1 3 4 5 6 2   6.0
1   5   21 4 -5 5 21 21 4 21   7 8 1 3 4 5 6 2   6.0
1   5   21 4 21 -1 1 21 4 21   7 8 1 3 4 5 6 2   6.0
1   5   21 4 21 -1 4 21 1 21   7 8 1 3 4 5 6 2   6.0
1   5   21 4 21 -2 2 21 4 21   7 8 1 3 4 5 6 2   6.0
1   5   21 4 21 -2 4 21 2 21   7 8 1 3 4 5 6 2   6.0
1   5   21 4 21 -3 3 21 4 21   7 8 1 3 4 5 6 2   6.0
1   5   21 4 21 -3 4 21 3 21   7 8 1 3 4 5 6 2   6.0
1   5   21 4 21 -5 4 21 5 21   7 8 1 3 4 5 6 2   6.0
1   5   21 4 21 -5 5 21 4 21   7 8 1 3 4 5 6 2   6.0
1   5   21 4 21 21 -1 1 4 21   7 8 1 3 4 5 6 2   6.0
1   5   21 4 21 21 -1 4 1 21   7 8 1 3 4 5 6 2   6.0
1   5   21 4 21 21 -2 2 4 21   7 8 1 3 4 5 6 2   6.0
1   5   21 4 21 21 -2 4 2 21   7 8 1 3 4 5 6 2   6.0
1   5   21 4 21 21 -3 3 4 21   7 8 1 3 4 5 6 2   6.0
1   5   21 4 21 21 -3 4 3 21   7 8 1 3 4 5 6 2   6.0
1   5   21 4 21 21 -5 4 5 21   7 8 1 3 4 5 6 2   6.0
1   5   21 4 21 21 -5 5 4 21   7 8 1 3 4 5 6 2   6.0
1   5   21 5 -1 1 21 21 5 21   7 8 1 3 4 5 6 2   6.0
1   5   21 5 -1 5 21 21 1 21   7 8 1 3 4 5 6 2   6.0
1   5   21 5 -2 2 21 21 5 21   7 8 1 3 4 5 6 2   6.0
1   5   21 5 -2 5 21 21 2 21   7 8 1 3 4 5 6 2   6.0
1   5   21 5 -3 3 21 21 5 21   7 8 1 3 4 5 6 2   6.0
1   5   21 5 -3 5 21 21 3 21   7 8 1 3 4 5 6 2   6.0
1   5   21 5 -4 4 21 21 5 21   7 8 1 3 4 5 6 2   6.0
1   5   21 5 -4 5 21 21 4 21   7 8 1 3 4 5 6 2   6.0
1   5   21 5 21 -1 1 21 5 21   7 8 1 3 4 5 6 2   6.0
1   5   21 5 21 -1 5 21 1 21   7 8 1 3 4 5 6 2   6.0
1   5   21 5 21 -2 2 21 5 21   7 8 1 3 4 5 6 2   6.0
1   5   21 5 21 -2 5 21 2 21   7 8 1 3 4 5 6 2   6.0
1   5   21 5 21 -3 3 21 5 21   7 8 1 3 4 5 6 2   6.0
1   5   21 5 21 -3 5 21 3 21   7 8 1 3 4 5 6 2   6.0
1   5   21 5 21 -4 4 21 5 21   7 8 1 3 4 5 6 2   6.0
1   5   21 5 21 -4 5 21 4 21   7 8 1 3 4 5 6 2   6.0
1   5   21 5 21 21 -1 1 5 21   7 8 1 3 4 5 6 2   6.0
1   5   21 5 21 21 -1 5 1 21   7 8 1 3 4 5 6 2   6.0
1   5   21 5 21 21 -2 2 5 21   7 8 1 3 4 5 6 2   6.0
1   5   21 5 21 21 -2 5 2 21   7 8 1 3 4 5 6 2   6.0
1   5   21 5 21 21 -3 3 5 21   7 8 1 3 4 5 6 2   6.0
1   5   21 5 21 21 -3 5 3 21   7 8 1 3 4 5 6 2   6.0
1   5   21 5 21 21 -4 4 5 21   7 8 1 3 4 5 6 2   6.0
1   5   21 5 21 21 -4 5 4 21   7 8 1 3 4 5 6 2   6.0
1   5   21 21 -1 1 -2 2 21 21   6 2 7 8 1 3 4 5   2.0
1   5   21 21 -1 1 -3 3 21 21   6 2 7 8 1 3 4 5   2.0
1   5   21 21 -1 1 -4 4 21 21   6 2 7 8 1 3 4 5   2.0
1   5   21 21 -1 1 -5 5 21 21   6 2 7 8 1 3 4 5   2.0
1   5   21 21 -1 1 21 21 -2 2   8 1 3 4 5 6 2 7   2.0
1   5   21 21 -1 1 21 21 -3 3   8 1 3 4 5 6 2 7   2.0
1   5   21 21 -1 1 21 21 -4 4   8 1 3 4 5 6 2 7   2.0
1   5   21 21 -1 1 21 21 -5 5   8 1 3 4 5 6 2 7   2.0
1   5   21 21 -1 2 -2 1 21 21   6 2 7 8 1 3 4 5   2.0
1   5   21 21 -1 2 21 21 -2 1   8 1 3 4 5 6 2 7   2.0
1   5   21 21 -1 3 -3 1 21 21   6 2 7 8 1 3 4 5   2.0
1   5   21 21 -1 3 21 21 -3 1   8 1 3 4 5 6 2 7   2.0
1   5   21 21 -1 4 -4 1 21 21   6 2 7 8 1 3 4 5   2.0
1   5   21 21 -1 4 21 21 -4 1   8 1 3 4 5 6 2 7   2.0
1   5   21 21 -1 5 -5 1 21 21   6 2 7 8 1 3 4 5   2.0
1   5   21 21 -1 5 21 21 -5 1   8 1 3 4 5 6 2 7   2.0
1   5   21 21 -2 1 -1 2 21 21   6 2 7 8 1 3 4 5   2.0
1   5   21 21 -2 1 21 21 -1 2   8 1 3 4 5 6 2 7   2.0
1   5   21 21 -2 2 -1 1 21 21   6 2 7 8 1 3 4 5   2.0
1   5   21 21 -2 2 -3 3 21 21   6 2 7 8 1 3 4 5   2.0
1   5   21 21 -2 2 -4 4 21 21   6 2 7 8 1 3 4 5   2.0
1   5   21 21 -2 2 -5 5 21 21   6 2 7 8 1 3 4 5   2.0
1   5   21 21 -2 2 21 21 -1 1   8 1 3 4 5 6 2 7   2.0
1   5   21 21 -2 2 21 21 -3 3   8 1 3 4 5 6 2 7   2.0
1   5   21 21 -2 2 21 21 -4 4   8 1 3 4 5 6 2 7   2.0
1   5   21 21 -2 2 21 21 -5 5   8 1 3 4 5 6 2 7   2.0
1   5   21 21 -2 3 -3 2 21 21   6 2 7 8 1 3 4 5   2.0
1   5   21 21 -2 3 21 21 -3 2   8 1 3 4 5 6 2 7   2.0
1   5   21 21 -2 4 -4 2 21 21   6 2 7 8 1 3 4 5   2.0
1   5   21 21 -2 4 21 21 -4 2   8 1 3 4 5 6 2 7   2.0
1   5   21 21 -2 5 -5 2 21 21   6 2 7 8 1 3 4 5   2.0
1   5   21 21 -2 5 21 21 -5 2   8 1 3 4 5 6 2 7   2.0
1   5   21 21 -3 1 -1 3 21 21   6 2 7 8 1 3 4 5   2.0
1   5   21 21 -3 1 21 21 -1 3   8 1 3 4 5 6 2 7   2.0
1   5   21 21 -3 2 -2 3 21 21   6 2 7 8 1 3 4 5   2.0
1   5   21 21 -3 2 21 21 -2 3   8 1 3 4 5 6 2 7   2.0
1   5   21 21 -3 3 -1 1 21 21   6 2 7 8 1 3 4 5   2.0
1   5   21 21 -3 3 -2 2 21 21   6 2 7 8 1 3 4 5   2.0
1   5   21 21 -3 3 -4 4 21 21   6 2 7 8 1 3 4 5   2.0
1   5   21 21 -3 3 -5 5 21 21   6 2 7 8 1 3 4 5   2.0
1   5   21 21 -3 3 21 21 -1 1   8 1 3 4 5 6 2 7   2.0
1   5   21 21 -3 3 21 21 -2 2   8 1 3 4 5 6 2 7   2.0
1   5   21 21 -3 3 21 21 -4 4   8 1 3 4 5 6 2 7   2.0
1   5   21 21 -3 3 21 21 -5 5   8 1 3 4 5 6 2 7   2.0
1   5   21 21 -3 4 -4 3 21 21   6 2 7 8 1 3 4 5   2.0
1   5   21 21 -3 4 21 21 -4 3   8 1 3 4 5 6 2 7   2.0
1   5   21 21 -3 5 -5 3 21 21   6 2 7 8 1 3 4 5   2.0
1   5   21 21 -3 5 21 21 -5 3   8 1 3 4 5 6 2 7   2.0
1   5   21 21 -4 1 -1 4 21 21   6 2 7 8 1 3 4 5   2.0
1   5   21 21 -4 1 21 21 -1 4   8 1 3 4 5 6 2 7   2.0
1   5   21 21 -4 2 -2 4 21 21   6 2 7 8 1 3 4 5   2.0
1   5   21 21 -4 2 21 21 -2 4   8 1 3 4 5 6 2 7   2.0
1   5   21 21 -4 3 -3 4 21 21   6 2 7 8 1 3 4 5   2.0
1   5   21 21 -4 3 21 21 -3 4   8 1 3 4 5 6 2 7   2.0
1   5   21 21 -4 4 -1 1 21 21   6 2 7 8 1 3 4 5   2.0
1   5   21 21 -4 4 -2 2 21 21   6 2 7 8 1 3 4 5   2.0
1   5   21 21 -4 4 -3 3 21 21   6 2 7 8 1 3 4 5   2.0
1   5   21 21 -4 4 -5 5 21 21   6 2 7 8 1 3 4 5   2.0
1   5   21 21 -4 4 21 21 -1 1   8 1 3 4 5 6 2 7   2.0
1   5   21 21 -4 4 21 21 -2 2   8 1 3 4 5 6 2 7   2.0
1   5   21 21 -4 4 21 21 -3 3   8 1 3 4 5 6 2 7   2.0
1   5   21 21 -4 4 21 21 -5 5   8 1 3 4 5 6 2 7   2.0
1   5   21 21 -4 5 -5 4 21 21   6 2 7 8 1 3 4 5   2.0
1   5   21 21 -4 5 21 21 -5 4   8 1 3 4 5 6 2 7   2.0
1   5   21 21 -5 1 -1 5 21 21   6 2 7 8 1 3 4 5   2.0
1   5   21 21 -5 1 21 21 -1 5   8 1 3 4 5 6 2 7   2.0
1   5   21 21 -5 2 -2 5 21 21   6 2 7 8 1 3 4 5   2.0
1   5   21 21 -5 2 21 21 -2 5   8 1 3 4 5 6 2 7   2.0
1   5   21 21 -5 3 -3 5 21 21   6 2 7 8 1 3 4 5   2.0
1   5   21 21 -5 3 21 21 -3 5   8 1 3 4 5 6 2 7   2.0
1   5   21 21 -5 4 -4 5 21 21   6 2 7 8 1 3 4 5   2.0
1   5   21 21 -5 4 21 21 -4 5   8 1 3 4 5 6 2 7   2.0
1   5   21 21 -5 5 -1 1 21 21   6 2 7 8 1 3 4 5   2.0
1   5   21 21 -5 5 -2 2 21 21   6 2 7 8 1 3 4 5   2.0
1   5   21 21 -5 5 -3 3 21 21   6 2 7 8 1 3 4 5   2.0
1   5   21 21 -5 5 -4 4 21 21   6 2 7 8 1 3 4 5   2.0
1   5   21 21 -5 5 21 21 -1 1   8 1 3 4 5 6 2 7   2.0
1   5   21 21 -5 5 21 21 -2 2   8 1 3 4 5 6 2 7   2.0
1   5   21 21 -5 5 21 21 -3 3   8 1 3 4 5 6 2 7   2.0
1   5   21 21 -5 5 21 21 -4 4   8 1 3 4 5 6 2 7   2.0
1   5   21 21 21 -1 1 21 -2 2   8 1 3 4 5 6 2 7   2.0
1   5   21 21 21 -1 1 21 -3 3   8 1 3 4 5 6 2 7   2.0
1   5   21 21 21 -1 1 21 -4 4   8 1 3 4 5 6 2 7   2.0
1   5   21 21 21 -1 1 21 -5 5   8 1 3 4 5 6 2 7   2.0
1   5   21 21 21 -1 2 21 -2 1   8 1 3 4 5 6 2 7   2.0
1   5   21 21 21 -1 3 21 -3 1   8 1 3 4 5 6 2 7   2.0
1   5   21 21 21 -1 4 21 -4 1   8 1 3 4 5 6 2 7   2.0
1   5   21 21 21 -1 5 21 -5 1   8 1 3 4 5 6 2 7   2.0
1   5   21 21 21 -2 1 21 -1 2   8 1 3 4 5 6 2 7   2.0
1   5   21 21 21 -2 2 21 -1 1   8 1 3 4 5 6 2 7   2.0
1   5   21 21 21 -2 2 21 -3 3   8 1 3 4 5 6 2 7   2.0
1   5   21 21 21 -2 2 21 -4 4   8 1 3 4 5 6 2 7   2.0
1   5   21 21 21 -2 2 21 -5 5   8 1 3 4 5 6 2 7   2.0
1   5   21 21 21 -2 3 21 -3 2   8 1 3 4 5 6 2 7   2.0
1   5   21 21 21 -2 4 21 -4 2   8 1 3 4 5 6 2 7   2.0
1   5   21 21 21 -2 5 21 -5 2   8 1 3 4 5 6 2 7   2.0
1   5   21 21 21 -3 1 21 -1 3   8 1 3 4 5 6 2 7   2.0
1   5   21 21 21 -3 2 21 -2 3   8 1 3 4 5 6 2 7   2.0
1   5   21 21 21 -3 3 21 -1 1   8 1 3 4 5 6 2 7   2.0
1   5   21 21 21 -3 3 21 -2 2   8 1 3 4 5 6 2 7   2.0
1   5   21 21 21 -3 3 21 -4 4   8 1 3 4 5 6 2 7   2.0
1   5   21 21 21 -3 3 21 -5 5   8 1 3 4 5 6 2 7   2.0
1   5   21 21 21 -3 4 21 -4 3   8 1 3 4 5 6 2 7   2.0
1   5   21 21 21 -3 5 21 -5 3   8 1 3 4 5 6 2 7   2.0
1   5   21 21 21 -4 1 21 -1 4   8 1 3 4 5 6 2 7   2.0
1   5   21 21 21 -4 2 21 -2 4   8 1 3 4 5 6 2 7   2.0
1   5   21 21 21 -4 3 21 -3 4   8 1 3 4 5 6 2 7   2.0
1   5   21 21 21 -4 4 21 -1 1   8 1 3 4 5 6 2 7   2.0
1   5   21 21 21 -4 4 21 -2 2   8 1 3 4 5 6 2 7   2.0
1   5   21 21 21 -4 4 21 -3 3   8 1 3 4 5 6 2 7   2.0
1   5   21 21 21 -4 4 21 -5 5   8 1 3 4 5 6 2 7   2.0
1   5   21 21 21 -4 5 21 -5 4   8 1 3 4 5 6 2 7   2.0
1   5   21 21 21 -5 1 21 -1 5   8 1 3 4 5 6 2 7   2.0
1   5   21 21 21 -5 2 21 -2 5   8 1 3 4 5 6 2 7   2.0
1   5   21 21 21 -5 3 21 -3 5   8 1 3 4 5 6 2 7   2.0
1   5   21 21 21 -5 4 21 -4 5   8 1 3 4 5 6 2 7   2.0
1   5   21 21 21 -5 5 21 -1 1   8 1 3 4 5 6 2 7   2.0
1   5   21 21 21 -5 5 21 -2 2   8 1 3 4 5 6 2 7   2.0
1   5   21 21 21 -5 5 21 -3 3   8 1 3 4 5 6 2 7   2.0
1   5   21 21 21 -5 5 21 -4 4   8 1 3 4 5 6 2 7   2.0
1   5   21 21 21 21 -1 1 -2 2   8 1 3 4 5 6 2 7   2.0
1   5   21 21 21 21 -1 1 -3 3   8 1 3 4 5 6 2 7   2.0
1   5   21 21 21 21 -1 1 -4 4   8 1 3 4 5 6 2 7   2.0
1   5   21 21 21 21 -1 1 -5 5   8 1 3 4 5 6 2 7   2.0
1   5   21 21 21 21 -1 2 -2 1   8 1 3 4 5 6 2 7   2.0
1   5   21 21 21 21 -1 3 -3 1   8 1 3 4 5 6 2 7   2.0
1   5   21 21 21 21 -1 4 -4 1   8 1 3 4 5 6 2 7   2.0
1   5   21 21 21 21 -1 5 -5 1   8 1 3 4 5 6 2 7   2.0
1   5   21 21 21 21 -2 1 -1 2   8 1 3 4 5 6 2 7   2.0
1   5   21 21 21 21 -2 2 -1 1   8 1 3 4 5 6 2 7   2.0
1   5   21 21 21 21 -2 2 -3 3   8 1 3 4 5 6 2 7   2.0
1   5   21 21 21 21 -2 2 -4 4   8 1 3 4 5 6 2 7   2.0
1   5   21 21 21 21 -2 2 -5 5   8 1 3 4 5 6 2 7   2.0
1   5   21 21 21 21 -2 3 -3 2   8 1 3 4 5 6 2 7   2.0
1   5   21 21 21 21 -2 4 -4 2   8 1 3 4 5 6 2 7   2.0
1   5   21 21 21 21 -2 5 -5 2   8 1 3 4 5 6 2 7   2.0
1   5   21 21 21 21 -3 1 -1 3   8 1 3 4 5 6 2 7   2.0
1   5   21 21 21 21 -3 2 -2 3   8 1 3 4 5 6 2 7   2.0
1   5   21 21 21 21 -3 3 -1 1   8 1 3 4 5 6 2 7   2.0
1   5   21 21 21 21 -3 3 -2 2   8 1 3 4 5 6 2 7   2.0
1   5   21 21 21 21 -3 3 -4 4   8 1 3 4 5 6 2 7   2.0
1   5   21 21 21 21 -3 3 -5 5   8 1 3 4 5 6 2 7   2.0
1   5   21 21 21 21 -3 4 -4 3   8 1 3 4 5 6 2 7   2.0
1   5   21 21 21 21 -3 5 -5 3   8 1 3 4 5 6 2 7   2.0
1   5   21 21 21 21 -4 1 -1 4   8 1 3 4 5 6 2 7   2.0
1   5   21 21 21 21 -4 2 -2 4   8 1 3 4 5 6 2 7   2.0
1   5   21 21 21 21 -4 3 -3 4   8 1 3 4 5 6 2 7   2.0
1   5   21 21 21 21 -4 4 -1 1   8 1 3 4 5 6 2 7   2.0
1   5   21 21 21 21 -4 4 -2 2   8 1 3 4 5 6 2 7   2.0
1   5   21 21 21 21 -4 4 -3 3   8 1 3 4 5 6 2 7   2.0
1   5   21 21 21 21 -4 4 -5 5   8 1 3 4 5 6 2 7   2.0
1   5   21 21 21 21 -4 5 -5 4   8 1 3 4 5 6 2 7   2.0
1   5   21 21 21 21 -5 1 -1 5   8 1 3 4 5 6 2 7   2.0
1   5   21 21 21 21 -5 2 -2 5   8 1 3 4 5 6 2 7   2.0
1   5   21 21 21 21 -5 3 -3 5   8 1 3 4 5 6 2 7   2.0
1   5   21 21 21 21 -5 4 -4 5   8 1 3 4 5 6 2 7   2.0
1   5   21 21 21 21 -5 5 -1 1   8 1 3 4 5 6 2 7   2.0
1   5   21 21 21 21 -5 5 -2 2   8 1 3 4 5 6 2 7   2.0
1   5   21 21 21 21 -5 5 -3 3   8 1 3 4 5 6 2 7   2.0
1   5   21 21 21 21 -5 5 -4 4   8 1 3 4 5 6 2 7   2.0
1   5   -1 -1 21 21 21 -1 21 -1   1 3 4 5 6 2 7 8   48.0
1   5   -1 1 21 21 21 21 1 -1   1 3 4 5 6 2 7 8   24.0
1   5   -1 21 -1 1 21 21 21 -1   1 3 4 5 6 2 7 8   12.0
1   5   -1 21 21 -1 1 21 21 -1   1 3 4 5 6 2 7 8   12.0
1   5   -1 21 21 21 -1 1 21 -1   1 3 4 5 6 2 7 8   12.0
1   5   -2 -2 21 21 21 -2 21 -2   1 3 4 5 6 2 7 8   48.0
1   5   -2 2 21 21 21 21 2 -2   1 3 4 5 6 2 7 8   24.0
1   5   -2 21 -2 2 21 21 21 -2   1 3 4 5 6 2 7 8   12.0
1   5   -2 21 21 -2 2 21 21 -2   1 3 4 5 6 2 7 8   12.0
1   5   -2 21 21 21 -2 2 21 -2   1 3 4 5 6 2 7 8   12.0
1   5   -3 -3 21 21 21 -3 21 -3   1 3 4 5 6 2 7 8   48.0
1   5   -3 3 21 21 21 21 3 -3   1 3 4 5 6 2 7 8   24.0
1   5   -3 21 -3 3 21 21 21 -3   1 3 4 5 6 2 7 8   12.0
1   5   -3 21 21 -3 3 21 21 -3   1 3 4 5 6 2 7 8   12.0
1   5   -3 21 21 21 -3 3 21 -3   1 3 4 5 6 2 7 8   12.0
1   5   -4 -4 21 21 21 -4 21 -4   1 3 4 5 6 2 7 8   48.0
1   5   -4 4 21 21 21 21 4 -4   1 3 4 5 6 2 7 8   24.0
1   5   -4 21 -4 4 21 21 21 -4   1 3 4 5 6 2 7 8   12.0
1   5   -4 21 21 -4 4 21 21 -4   1 3 4 5 6 2 7 8   12.0
1   5   -4 21 21 21 -4 4 21 -4   1 3 4 5 6 2 7 8   12.0
1   5   -5 -5 21 21 21 -5 21 -5   1 3 4 5 6 2 7 8   48.0
1   5   -5 5 21 21 21 21 5 -5   1 3 4 5 6 2 7 8   24.0
1   5   -5 21 -5 5 21 21 21 -5   1 3 4 5 6 2 7 8   12.0
1   5   -5 21 21 -5 5 21 21 -5   1 3 4 5 6 2 7 8   12.0
1   5   -5 21 21 21 -5 5 21 -5   1 3 4 5 6 2 7 8   12.0
1   5   1 -1 1 21 21 -1 21 21   2 7 8 1 3 4 5 6   24.0
1   5   1 1 1 21 21 21 1 21   7 8 1 3 4 5 6 2   48.0
1   5   1 21 1 -1 1 21 21 21   5 6 2 7 8 1 3 4   12.0
1   5   1 21 1 21 -1 1 21 21   6 2 7 8 1 3 4 5   12.0
1   5   1 21 1 21 21 21 -1 1   8 1 3 4 5 6 2 7   12.0
1   5   2 -2 2 21 21 -2 21 21   2 7 8 1 3 4 5 6   24.0
1   5   2 2 2 21 21 21 2 21   7 8 1 3 4 5 6 2   48.0
1   5   2 21 2 -2 2 21 21 21   5 6 2 7 8 1 3 4   12.0
1   5   2 21 2 21 -2 2 21 21   6 2 7 8 1 3 4 5   12.0
1   5   2 21 2 21 21 21 -2 2   8 1 3 4 5 6 2 7   12.0
1   5   3 -3 3 21 21 -3 21 21   2 7 8 1 3 4 5 6   24.0
1   5   3 3 3 21 21 21 3 21   7 8 1 3 4 5 6 2   48.0
1   5   3 21 3 -3 3 21 21 21   5 6 2 7 8 1 3 4   12.0
1   5   3 21 3 21 -3 3 21 21   6 2 7 8 1 3 4 5   12.0
1   5   3 21 3 21 21 21 -3 3   8 1 3 4 5 6 2 7   12.0
1   5   4 -4 4 21 21 -4 21 21   2 7 8 1 3 4 5 6   24.0
1   5   4 4 4 21 21 21 4 21   7 8 1 3 4 5 6 2   48.0
1   5   4 21 4 -4 4 21 21 21   5 6 2 7 8 1 3 4   12.0
1   5   4 21 4 21 -4 4 21 21   6 2 7 8 1 3 4 5   12.0
1   5   4 21 4 21 21 21 -4 4   8 1 3 4 5 6 2 7   12.0
1   5   5 -5 5 21 21 -5 21 21   2 7 8 1 3 4 5 6   24.0
1   5   5 5 5 21 21 21 5 21   7 8 1 3 4 5 6 2   48.0
1   5   5 21 5 -5 5 21 21 21   5 6 2 7 8 1 3 4   12.0
1   5   5 21 5 21 -5 5 21 21   6 2 7 8 1 3 4 5   12.0
1   5   5 21 5 21 21 21 -5 5   8 1 3 4 5 6 2 7   12.0
1   5   21 -1 -1 1 21 -1 21 21   2 7 8 1 3 4 5 6   12.0
1   5   21 -1 21 -1 1 -1 21 21   2 7 8 1 3 4 5 6   12.0
1   5   21 -1 21 21 21 -1 -1 1   8 1 3 4 5 6 2 7   12.0
1   5   21 -2 -2 2 21 -2 21 21   2 7 8 1 3 4 5 6   12.0
1   5   21 -2 21 -2 2 -2 21 21   2 7 8 1 3 4 5 6   12.0
1   5   21 -2 21 21 21 -2 -2 2   8 1 3 4 5 6 2 7   12.0
1   5   21 -3 -3 3 21 -3 21 21   2 7 8 1 3 4 5 6   12.0
1   5   21 -3 21 -3 3 -3 21 21   2 7 8 1 3 4 5 6   12.0
1   5   21 -3 21 21 21 -3 -3 3   8 1 3 4 5 6 2 7   12.0
1   5   21 -4 -4 4 21 -4 21 21   2 7 8 1 3 4 5 6   12.0
1   5   21 -4 21 -4 4 -4 21 21   2 7 8 1 3 4 5 6   12.0
1   5   21 -4 21 21 21 -4 -4 4   8 1 3 4 5 6 2 7   12.0
1   5   21 -5 -5 5 21 -5 21 21   2 7 8 1 3 4 5 6   12.0
1   5   21 -5 21 -5 5 -5 21 21   2 7 8 1 3 4 5 6   12.0
1   5   21 -5 21 21 21 -5 -5 5   8 1 3 4 5 6 2 7   12.0
1   5   21 1 -1 1 21 21 1 21   7 8 1 3 4 5 6 2   12.0
1   5   21 1 21 -1 1 21 1 21   7 8 1 3 4 5 6 2   12.0
1   5   21 1 21 21 -1 1 1 21   7 8 1 3 4 5 6 2   12.0
1   5   21 2 -2 2 21 21 2 21   7 8 1 3 4 5 6 2   12.0
1   5   21 2 21 -2 2 21 2 21   7 8 1 3 4 5 6 2   12.0
1   5   21 2 21 21 -2 2 2 21   7 8 1 3 4 5 6 2   12.0
1   5   21 3 -3 3 21 21 3 21   7 8 1 3 4 5 6 2   12.0
1   5   21 3 21 -3 3 21 3 21   7 8 1 3 4 5 6 2   12.0
1   5   21 3 21 21 -3 3 3 21   7 8 1 3 4 5 6 2   12.0
1   5   21 4 -4 4 21 21 4 21   7 8 1 3 4 5 6 2   12.0
1   5   21 4 21 -4 4 21 4 21   7 8 1 3 4 5 6 2   12.0
1   5   21 4 21 21 -4 4 4 21   7 8 1 3 4 5 6 2   12.0
1   5   21 5 -5 5 21 21 5 21   7 8 1 3 4 5 6 2   12.0
1   5   21 5 21 -5 5 21 5 21   7 8 1 3 4 5 6 2   12.0
1   5   21 5 21 21 -5 5 5 21   7 8 1 3 4 5 6 2   12.0
1   5   21 21 -1 1 -1 1 21 21   6 2 7 8 1 3 4 5   8.0
1   5   21 21 -1 1 21 21 -1 1   8 1 3 4 5 6 2 7   8.0
1   5   21 21 -2 2 -2 2 21 21   6 2 7 8 1 3 4 5   8.0
1   5   21 21 -2 2 21 21 -2 2   8 1 3 4 5 6 2 7   8.0
1   5   21 21 -3 3 -3 3 21 21   6 2 7 8 1 3 4 5   8.0
1   5   21 21 -3 3 21 21 -3 3   8 1 3 4 5 6 2 7   8.0
1   5   21 21 -4 4 -4 4 21 21   6 2 7 8 1 3 4 5   8.0
1   5   21 21 -4 4 21 21 -4 4   8 1 3 4 5 6 2 7   8.0
1   5   21 21 -5 5 -5 5 21 21   6 2 7 8 1 3 4 5   8.0
1   5   21 21 -5 5 21 21 -5 5   8 1 3 4 5 6 2 7   8.0
1   5   21 21 21 -1 1 21 -1 1   8 1 3 4 5 6 2 7   8.0
1   5   21 21 21 -2 2 21 -2 2   8 1 3 4 5 6 2 7   8.0
1   5   21 21 21 -3 3 21 -3 3   8 1 3 4 5 6 2 7   8.0
1   5   21 21 21 -4 4 21 -4 4   8 1 3 4 5 6 2 7   8.0
1   5   21 21 21 -5 5 21 -5 5   8 1 3 4 5 6 2 7   8.0
1   5   21 21 21 21 -1 1 -1 1   8 1 3 4 5 6 2 7   8.0
1   5   21 21 21 21 -2 2 -2 2   8 1 3 4 5 6 2 7   8.0
1   5   21 21 21 21 -3 3 -3 3   8 1 3 4 5 6 2 7   8.0
1   5   21 21 21 21 -4 4 -4 4   8 1 3 4 5 6 2 7   8.0
1   5   21 21 21 21 -5 5 -5 5   8 1 3 4 5 6 2 7   8.0



6   941   1   1 3 4 5 6 7 2 8
1   6   21 21 21 21 21 21 21 21   1 3 4 5 6 7 2 8   720.0
1   6   -1 21 21 21 21 21 21 -1   1 3 4 5 6 7 2 8   120.0
1   6   -2 21 21 21 21 21 21 -2   1 3 4 5 6 7 2 8   120.0
1   6   -3 21 21 21 21 21 21 -3   1 3 4 5 6 7 2 8   120.0
1   6   -4 21 21 21 21 21 21 -4   1 3 4 5 6 7 2 8   120.0
1   6   -5 21 21 21 21 21 21 -5   1 3 4 5 6 7 2 8   120.0
1   6   1 21 1 21 21 21 21 21   3 4 5 6 7 2 8 1   120.0
1   6   2 21 2 21 21 21 21 21   3 4 5 6 7 2 8 1   120.0
1   6   3 21 3 21 21 21 21 21   3 4 5 6 7 2 8 1   120.0
1   6   4 21 4 21 21 21 21 21   3 4 5 6 7 2 8 1   120.0
1   6   5 21 5 21 21 21 21 21   3 4 5 6 7 2 8 1   120.0
1   6   21 -1 21 21 21 21 -1 21   2 8 1 3 4 5 6 7   120.0
1   6   21 -2 21 21 21 21 -2 21   2 8 1 3 4 5 6 7   120.0
1   6   21 -3 21 21 21 21 -3 21   2 8 1 3 4 5 6 7   120.0
1   6   21 -4 21 21 21 21 -4 21   2 8 1 3 4 5 6 7   120.0
1   6   21 -5 21 21 21 21 -5 21   2 8 1 3 4 5 6 7   120.0
1   6   21 1 21 21 21 21 21 1   8 1 3 4 5 6 7 2   120.0
1   6   21 2 21 21 21 21 21 2   8 1 3 4 5 6 7 2   120.0
1   6   21 3 21 21 21 21 21 3   8 1 3 4 5 6 7 2   120.0
1   6   21 4 21 21 21 21 21 4   8 1 3 4 5 6 7 2   120.0
1   6   21 5 21 21 21 21 21 5   8 1 3 4 5 6 7 2   120.0
1   6   21 21 -1 1 21 21 21 21   4 5 6 7 2 8 1 3   24.0
1   6   21 21 -2 2 21 21 21 21   4 5 6 7 2 8 1 3   24.0
1   6   21 21 -3 3 21 21 21 21   4 5 6 7 2 8 1 3   24.0
1   6   21 21 -4 4 21 21 21 21   4 5 6 7 2 8 1 3   24.0
1   6   21 21 -5 5 21 21 21 21   4 5 6 7 2 8 1 3   24.0
1   6   21 21 21 -1 1 21 21 21   5 6 7 2 8 1 3 4   24.0
1   6   21 21 21 -2 2 21 21 21   5 6 7 2 8 1 3 4   24.0
1   6   21 21 21 -3 3 21 21 21   5 6 7 2 8 1 3 4   24.0
1   6   21 21 21 -4 4 21 21 21   5 6 7 2 8 1 3 4   24.0
1   6   21 21 21 -5 5 21 21 21   5 6 7 2 8 1 3 4   24.0
1   6   21 21 21 21 -1 1 21 21   6 7 2 8 1 3 4 5   24.0
1   6   21 21 21 21 -2 2 21 21   6 7 2 8 1 3 4 5   24.0
1   6   21 21 21 21 -3 3 21 21   6 7 2 8 1 3 4 5   24.0
1   6   21 21 21 21 -4 4 21 21   6 7 2 8 1 3 4 5   24.0
1   6   21 21 21 21 -5 5 21 21   6 7 2 8 1 3 4 5   24.0
1   6   21 21 21 21 21 -1 1 21   7 2 8 1 3 4 5 6   24.0
1   6   21 21 21 21 21 -2 2 21   7 2 8 1 3 4 5 6   24.0
1   6   21 21 21 21 21 -3 3 21   7 2 8 1 3 4 5 6   24.0
1   6   21 21 21 21 21 -4 4 21   7 2 8 1 3 4 5 6   24.0
1   6   21 21 21 21 21 -5 5 21   7 2 8 1 3 4 5 6   24.0
1   6   -1 -2 21 21 21 21 -1 -2   1 3 4 5 6 7 2 8   24.0
1   6   -1 -2 21 21 21 21 -2 -1   1 3 4 5 6 7 2 8   24.0
1   6   -1 -3 21 21 21 21 -1 -3   1 3 4 5 6 7 2 8   24.0
1   6   -1 -3 21 21 21 21 -3 -1   1 3 4 5 6 7 2 8   24.0
1   6   -1 -4 21 21 21 21 -1 -4   1 3 4 5 6 7 2 8   24.0
1   6   -1 -4 21 21 21 21 -4 -1   1 3 4 5 6 7 2 8   24.0
1   6   -1 -5 21 21 21 21 -1 -5   1 3 4 5 6 7 2 8   24.0
1   6   -1 -5 21 21 21 21 -5 -1   1 3 4 5 6 7 2 8   24.0
1   6   -1 21 -1 2 21 21 21 -2   1 3 4 5 6 7 2 8   6.0
1   6   -1 21 -1 3 21 21 21 -3   1 3 4 5 6 7 2 8   6.0
1   6   -1 21 -1 4 21 21 21 -4   1 3 4 5 6 7 2 8   6.0
1   6   -1 21 -1 5 21 21 21 -5   1 3 4 5 6 7 2 8   6.0
1   6   -1 21 -2 2 21 21 21 -1   1 3 4 5 6 7 2 8   6.0
1   6   -1 21 -3 3 21 21 21 -1   1 3 4 5 6 7 2 8   6.0
1   6   -1 21 -4 4 21 21 21 -1   1 3 4 5 6 7 2 8   6.0
1   6   -1 21 -5 5 21 21 21 -1   1 3 4 5 6 7 2 8   6.0
1   6   -1 21 21 -1 2 21 21 -2   1 3 4 5 6 7 2 8   6.0
1   6   -1 21 21 -1 3 21 21 -3   1 3 4 5 6 7 2 8   6.0
1   6   -1 21 21 -1 4 21 21 -4   1 3 4 5 6 7 2 8   6.0
1   6   -1 21 21 -1 5 21 21 -5   1 3 4 5 6 7 2 8   6.0
1   6   -1 21 21 -2 2 21 21 -1   1 3 4 5 6 7 2 8   6.0
1   6   -1 21 21 -3 3 21 21 -1   1 3 4 5 6 7 2 8   6.0
1   6   -1 21 21 -4 4 21 21 -1   1 3 4 5 6 7 2 8   6.0
1   6   -1 21 21 -5 5 21 21 -1   1 3 4 5 6 7 2 8   6.0
1   6   -1 21 21 21 -1 2 21 -2   1 3 4 5 6 7 2 8   6.0
1   6   -1 21 21 21 -1 3 21 -3   1 3 4 5 6 7 2 8   6.0
1   6   -1 21 21 21 -1 4 21 -4   1 3 4 5 6 7 2 8   6.0
1   6   -1 21 21 21 -1 5 21 -5   1 3 4 5 6 7 2 8   6.0
1   6   -1 21 21 21 -2 2 21 -1   1 3 4 5 6 7 2 8   6.0
1   6   -1 21 21 21 -3 3 21 -1   1 3 4 5 6 7 2 8   6.0
1   6   -1 21 21 21 -4 4 21 -1   1 3 4 5 6 7 2 8   6.0
1   6   -1 21 21 21 -5 5 21 -1   1 3 4 5 6 7 2 8   6.0
1   6   -1 21 21 21 21 -1 2 -2   1 3 4 5 6 7 2 8   6.0
1   6   -1 21 21 21 21 -1 3 -3   1 3 4 5 6 7 2 8   6.0
1   6   -1 21 21 21 21 -1 4 -4   1 3 4 5 6 7 2 8   6.0
1   6   -1 21 21 21 21 -1 5 -5   1 3 4 5 6 7 2 8   6.0
1   6   -1 21 21 21 21 -2 2 -1   1 3 4 5 6 7 2 8   6.0
1   6   -1 21 21 21 21 -3 3 -1   1 3 4 5 6 7 2 8   6.0
1   6   -1 21 21 21 21 -4 4 -1   1 3 4 5 6 7 2 8   6.0
1   6   -1 21 21 21 21 -5 5 -1   1 3 4 5 6 7 2 8   6.0
1   6   -2 -1 21 21 21 21 -1 -2   1 3 4 5 6 7 2 8   24.0
1   6   -2 -1 21 21 21 21 -2 -1   1 3 4 5 6 7 2 8   24.0
1   6   -2 -3 21 21 21 21 -2 -3   1 3 4 5 6 7 2 8   24.0
1   6   -2 -3 21 21 21 21 -3 -2   1 3 4 5 6 7 2 8   24.0
1   6   -2 -4 21 21 21 21 -2 -4   1 3 4 5 6 7 2 8   24.0
1   6   -2 -4 21 21 21 21 -4 -2   1 3 4 5 6 7 2 8   24.0
1   6   -2 -5 21 21 21 21 -2 -5   1 3 4 5 6 7 2 8   24.0
1   6   -2 -5 21 21 21 21 -5 -2   1 3 4 5 6 7 2 8   24.0
1   6   -2 21 -1 1 21 21 21 -2   1 3 4 5 6 7 2 8   6.0
1   6   -2 21 -2 1 21 21 21 -1   1 3 4 5 6 7 2 8   6.0
1   6   -2 21 -2 3 21 21 21 -3   1 3 4 5 6 7 2 8   6.0
1   6   -2 21 -2 4 21 21 21 -4   1 3 4 5 6 7 2 8   6.0
1   6   -2 21 -2 5 21 21 21 -5   1 3 4 5 6 7 2 8   6.0
1   6   -2 21 -3 3 21 21 21 -2   1 3 4 5 6 7 2 8   6.0
1   6   -2 21 -4 4 21 21 21 -2   1 3 4 5 6 7 2 8   6.0
1   6   -2 21 -5 5 21 21 21 -2   1 3 4 5 6 7 2 8   6.0
1   6   -2 21 21 -1 1 21 21 -2   1 3 4 5 6 7 2 8   6.0
1   6   -2 21 21 -2 1 21 21 -1   1 3 4 5 6 7 2 8   6.0
1   6   -2 21 21 -2 3 21 21 -3   1 3 4 5 6 7 2 8   6.0
1   6   -2 21 21 -2 4 21 21 -4   1 3 4 5 6 7 2 8   6.0
1   6   -2 21 21 -2 5 21 21 -5   1 3 4 5 6 7 2 8   6.0
1   6   -2 21 21 -3 3 21 21 -2   1 3 4 5 6 7 2 8   6.0
1   6   -2 21 21 -4 4 21 21 -2   1 3 4 5 6 7 2 8   6.0
1   6   -2 21 21 -5 5 21 21 -2   1 3 4 5 6 7 2 8   6.0
1   6   -2 21 21 21 -1 1 21 -2   1 3 4 5 6 7 2 8   6.0
1   6   -2 21 21 21 -2 1 21 -1   1 3 4 5 6 7 2 8   6.0
1   6   -2 21 21 21 -2 3 21 -3   1 3 4 5 6 7 2 8   6.0
1   6   -2 21 21 21 -2 4 21 -4   1 3 4 5 6 7 2 8   6.0
1   6   -2 21 21 21 -2 5 21 -5   1 3 4 5 6 7 2 8   6.0
1   6   -2 21 21 21 -3 3 21 -2   1 3 4 5 6 7 2 8   6.0
1   6   -2 21 21 21 -4 4 21 -2   1 3 4 5 6 7 2 8   6.0
1   6   -2 21 21 21 -5 5 21 -2   1 3 4 5 6 7 2 8   6.0
1   6   -2 21 21 21 21 -1 1 -2   1 3 4 5 6 7 2 8   6.0
1   6   -2 21 21 21 21 -2 1 -1   1 3 4 5 6 7 2 8   6.0
1   6   -2 21 21 21 21 -2 3 -3   1 3 4 5 6 7 2 8   6.0
1   6   -2 21 21 21 21 -2 4 -4   1 3 4 5 6 7 2 8   6.0
1   6   -2 21 21 21 21 -2 5 -5   1 3 4 5 6 7 2 8   6.0
1   6   -2 21 21 21 21 -3 3 -2   1 3 4 5 6 7 2 8   6.0
1   6   -2 21 21 21 21 -4 4 -2   1 3 4 5 6 7 2 8   6.0
1   6   -2 21 21 21 21 -5 5 -2   1 3 4 5 6 7 2 8   6.0
1   6   -3 -1 21 21 21 21 -1 -3   1 3 4 5 6 7 2 8   24.0
1   6   -3 -1 21 21 21 21 -3 -1   1 3 4 5 6 7 2 8   24.0
1   6   -3 -2 21 21 21 21 -2 -3   1 3 4 5 6 7 2 8   24.0
1   6   -3 -2 21 21 21 21 -3 -2   1 3 4 5 6 7 2 8   24.0
1   6   -3 -4 21 21 21 21 -3 -4   1 3 4 5 6 7 2 8   24.0
1   6   -3 -4 21 21 21 21 -4 -3   1 3 4 5 6 7 2 8   24.0
1   6   -3 -5 21 21 21 21 -3 -5   1 3 4 5 6 7 2 8   24.0
1   6   -3 -5 21 21 21 21 -5 -3   1 3 4 5 6 7 2 8   24.0
1   6   -3 21 -1 1 21 21 21 -3   1 3 4 5 6 7 2 8   6.0
1   6   -3 21 -2 2 21 21 21 -3   1 3 4 5 6 7 2 8   6.0
1   6   -3 21 -3 1 21 21 21 -1   1 3 4 5 6 7 2 8   6.0
1   6   -3 21 -3 2 21 21 21 -2   1 3 4 5 6 7 2 8   6.0
1   6   -3 21 -3 4 21 21 21 -4   1 3 4 5 6 7 2 8   6.0
1   6   -3 21 -3 5 21 21 21 -5   1 3 4 5 6 7 2 8   6.0
1   6   -3 21 -4 4 21 21 21 -3   1 3 4 5 6 7 2 8   6.0
1   6   -3 21 -5 5 21 21 21 -3   1 3 4 5 6 7 2 8   6.0
1   6   -3 21 21 -1 1 21 21 -3   1 3 4 5 6 7 2 8   6.0
1   6   -3 21 21 -2 2 21 21 -3   1 3 4 5 6 7 2 8   6.0
1   6   -3 21 21 -3 1 21 21 -1   1 3 4 5 6 7 2 8   6.0
1   6   -3 21 21 -3 2 21 21 -2   1 3 4 5 6 7 2 8   6.0
1   6   -3 21 21 -3 4 21 21 -4   1 3 4 5 6 7 2 8   6.0
1   6   -3 21 21 -3 5 21 21 -5   1 3 4 5 6 7 2 8   6.0
1   6   -3 21 21 -4 4 21 21 -3   1 3 4 5 6 7 2 8   6.0
1   6   -3 21 21 -5 5 21 21 -3   1 3 4 5 6 7 2 8   6.0
1   6   -3 21 21 21 -1 1 21 -3   1 3 4 5 6 7 2 8   6.0
1   6   -3 21 21 21 -2 2 21 -3   1 3 4 5 6 7 2 8   6.0
1   6   -3 21 21 21 -3 1 21 -1   1 3 4 5 6 7 2 8   6.0
1   6   -3 21 21 21 -3 2 21 -2   1 3 4 5 6 7 2 8   6.0
1   6   -3 21 21 21 -3 4 21 -4   1 3 4 5 6 7 2 8   6.0
1   6   -3 21 21 21 -3 5 21 -5   1 3 4 5 6 7 2 8   6.0
1   6   -3 21 21 21 -4 4 21 -3   1 3 4 5 6 7 2 8   6.0
1   6   -3 21 21 21 -5 5 21 -3   1 3 4 5 6 7 2 8   6.0
1   6   -3 21 21 21 21 -1 1 -3   1 3 4 5 6 7 2 8   6.0
1   6   -3 21 21 21 21 -2 2 -3   1 3 4 5 6 7 2 8   6.0
1   6   -3 21 21 21 21 -3 1 -1   1 3 4 5 6 7 2 8   6.0
1   6   -3 21 21 21 21 -3 2 -2   1 3 4 5 6 7 2 8   6.0
1   6   -3 21 21 21 21 -3 4 -4   1 3 4 5 6 7 2 8   6.0
1   6   -3 21 21 21 21 -3 5 -5   1 3 4 5 6 7 2 8   6.0
1   6   -3 21 21 21 21 -4 4 -3   1 3 4 5 6 7 2 8   6.0
1   6   -3 21 21 21 21 -5 5 -3   1 3 4 5 6 7 2 8   6.0
1   6   -4 -1 21 21 21 21 -1 -4   1 3 4 5 6 7 2 8   24.0
1   6   -4 -1 21 21 21 21 -4 -1   1 3 4 5 6 7 2 8   24.0
1   6   -4 -2 21 21 21 21 -2 -4   1 3 4 5 6 7 2 8   24.0
1   6   -4 -2 21 21 21 21 -4 -2   1 3 4 5 6 7 2 8   24.0
1   6   -4 -3 21 21 21 21 -3 -4   1 3 4 5 6 7 2 8   24.0
1   6   -4 -3 21 21 21 21 -4 -3   1 3 4 5 6 7 2 8   24.0
1   6   -4 -5 21 21 21 21 -4 -5   1 3 4 5 6 7 2 8   24.0
1   6   -4 -5 21 21 21 21 -5 -4   1 3 4 5 6 7 2 8   24.0
1   6   -4 21 -1 1 21 21 21 -4   1 3 4 5 6 7 2 8   6.0
1   6   -4 21 -2 2 21 21 21 -4   1 3 4 5 6 7 2 8   6.0
1   6   -4 21 -3 3 21 21 21 -4   1 3 4 5 6 7 2 8   6.0
1   6   -4 21 -4 1 21 21 21 -1   1 3 4 5 6 7 2 8   6.0
1   6   -4 21 -4 2 21 21 21 -2   1 3 4 5 6 7 2 8   6.0
1   6   -4 21 -4 3 21 21 21 -3   1 3 4 5 6 7 2 8   6.0
1   6   -4 21 -4 5 21 21 21 -5   1 3 4 5 6 7 2 8   6.0
1   6   -4 21 -5 5 21 21 21 -4   1 3 4 5 6 7 2 8   6.0
1   6   -4 21 21 -1 1 21 21 -4   1 3 4 5 6 7 2 8   6.0
1   6   -4 21 21 -2 2 21 21 -4   1 3 4 5 6 7 2 8   6.0
1   6   -4 21 21 -3 3 21 21 -4   1 3 4 5 6 7 2 8   6.0
1   6   -4 21 21 -4 1 21 21 -1   1 3 4 5 6 7 2 8   6.0
1   6   -4 21 21 -4 2 21 21 -2   1 3 4 5 6 7 2 8   6.0
1   6   -4 21 21 -4 3 21 21 -3   1 3 4 5 6 7 2 8   6.0
1   6   -4 21 21 -4 5 21 21 -5   1 3 4 5 6 7 2 8   6.0
1   6   -4 21 21 -5 5 21 21 -4   1 3 4 5 6 7 2 8   6.0
1   6   -4 21 21 21 -1 1 21 -4   1 3 4 5 6 7 2 8   6.0
1   6   -4 21 21 21 -2 2 21 -4   1 3 4 5 6 7 2 8   6.0
1   6   -4 21 21 21 -3 3 21 -4   1 3 4 5 6 7 2 8   6.0
1   6   -4 21 21 21 -4 1 21 -1   1 3 4 5 6 7 2 8   6.0
1   6   -4 21 21 21 -4 2 21 -2   1 3 4 5 6 7 2 8   6.0
1   6   -4 21 21 21 -4 3 21 -3   1 3 4 5 6 7 2 8   6.0
1   6   -4 21 21 21 -4 5 21 -5   1 3 4 5 6 7 2 8   6.0
1   6   -4 21 21 21 -5 5 21 -4   1 3 4 5 6 7 2 8   6.0
1   6   -4 21 21 21 21 -1 1 -4   1 3 4 5 6 7 2 8   6.0
1   6   -4 21 21 21 21 -2 2 -4   1 3 4 5 6 7 2 8   6.0
1   6   -4 21 21 21 21 -3 3 -4   1 3 4 5 6 7 2 8   6.0
1   6   -4 21 21 21 21 -4 1 -1   1 3 4 5 6 7 2 8   6.0
1   6   -4 21 21 21 21 -4 2 -2   1 3 4 5 6 7 2 8   6.0
1   6   -4 21 21 21 21 -4 3 -3   1 3 4 5 6 7 2 8   6.0
1   6   -4 21 21 21 21 -4 5 -5   1 3 4 5 6 7 2 8   6.0
1   6   -4 21 21 21 21 -5 5 -4   1 3 4 5 6 7 2 8   6.0
1   6   -5 -1 21 21 21 21 -1 -5   1 3 4 5 6 7 2 8   24.0
1   6   -5 -1 21 21 21 21 -5 -1   1 3 4 5 6 7 2 8   24.0
1   6   -5 -2 21 21 21 21 -2 -5   1 3 4 5 6 7 2 8   24.0
1   6   -5 -2 21 21 21 21 -5 -2   1 3 4 5 6 7 2 8   24.0
1   6   -5 -3 21 21 21 21 -3 -5   1 3 4 5 6 7 2 8   24.0
1   6   -5 -3 21 21 21 21 -5 -3   1 3 4 5 6 7 2 8   24.0
1   6   -5 -4 21 21 21 21 -4 -5   1 3 4 5 6 7 2 8   24.0
1   6   -5 -4 21 21 21 21 -5 -4   1 3 4 5 6 7 2 8   24.0
1   6   -5 21 -1 1 21 21 21 -5   1 3 4 5 6 7 2 8   6.0
1   6   -5 21 -2 2 21 21 21 -5   1 3 4 5 6 7 2 8   6.0
1   6   -5 21 -3 3 21 21 21 -5   1 3 4 5 6 7 2 8   6.0
1   6   -5 21 -4 4 21 21 21 -5   1 3 4 5 6 7 2 8   6.0
1   6   -5 21 -5 1 21 21 21 -1   1 3 4 5 6 7 2 8   6.0
1   6   -5 21 -5 2 21 21 21 -2   1 3 4 5 6 7 2 8   6.0
1   6   -5 21 -5 3 21 21 21 -3   1 3 4 5 6 7 2 8   6.0
1   6   -5 21 -5 4 21 21 21 -4   1 3 4 5 6 7 2 8   6.0
1   6   -5 21 21 -1 1 21 21 -5   1 3 4 5 6 7 2 8   6.0
1   6   -5 21 21 -2 2 21 21 -5   1 3 4 5 6 7 2 8   6.0
1   6   -5 21 21 -3 3 21 21 -5   1 3 4 5 6 7 2 8   6.0
1   6   -5 21 21 -4 4 21 21 -5   1 3 4 5 6 7 2 8   6.0
1   6   -5 21 21 -5 1 21 21 -1   1 3 4 5 6 7 2 8   6.0
1   6   -5 21 21 -5 2 21 21 -2   1 3 4 5 6 7 2 8   6.0
1   6   -5 21 21 -5 3 21 21 -3   1 3 4 5 6 7 2 8   6.0
1   6   -5 21 21 -5 4 21 21 -4   1 3 4 5 6 7 2 8   6.0
1   6   -5 21 21 21 -1 1 21 -5   1 3 4 5 6 7 2 8   6.0
1   6   -5 21 21 21 -2 2 21 -5   1 3 4 5 6 7 2 8   6.0
1   6   -5 21 21 21 -3 3 21 -5   1 3 4 5 6 7 2 8   6.0
1   6   -5 21 21 21 -4 4 21 -5   1 3 4 5 6 7 2 8   6.0
1   6   -5 21 21 21 -5 1 21 -1   1 3 4 5 6 7 2 8   6.0
1   6   -5 21 21 21 -5 2 21 -2   1 3 4 5 6 7 2 8   6.0
1   6   -5 21 21 21 -5 3 21 -3   1 3 4 5 6 7 2 8   6.0
1   6   -5 21 21 21 -5 4 21 -4   1 3 4 5 6 7 2 8   6.0
1   6   -5 21 21 21 21 -1 1 -5   1 3 4 5 6 7 2 8   6.0
1   6   -5 21 21 21 21 -2 2 -5   1 3 4 5 6 7 2 8   6.0
1   6   -5 21 21 21 21 -3 3 -5   1 3 4 5 6 7 2 8   6.0
1   6   -5 21 21 21 21 -4 4 -5   1 3 4 5 6 7 2 8   6.0
1   6   -5 21 21 21 21 -5 1 -1   1 3 4 5 6 7 2 8   6.0
1   6   -5 21 21 21 21 -5 2 -2   1 3 4 5 6 7 2 8   6.0
1   6   -5 21 21 21 21 -5 3 -3   1 3 4 5 6 7 2 8   6.0
1   6   -5 21 21 21 21 -5 4 -4   1 3 4 5 6 7 2 8   6.0
1   6   1 -1 2 21 21 21 -2 21   2 8 1 3 4 5 6 7   24.0
1   6   1 -1 3 21 21 21 -3 21   2 8 1 3 4 5 6 7   24.0
1   6   1 -1 4 21 21 21 -4 21   2 8 1 3 4 5 6 7   24.0
1   6   1 -1 5 21 21 21 -5 21   2 8 1 3 4 5 6 7   24.0
1   6   1 -2 1 21 21 21 -2 21   2 8 1 3 4 5 6 7   24.0
1   6   1 -3 1 21 21 21 -3 21   2 8 1 3 4 5 6 7   24.0
1   6   1 -4 1 21 21 21 -4 21   2 8 1 3 4 5 6 7   24.0
1   6   1 -5 1 21 21 21 -5 21   2 8 1 3 4 5 6 7   24.0
1   6   1 2 1 21 21 21 21 2   8 1 3 4 5 6 7 2   24.0
1   6   1 2 2 21 21 21 21 1   8 1 3 4 5 6 7 2   24.0
1   6   1 3 1 21 21 21 21 3   8 1 3 4 5 6 7 2   24.0
1   6   1 3 3 21 21 21 21 1   8 1 3 4 5 6 7 2   24.0
1   6   1 4 1 21 21 21 21 4   8 1 3 4 5 6 7 2   24.0
1   6   1 4 4 21 21 21 21 1   8 1 3 4 5 6 7 2   24.0
1   6   1 5 1 21 21 21 21 5   8 1 3 4 5 6 7 2   24.0
1   6   1 5 5 21 21 21 21 1   8 1 3 4 5 6 7 2   24.0
1   6   1 21 1 -2 2 21 21 21   5 6 7 2 8 1 3 4   6.0
1   6   1 21 1 -3 3 21 21 21   5 6 7 2 8 1 3 4   6.0
1   6   1 21 1 -4 4 21 21 21   5 6 7 2 8 1 3 4   6.0
1   6   1 21 1 -5 5 21 21 21   5 6 7 2 8 1 3 4   6.0
1   6   1 21 1 21 -2 2 21 21   6 7 2 8 1 3 4 5   6.0
1   6   1 21 1 21 -3 3 21 21   6 7 2 8 1 3 4 5   6.0
1   6   1 21 1 21 -4 4 21 21   6 7 2 8 1 3 4 5   6.0
1   6   1 21 1 21 -5 5 21 21   6 7 2 8 1 3 4 5   6.0
1   6   1 21 1 21 21 -2 2 21   7 2 8 1 3 4 5 6   6.0
1   6   1 21 1 21 21 -3 3 21   7 2 8 1 3 4 5 6   6.0
1   6   1 21 1 21 21 -4 4 21   7 2 8 1 3 4 5 6   6.0
1   6   1 21 1 21 21 -5 5 21   7 2 8 1 3 4 5 6   6.0
1   6   1 21 2 -2 1 21 21 21   5 6 7 2 8 1 3 4   6.0
1   6   1 21 2 21 -2 1 21 21   6 7 2 8 1 3 4 5   6.0
1   6   1 21 2 21 21 -2 1 21   7 2 8 1 3 4 5 6   6.0
1   6   1 21 3 -3 1 21 21 21   5 6 7 2 8 1 3 4   6.0
1   6   1 21 3 21 -3 1 21 21   6 7 2 8 1 3 4 5   6.0
1   6   1 21 3 21 21 -3 1 21   7 2 8 1 3 4 5 6   6.0
1   6   1 21 4 -4 1 21 21 21   5 6 7 2 8 1 3 4   6.0
1   6   1 21 4 21 -4 1 21 21   6 7 2 8 1 3 4 5   6.0
1   6   1 21 4 21 21 -4 1 21   7 2 8 1 3 4 5 6   6.0
1   6   1 21 5 -5 1 21 21 21   5 6 7 2 8 1 3 4   6.0
1   6   1 21 5 21 -5 1 21 21   6 7 2 8 1 3 4 5   6.0
1   6   1 21 5 21 21 -5 1 21   7 2 8 1 3 4 5 6   6.0
1   6   2 -1 2 21 21 21 -1 21   2 8 1 3 4 5 6 7   24.0
1   6   2 -2 1 21 21 21 -1 21   2 8 1 3 4 5 6 7   24.0
1   6   2 -2 3 21 21 21 -3 21   2 8 1 3 4 5 6 7   24.0
1   6   2 -2 4 21 21 21 -4 21   2 8 1 3 4 5 6 7   24.0
1   6   2 -2 5 21 21 21 -5 21   2 8 1 3 4 5 6 7   24.0
1   6   2 -3 2 21 21 21 -3 21   2 8 1 3 4 5 6 7   24.0
1   6   2 -4 2 21 21 21 -4 21   2 8 1 3 4 5 6 7   24.0
1   6   2 -5 2 21 21 21 -5 21   2 8 1 3 4 5 6 7   24.0
1   6   2 1 1 21 21 21 21 2   8 1 3 4 5 6 7 2   24.0
1   6   2 1 2 21 21 21 21 1   8 1 3 4 5 6 7 2   24.0
1   6   2 3 2 21 21 21 21 3   8 1 3 4 5 6 7 2   24.0
1   6   2 3 3 21 21 21 21 2   8 1 3 4 5 6 7 2   24.0
1   6   2 4 2 21 21 21 21 4   8 1 3 4 5 6 7 2   24.0
1   6   2 4 4 21 21 21 21 2   8 1 3 4 5 6 7 2   24.0
1   6   2 5 2 21 21 21 21 5   8 1 3 4 5 6 7 2   24.0
1   6   2 5 5 21 21 21 21 2   8 1 3 4 5 6 7 2   24.0
1   6   2 21 1 -1 2 21 21 21   5 6 7 2 8 1 3 4   6.0
1   6   2 21 1 21 -1 2 21 21   6 7 2 8 1 3 4 5   6.0
1   6   2 21 1 21 21 -1 2 21   7 2 8 1 3 4 5 6   6.0
1   6   2 21 2 -1 1 21 21 21   5 6 7 2 8 1 3 4   6.0
1   6   2 21 2 -3 3 21 21 21   5 6 7 2 8 1 3 4   6.0
1   6   2 21 2 -4 4 21 21 21   5 6 7 2 8 1 3 4   6.0
1   6   2 21 2 -5 5 21 21 21   5 6 7 2 8 1 3 4   6.0
1   6   2 21 2 21 -1 1 21 21   6 7 2 8 1 3 4 5   6.0
1   6   2 21 2 21 -3 3 21 21   6 7 2 8 1 3 4 5   6.0
1   6   2 21 2 21 -4 4 21 21   6 7 2 8 1 3 4 5   6.0
1   6   2 21 2 21 -5 5 21 21   6 7 2 8 1 3 4 5   6.0
1   6   2 21 2 21 21 -1 1 21   7 2 8 1 3 4 5 6   6.0
1   6   2 21 2 21 21 -3 3 21   7 2 8 1 3 4 5 6   6.0
1   6   2 21 2 21 21 -4 4 21   7 2 8 1 3 4 5 6   6.0
1   6   2 21 2 21 21 -5 5 21   7 2 8 1 3 4 5 6   6.0
1   6   2 21 3 -3 2 21 21 21   5 6 7 2 8 1 3 4   6.0
1   6   2 21 3 21 -3 2 21 21   6 7 2 8 1 3 4 5   6.0
1   6   2 21 3 21 21 -3 2 21   7 2 8 1 3 4 5 6   6.0
1   6   2 21 4 -4 2 21 21 21   5 6 7 2 8 1 3 4   6.0
1   6   2 21 4 21 -4 2 21 21   6 7 2 8 1 3 4 5   6.0
1   6   2 21 4 21 21 -4 2 21   7 2 8 1 3 4 5 6   6.0
1   6   2 21 5 -5 2 21 21 21   5 6 7 2 8 1 3 4   6.0
1   6   2 21 5 21 -5 2 21 21   6 7 2 8 1 3 4 5   6.0
1   6   2 21 5 21 21 -5 2 21   7 2 8 1 3 4 5 6   6.0
1   6   3 -1 3 21 21 21 -1 21   2 8 1 3 4 5 6 7   24.0
1   6   3 -2 3 21 21 21 -2 21   2 8 1 3 4 5 6 7   24.0
1   6   3 -3 1 21 21 21 -1 21   2 8 1 3 4 5 6 7   24.0
1   6   3 -3 2 21 21 21 -2 21   2 8 1 3 4 5 6 7   24.0
1   6   3 -3 4 21 21 21 -4 21   2 8 1 3 4 5 6 7   24.0
1   6   3 -3 5 21 21 21 -5 21   2 8 1 3 4 5 6 7   24.0
1   6   3 -4 3 21 21 21 -4 21   2 8 1 3 4 5 6 7   24.0
1   6   3 -5 3 21 21 21 -5 21   2 8 1 3 4 5 6 7   24.0
1   6   3 1 1 21 21 21 21 3   8 1 3 4 5 6 7 2   24.0
1   6   3 1 3 21 21 21 21 1   8 1 3 4 5 6 7 2   24.0
1   6   3 2 2 21 21 21 21 3   8 1 3 4 5 6 7 2   24.0
1   6   3 2 3 21 21 21 21 2   8 1 3 4 5 6 7 2   24.0
1   6   3 4 3 21 21 21 21 4   8 1 3 4 5 6 7 2   24.0
1   6   3 4 4 21 21 21 21 3   8 1 3 4 5 6 7 2   24.0
1   6   3 5 3 21 21 21 21 5   8 1 3 4 5 6 7 2   24.0
1   6   3 5 5 21 21 21 21 3   8 1 3 4 5 6 7 2   24.0
1   6   3 21 1 -1 3 21 21 21   5 6 7 2 8 1 3 4   6.0
1   6   3 21 1 21 -1 3 21 21   6 7 2 8 1 3 4 5   6.0
1   6   3 21 1 21 21 -1 3 21   7 2 8 1 3 4 5 6   6.0
1   6   3 21 2 -2 3 21 21 21   5 6 7 2 8 1 3 4   6.0
1   6   3 21 2 21 -2 3 21 21   6 7 2 8 1 3 4 5   6.0
1   6   3 21 2 21 21 -2 3 21   7 2 8 1 3 4 5 6   6.0
1   6   3 21 3 -1 1 21 21 21   5 6 7 2 8 1 3 4   6.0
1   6   3 21 3 -2 2 21 21 21   5 6 7 2 8 1 3 4   6.0
1   6   3 21 3 -4 4 21 21 21   5 6 7 2 8 1 3 4   6.0
1   6   3 21 3 -5 5 21 21 21   5 6 7 2 8 1 3 4   6.0
1   6   3 21 3 21 -1 1 21 21   6 7 2 8 1 3 4 5   6.0
1   6   3 21 3 21 -2 2 21 21   6 7 2 8 1 3 4 5   6.0
1   6   3 21 3 21 -4 4 21 21   6 7 2 8 1 3 4 5   6.0
1   6   3 21 3 21 -5 5 21 21   6 7 2 8 1 3 4 5   6.0
1   6   3 21 3 21 21 -1 1 21   7 2 8 1 3 4 5 6   6.0
1   6   3 21 3 21 21 -2 2 21   7 2 8 1 3 4 5 6   6.0
1   6   3 21 3 21 21 -4 4 21   7 2 8 1 3 4 5 6   6.0
1   6   3 21 3 21 21 -5 5 21   7 2 8 1 3 4 5 6   6.0
1   6   3 21 4 -4 3 21 21 21   5 6 7 2 8 1 3 4   6.0
1   6   3 21 4 21 -4 3 21 21   6 7 2 8 1 3 4 5   6.0
1   6   3 21 4 21 21 -4 3 21   7 2 8 1 3 4 5 6   6.0
1   6   3 21 5 -5 3 21 21 21   5 6 7 2 8 1 3 4   6.0
1   6   3 21 5 21 -5 3 21 21   6 7 2 8 1 3 4 5   6.0
1   6   3 21 5 21 21 -5 3 21   7 2 8 1 3 4 5 6   6.0
1   6   4 -1 4 21 21 21 -1 21   2 8 1 3 4 5 6 7   24.0
1   6   4 -2 4 21 21 21 -2 21   2 8 1 3 4 5 6 7   24.0
1   6   4 -3 4 21 21 21 -3 21   2 8 1 3 4 5 6 7   24.0
1   6   4 -4 1 21 21 21 -1 21   2 8 1 3 4 5 6 7   24.0
1   6   4 -4 2 21 21 21 -2 21   2 8 1 3 4 5 6 7   24.0
1   6   4 -4 3 21 21 21 -3 21   2 8 1 3 4 5 6 7   24.0
1   6   4 -4 5 21 21 21 -5 21   2 8 1 3 4 5 6 7   24.0
1   6   4 -5 4 21 21 21 -5 21   2 8 1 3 4 5 6 7   24.0
1   6   4 1 1 21 21 21 21 4   8 1 3 4 5 6 7 2   24.0
1   6   4 1 4 21 21 21 21 1   8 1 3 4 5 6 7 2   24.0
1   6   4 2 2 21 21 21 21 4   8 1 3 4 5 6 7 2   24.0
1   6   4 2 4 21 21 21 21 2   8 1 3 4 5 6 7 2   24.0
1   6   4 3 3 21 21 21 21 4   8 1 3 4 5 6 7 2   24.0
1   6   4 3 4 21 21 21 21 3   8 1 3 4 5 6 7 2   24.0
1   6   4 5 4 21 21 21 21 5   8 1 3 4 5 6 7 2   24.0
1   6   4 5 5 21 21 21 21 4   8 1 3 4 5 6 7 2   24.0
1   6   4 21 1 -1 4 21 21 21   5 6 7 2 8 1 3 4   6.0
1   6   4 21 1 21 -1 4 21 21   6 7 2 8 1 3 4 5   6.0
1   6   4 21 1 21 21 -1 4 21   7 2 8 1 3 4 5 6   6.0
1   6   4 21 2 -2 4 21 21 21   5 6 7 2 8 1 3 4   6.0
1   6   4 21 2 21 -2 4 21 21   6 7 2 8 1 3 4 5   6.0
1   6   4 21 2 21 21 -2 4 21   7 2 8 1 3 4 5 6   6.0
1   6   4 21 3 -3 4 21 21 21   5 6 7 2 8 1 3 4   6.0
1   6   4 21 3 21 -3 4 21 21   6 7 2 8 1 3 4 5   6.0
1   6   4 21 3 21 21 -3 4 21   7 2 8 1 3 4 5 6   6.0
1   6   4 21 4 -1 1 21 21 21   5 6 7 2 8 1 3 4   6.0
1   6   4 21 4 -2 2 21 21 21   5 6 7 2 8 1 3 4   6.0
1   6   4 21 4 -3 3 21 21 21   5 6 7 2 8 1 3 4   6.0
1   6   4 21 4 -5 5 21 21 21   5 6 7 2 8 1 3 4   6.0
1   6   4 21 4 21 -1 1 21 21   6 7 2 8 1 3 4 5   6.0
1   6   4 21 4 21 -2 2 21 21   6 7 2 8 1 3 4 5   6.0
1   6   4 21 4 21 -3 3 21 21   6 7 2 8 1 3 4 5   6.0
1   6   4 21 4 21 -5 5 21 21   6 7 2 8 1 3 4 5   6.0
1   6   4 21 4 21 21 -1 1 21   7 2 8 1 3 4 5 6   6.0
1   6   4 21 4 21 21 -2 2 21   7 2 8 1 3 4 5 6   6.0
1   6   4 21 4 21 21 -3 3 21   7 2 8 1 3 4 5 6   6.0
1   6   4 21 4 21 21 -5 5 21   7 2 8 1 3 4 5 6   6.0
1   6   4 21 5 -5 4 21 21 21   5 6 7 2 8 1 3 4   6.0
1   6   4 21 5 21 -5 4 21 21   6 7 2 8 1 3 4 5   6.0
1   6   4 21 5 21 21 -5 4 21   7 2 8 1 3 4 5 6   6.0
1   6   5 -1 5 21 21 21 -1 21   2 8 1 3 4 5 6 7   24.0
1   6   5 -2 5 21 21 21 -2 21   2 8 1 3 4 5 6 7   24.0
1   6   5 -3 5 21 21 21 -3 21   2 8 1 3 4 5 6 7   24.0
1   6   5 -4 5 21 21 21 -4 21   2 8 1 3 4 5 6 7   24.0
1   6   5 -5 1 21 21 21 -1 21   2 8 1 3 4 5 6 7   24.0
1   6   5 -5 2 21 21 21 -2 21   2 8 1 3 4 5 6 7   24.0
1   6   5 -5 3 21 21 21 -3 21   2 8 1 3 4 5 6 7   24.0
1   6   5 -5 4 21 21 21 -4 21   2 8 1 3 4 5 6 7   24.0
1   6   5 1 1 21 21 21 21 5   8 1 3 4 5 6 7 2   24.0
1   6   5 1 5 21 21 21 21 1   8 1 3 4 5 6 7 2   24.0
1   6   5 2 2 21 21 21 21 5   8 1 3 4 5 6 7 2   24.0
1   6   5 2 5 21 21 21 21 2   8 1 3 4 5 6 7 2   24.0
1   6   5 3 3 21 21 21 21 5   8 1 3 4 5 6 7 2   24.0
1   6   5 3 5 21 21 21 21 3   8 1 3 4 5 6 7 2   24.0
1   6   5 4 4 21 21 21 21 5   8 1 3 4 5 6 7 2   24.0
1   6   5 4 5 21 21 21 21 4   8 1 3 4 5 6 7 2   24.0
1   6   5 21 1 -1 5 21 21 21   5 6 7 2 8 1 3 4   6.0
1   6   5 21 1 21 -1 5 21 21   6 7 2 8 1 3 4 5   6.0
1   6   5 21 1 21 21 -1 5 21   7 2 8 1 3 4 5 6   6.0
1   6   5 21 2 -2 5 21 21 21   5 6 7 2 8 1 3 4   6.0
1   6   5 21 2 21 -2 5 21 21   6 7 2 8 1 3 4 5   6.0
1   6   5 21 2 21 21 -2 5 21   7 2 8 1 3 4 5 6   6.0
1   6   5 21 3 -3 5 21 21 21   5 6 7 2 8 1 3 4   6.0
1   6   5 21 3 21 -3 5 21 21   6 7 2 8 1 3 4 5   6.0
1   6   5 21 3 21 21 -3 5 21   7 2 8 1 3 4 5 6   6.0
1   6   5 21 4 -4 5 21 21 21   5 6 7 2 8 1 3 4   6.0
1   6   5 21 4 21 -4 5 21 21   6 7 2 8 1 3 4 5   6.0
1   6   5 21 4 21 21 -4 5 21   7 2 8 1 3 4 5 6   6.0
1   6   5 21 5 -1 1 21 21 21   5 6 7 2 8 1 3 4   6.0
1   6   5 21 5 -2 2 21 21 21   5 6 7 2 8 1 3 4   6.0
1   6   5 21 5 -3 3 21 21 21   5 6 7 2 8 1 3 4   6.0
1   6   5 21 5 -4 4 21 21 21   5 6 7 2 8 1 3 4   6.0
1   6   5 21 5 21 -1 1 21 21   6 7 2 8 1 3 4 5   6.0
1   6   5 21 5 21 -2 2 21 21   6 7 2 8 1 3 4 5   6.0
1   6   5 21 5 21 -3 3 21 21   6 7 2 8 1 3 4 5   6.0
1   6   5 21 5 21 -4 4 21 21   6 7 2 8 1 3 4 5   6.0
1   6   5 21 5 21 21 -1 1 21   7 2 8 1 3 4 5 6   6.0
1   6   5 21 5 21 21 -2 2 21   7 2 8 1 3 4 5 6   6.0
1   6   5 21 5 21 21 -3 3 21   7 2 8 1 3 4 5 6   6.0
1   6   5 21 5 21 21 -4 4 21   7 2 8 1 3 4 5 6   6.0
1   6   21 -1 -1 2 21 21 -2 21   2 8 1 3 4 5 6 7   6.0
1   6   21 -1 -1 3 21 21 -3 21   2 8 1 3 4 5 6 7   6.0
1   6   21 -1 -1 4 21 21 -4 21   2 8 1 3 4 5 6 7   6.0
1   6   21 -1 -1 5 21 21 -5 21   2 8 1 3 4 5 6 7   6.0
1   6   21 -1 -2 2 21 21 -1 21   2 8 1 3 4 5 6 7   6.0
1   6   21 -1 -3 3 21 21 -1 21   2 8 1 3 4 5 6 7   6.0
1   6   21 -1 -4 4 21 21 -1 21   2 8 1 3 4 5 6 7   6.0
1   6   21 -1 -5 5 21 21 -1 21   2 8 1 3 4 5 6 7   6.0
1   6   21 -1 21 -1 2 21 -2 21   2 8 1 3 4 5 6 7   6.0
1   6   21 -1 21 -1 3 21 -3 21   2 8 1 3 4 5 6 7   6.0
1   6   21 -1 21 -1 4 21 -4 21   2 8 1 3 4 5 6 7   6.0
1   6   21 -1 21 -1 5 21 -5 21   2 8 1 3 4 5 6 7   6.0
1   6   21 -1 21 -2 2 21 -1 21   2 8 1 3 4 5 6 7   6.0
1   6   21 -1 21 -3 3 21 -1 21   2 8 1 3 4 5 6 7   6.0
1   6   21 -1 21 -4 4 21 -1 21   2 8 1 3 4 5 6 7   6.0
1   6   21 -1 21 -5 5 21 -1 21   2 8 1 3 4 5 6 7   6.0
1   6   21 -1 21 21 -1 2 -2 21   2 8 1 3 4 5 6 7   6.0
1   6   21 -1 21 21 -1 3 -3 21   2 8 1 3 4 5 6 7   6.0
1   6   21 -1 21 21 -1 4 -4 21   2 8 1 3 4 5 6 7   6.0
1   6   21 -1 21 21 -1 5 -5 21   2 8 1 3 4 5 6 7   6.0
1   6   21 -1 21 21 -2 2 -1 21   2 8 1 3 4 5 6 7   6.0
1   6   21 -1 21 21 -3 3 -1 21   2 8 1 3 4 5 6 7   6.0
1   6   21 -1 21 21 -4 4 -1 21   2 8 1 3 4 5 6 7   6.0
1   6   21 -1 21 21 -5 5 -1 21   2 8 1 3 4 5 6 7   6.0
1   6   21 -2 -1 1 21 21 -2 21   2 8 1 3 4 5 6 7   6.0
1   6   21 -2 -2 1 21 21 -1 21   2 8 1 3 4 5 6 7   6.0
1   6   21 -2 -2 3 21 21 -3 21   2 8 1 3 4 5 6 7   6.0
1   6   21 -2 -2 4 21 21 -4 21   2 8 1 3 4 5 6 7   6.0
1   6   21 -2 -2 5 21 21 -5 21   2 8 1 3 4 5 6 7   6.0
1   6   21 -2 -3 3 21 21 -2 21   2 8 1 3 4 5 6 7   6.0
1   6   21 -2 -4 4 21 21 -2 21   2 8 1 3 4 5 6 7   6.0
1   6   21 -2 -5 5 21 21 -2 21   2 8 1 3 4 5 6 7   6.0
1   6   21 -2 21 -1 1 21 -2 21   2 8 1 3 4 5 6 7   6.0
1   6   21 -2 21 -2 1 21 -1 21   2 8 1 3 4 5 6 7   6.0
1   6   21 -2 21 -2 3 21 -3 21   2 8 1 3 4 5 6 7   6.0
1   6   21 -2 21 -2 4 21 -4 21   2 8 1 3 4 5 6 7   6.0
1   6   21 -2 21 -2 5 21 -5 21   2 8 1 3 4 5 6 7   6.0
1   6   21 -2 21 -3 3 21 -2 21   2 8 1 3 4 5 6 7   6.0
1   6   21 -2 21 -4 4 21 -2 21   2 8 1 3 4 5 6 7   6.0
1   6   21 -2 21 -5 5 21 -2 21   2 8 1 3 4 5 6 7   6.0
1   6   21 -2 21 21 -1 1 -2 21   2 8 1 3 4 5 6 7   6.0
1   6   21 -2 21 21 -2 1 -1 21   2 8 1 3 4 5 6 7   6.0
1   6   21 -2 21 21 -2 3 -3 21   2 8 1 3 4 5 6 7   6.0
1   6   21 -2 21 21 -2 4 -4 21   2 8 1 3 4 5 6 7   6.0
1   6   21 -2 21 21 -2 5 -5 21   2 8 1 3 4 5 6 7   6.0
1   6   21 -2 21 21 -3 3 -2 21   2 8 1 3 4 5 6 7   6.0
1   6   21 -2 21 21 -4 4 -2 21   2 8 1 3 4 5 6 7   6.0
1   6   21 -2 21 21 -5 5 -2 21   2 8 1 3 4 5 6 7   6.0
1   6   21 -3 -1 1 21 21 -3 21   2 8 1 3 4 5 6 7   6.0
1   6   21 -3 -2 2 21 21 -3 21   2 8 1 3 4 5 6 7   6.0
1   6   21 -3 -3 1 21 21 -1 21   2 8 1 3 4 5 6 7   6.0
1   6   21 -3 -3 2 21 21 -2 21   2 8 1 3 4 5 6 7   6.0
1   6   21 -3 -3 4 21 21 -4 21   2 8 1 3 4 5 6 7   6.0
1   6   21 -3 -3 5 21 21 -5 21   2 8 1 3 4 5 6 7   6.0
1   6   21 -3 -4 4 21 21 -3 21   2 8 1 3 4 5 6 7   6.0
1   6   21 -3 -5 5 21 21 -3 21   2 8 1 3 4 5 6 7   6.0
1   6   21 -3 21 -1 1 21 -3 21   2 8 1 3 4 5 6 7   6.0
1   6   21 -3 21 -2 2 21 -3 21   2 8 1 3 4 5 6 7   6.0
1   6   21 -3 21 -3 1 21 -1 21   2 8 1 3 4 5 6 7   6.0
1   6   21 -3 21 -3 2 21 -2 21   2 8 1 3 4 5 6 7   6.0
1   6   21 -3 21 -3 4 21 -4 21   2 8 1 3 4 5 6 7   6.0
1   6   21 -3 21 -3 5 21 -5 21   2 8 1 3 4 5 6 7   6.0
1   6   21 -3 21 -4 4 21 -3 21   2 8 1 3 4 5 6 7   6.0
1   6   21 -3 21 -5 5 21 -3 21   2 8 1 3 4 5 6 7   6.0
1   6   21 -3 21 21 -1 1 -3 21   2 8 1 3 4 5 6 7   6.0
1   6   21 -3 21 21 -2 2 -3 21   2 8 1 3 4 5 6 7   6.0
1   6   21 -3 21 21 -3 1 -1 21   2 8 1 3 4 5 6 7   6.0
1   6   21 -3 21 21 -3 2 -2 21   2 8 1 3 4 5 6 7   6.0
1   6   21 -3 21 21 -3 4 -4 21   2 8 1 3 4 5 6 7   6.0
1   6   21 -3 21 21 -3 5 -5 21   2 8 1 3 4 5 6 7   6.0
1   6   21 -3 21 21 -4 4 -3 21   2 8 1 3 4 5 6 7   6.0
1   6   21 -3 21 21 -5 5 -3 21   2 8 1 3 4 5 6 7   6.0
1   6   21 -4 -1 1 21 21 -4 21   2 8 1 3 4 5 6 7   6.0
1   6   21 -4 -2 2 21 21 -4 21   2 8 1 3 4 5 6 7   6.0
1   6   21 -4 -3 3 21 21 -4 21   2 8 1 3 4 5 6 7   6.0
1   6   21 -4 -4 1 21 21 -1 21   2 8 1 3 4 5 6 7   6.0
1   6   21 -4 -4 2 21 21 -2 21   2 8 1 3 4 5 6 7   6.0
1   6   21 -4 -4 3 21 21 -3 21   2 8 1 3 4 5 6 7   6.0
1   6   21 -4 -4 5 21 21 -5 21   2 8 1 3 4 5 6 7   6.0
1   6   21 -4 -5 5 21 21 -4 21   2 8 1 3 4 5 6 7   6.0
1   6   21 -4 21 -1 1 21 -4 21   2 8 1 3 4 5 6 7   6.0
1   6   21 -4 21 -2 2 21 -4 21   2 8 1 3 4 5 6 7   6.0
1   6   21 -4 21 -3 3 21 -4 21   2 8 1 3 4 5 6 7   6.0
1   6   21 -4 21 -4 1 21 -1 21   2 8 1 3 4 5 6 7   6.0
1   6   21 -4 21 -4 2 21 -2 21   2 8 1 3 4 5 6 7   6.0
1   6   21 -4 21 -4 3 21 -3 21   2 8 1 3 4 5 6 7   6.0
1   6   21 -4 21 -4 5 21 -5 21   2 8 1 3 4 5 6 7   6.0
1   6   21 -4 21 -5 5 21 -4 21   2 8 1 3 4 5 6 7   6.0
1   6   21 -4 21 21 -1 1 -4 21   2 8 1 3 4 5 6 7   6.0
1   6   21 -4 21 21 -2 2 -4 21   2 8 1 3 4 5 6 7   6.0
1   6   21 -4 21 21 -3 3 -4 21   2 8 1 3 4 5 6 7   6.0
1   6   21 -4 21 21 -4 1 -1 21   2 8 1 3 4 5 6 7   6.0
1   6   21 -4 21 21 -4 2 -2 21   2 8 1 3 4 5 6 7   6.0
1   6   21 -4 21 21 -4 3 -3 21   2 8 1 3 4 5 6 7   6.0
1   6   21 -4 21 21 -4 5 -5 21   2 8 1 3 4 5 6 7   6.0
1   6   21 -4 21 21 -5 5 -4 21   2 8 1 3 4 5 6 7   6.0
1   6   21 -5 -1 1 21 21 -5 21   2 8 1 3 4 5 6 7   6.0
1   6   21 -5 -2 2 21 21 -5 21   2 8 1 3 4 5 6 7   6.0
1   6   21 -5 -3 3 21 21 -5 21   2 8 1 3 4 5 6 7   6.0
1   6   21 -5 -4 4 21 21 -5 21   2 8 1 3 4 5 6 7   6.0
1   6   21 -5 -5 1 21 21 -1 21   2 8 1 3 4 5 6 7   6.0
1   6   21 -5 -5 2 21 21 -2 21   2 8 1 3 4 5 6 7   6.0
1   6   21 -5 -5 3 21 21 -3 21   2 8 1 3 4 5 6 7   6.0
1   6   21 -5 -5 4 21 21 -4 21   2 8 1 3 4 5 6 7   6.0
1   6   21 -5 21 -1 1 21 -5 21   2 8 1 3 4 5 6 7   6.0
1   6   21 -5 21 -2 2 21 -5 21   2 8 1 3 4 5 6 7   6.0
1   6   21 -5 21 -3 3 21 -5 21   2 8 1 3 4 5 6 7   6.0
1   6   21 -5 21 -4 4 21 -5 21   2 8 1 3 4 5 6 7   6.0
1   6   21 -5 21 -5 1 21 -1 21   2 8 1 3 4 5 6 7   6.0
1   6   21 -5 21 -5 2 21 -2 21   2 8 1 3 4 5 6 7   6.0
1   6   21 -5 21 -5 3 21 -3 21   2 8 1 3 4 5 6 7   6.0
1   6   21 -5 21 -5 4 21 -4 21   2 8 1 3 4 5 6 7   6.0
1   6   21 -5 21 21 -1 1 -5 21   2 8 1 3 4 5 6 7   6.0
1   6   21 -5 21 21 -2 2 -5 21   2 8 1 3 4 5 6 7   6.0
1   6   21 -5 21 21 -3 3 -5 21   2 8 1 3 4 5 6 7   6.0
1   6   21 -5 21 21 -4 4 -5 21   2 8 1 3 4 5 6 7   6.0
1   6   21 -5 21 21 -5 1 -1 21   2 8 1 3 4 5 6 7   6.0
1   6   21 -5 21 21 -5 2 -2 21   2 8 1 3 4 5 6 7   6.0
1   6   21 -5 21 21 -5 3 -3 21   2 8 1 3 4 5 6 7   6.0
1   6   21 -5 21 21 -5 4 -4 21   2 8 1 3 4 5 6 7   6.0
1   6   21 1 -2 1 21 21 21 2   8 1 3 4 5 6 7 2   6.0
1   6   21 1 -2 2 21 21 21 1   8 1 3 4 5 6 7 2   6.0
1   6   21 1 -3 1 21 21 21 3   8 1 3 4 5 6 7 2   6.0
1   6   21 1 -3 3 21 21 21 1   8 1 3 4 5 6 7 2   6.0
1   6   21 1 -4 1 21 21 21 4   8 1 3 4 5 6 7 2   6.0
1   6   21 1 -4 4 21 21 21 1   8 1 3 4 5 6 7 2   6.0
1   6   21 1 -5 1 21 21 21 5   8 1 3 4 5 6 7 2   6.0
1   6   21 1 -5 5 21 21 21 1   8 1 3 4 5 6 7 2   6.0
1   6   21 1 21 -2 1 21 21 2   8 1 3 4 5 6 7 2   6.0
1   6   21 1 21 -2 2 21 21 1   8 1 3 4 5 6 7 2   6.0
1   6   21 1 21 -3 1 21 21 3   8 1 3 4 5 6 7 2   6.0
1   6   21 1 21 -3 3 21 21 1   8 1 3 4 5 6 7 2   6.0
1   6   21 1 21 -4 1 21 21 4   8 1 3 4 5 6 7 2   6.0
1   6   21 1 21 -4 4 21 21 1   8 1 3 4 5 6 7 2   6.0
1   6   21 1 21 -5 1 21 21 5   8 1 3 4 5 6 7 2   6.0
1   6   21 1 21 -5 5 21 21 1   8 1 3 4 5 6 7 2   6.0
1   6   21 1 21 21 -2 1 21 2   8 1 3 4 5 6 7 2   6.0
1   6   21 1 21 21 -2 2 21 1   8 1 3 4 5 6 7 2   6.0
1   6   21 1 21 21 -3 1 21 3   8 1 3 4 5 6 7 2   6.0
1   6   21 1 21 21 -3 3 21 1   8 1 3 4 5 6 7 2   6.0
1   6   21 1 21 21 -4 1 21 4   8 1 3 4 5 6 7 2   6.0
1   6   21 1 21 21 -4 4 21 1   8 1 3 4 5 6 7 2   6.0
1   6   21 1 21 21 -5 1 21 5   8 1 3 4 5 6 7 2   6.0
1   6   21 1 21 21 -5 5 21 1   8 1 3 4 5 6 7 2   6.0
1   6   21 1 21 21 21 -2 1 2   8 1 3 4 5 6 7 2   6.0
1   6   21 1 21 21 21 -2 2 1   8 1 3 4 5 6 7 2   6.0
1   6   21 1 21 21 21 -3 1 3   8 1 3 4 5 6 7 2   6.0
1   6   21 1 21 21 21 -3 3 1   8 1 3 4 5 6 7 2   6.0
1   6   21 1 21 21 21 -4 1 4   8 1 3 4 5 6 7 2   6.0
1   6   21 1 21 21 21 -4 4 1   8 1 3 4 5 6 7 2   6.0
1   6   21 1 21 21 21 -5 1 5   8 1 3 4 5 6 7 2   6.0
1   6   21 1 21 21 21 -5 5 1   8 1 3 4 5 6 7 2   6.0
1   6   21 2 -1 1 21 21 21 2   8 1 3 4 5 6 7 2   6.0
1   6   21 2 -1 2 21 21 21 1   8 1 3 4 5 6 7 2   6.0
1   6   21 2 -3 2 21 21 21 3   8 1 3 4 5 6 7 2   6.0
1   6   21 2 -3 3 21 21 21 2   8 1 3 4 5 6 7 2   6.0
1   6   21 2 -4 2 21 21 21 4   8 1 3 4 5 6 7 2   6.0
1   6   21 2 -4 4 21 21 21 2   8 1 3 4 5 6 7 2   6.0
1   6   21 2 -5 2 21 21 21 5   8 1 3 4 5 6 7 2   6.0
1   6   21 2 -5 5 21 21 21 2   8 1 3 4 5 6 7 2   6.0
1   6   21 2 21 -1 1 21 21 2   8 1 3 4 5 6 7 2   6.0
1   6   21 2 21 -1 2 21 21 1   8 1 3 4 5 6 7 2   6.0
1   6   21 2 21 -3 2 21 21 3   8 1 3 4 5 6 7 2   6.0
1   6   21 2 21 -3 3 21 21 2   8 1 3 4 5 6 7 2   6.0
1   6   21 2 21 -4 2 21 21 4   8 1 3 4 5 6 7 2   6.0
1   6   21 2 21 -4 4 21 21 2   8 1 3 4 5 6 7 2   6.0
1   6   21 2 21 -5 2 21 21 5   8 1 3 4 5 6 7 2   6.0
1   6   21 2 21 -5 5 21 21 2   8 1 3 4 5 6 7 2   6.0
1   6   21 2 21 21 -1 1 21 2   8 1 3 4 5 6 7 2   6.0
1   6   21 2 21 21 -1 2 21 1   8 1 3 4 5 6 7 2   6.0
1   6   21 2 21 21 -3 2 21 3   8 1 3 4 5 6 7 2   6.0
1   6   21 2 21 21 -3 3 21 2   8 1 3 4 5 6 7 2   6.0
1   6   21 2 21 21 -4 2 21 4   8 1 3 4 5 6 7 2   6.0
1   6   21 2 21 21 -4 4 21 2   8 1 3 4 5 6 7 2   6.0
1   6   21 2 21 21 -5 2 21 5   8 1 3 4 5 6 7 2   6.0
1   6   21 2 21 21 -5 5 21 2   8 1 3 4 5 6 7 2   6.0
1   6   21 2 21 21 21 -1 1 2   8 1 3 4 5 6 7 2   6.0
1   6   21 2 21 21 21 -1 2 1   8 1 3 4 5 6 7 2   6.0
1   6   21 2 21 21 21 -3 2 3   8 1 3 4 5 6 7 2   6.0
1   6   21 2 21 21 21 -3 3 2   8 1 3 4 5 6 7 2   6.0
1   6   21 2 21 21 21 -4 2 4   8 1 3 4 5 6 7 2   6.0
1   6   21 2 21 21 21 -4 4 2   8 1 3 4 5 6 7 2   6.0
1   6   21 2 21 21 21 -5 2 5   8 1 3 4 5 6 7 2   6.0
1   6   21 2 21 21 21 -5 5 2   8 1 3 4 5 6 7 2   6.0
1   6   21 3 -1 1 21 21 21 3   8 1 3 4 5 6 7 2   6.0
1   6   21 3 -1 3 21 21 21 1   8 1 3 4 5 6 7 2   6.0
1   6   21 3 -2 2 21 21 21 3   8 1 3 4 5 6 7 2   6.0
1   6   21 3 -2 3 21 21 21 2   8 1 3 4 5 6 7 2   6.0
1   6   21 3 -4 3 21 21 21 4   8 1 3 4 5 6 7 2   6.0
1   6   21 3 -4 4 21 21 21 3   8 1 3 4 5 6 7 2   6.0
1   6   21 3 -5 3 21 21 21 5   8 1 3 4 5 6 7 2   6.0
1   6   21 3 -5 5 21 21 21 3   8 1 3 4 5 6 7 2   6.0
1   6   21 3 21 -1 1 21 21 3   8 1 3 4 5 6 7 2   6.0
1   6   21 3 21 -1 3 21 21 1   8 1 3 4 5 6 7 2   6.0
1   6   21 3 21 -2 2 21 21 3   8 1 3 4 5 6 7 2   6.0
1   6   21 3 21 -2 3 21 21 2   8 1 3 4 5 6 7 2   6.0
1   6   21 3 21 -4 3 21 21 4   8 1 3 4 5 6 7 2   6.0
1   6   21 3 21 -4 4 21 21 3   8 1 3 4 5 6 7 2   6.0
1   6   21 3 21 -5 3 21 21 5   8 1 3 4 5 6 7 2   6.0
1   6   21 3 21 -5 5 21 21 3   8 1 3 4 5 6 7 2   6.0
1   6   21 3 21 21 -1 1 21 3   8 1 3 4 5 6 7 2   6.0
1   6   21 3 21 21 -1 3 21 1   8 1 3 4 5 6 7 2   6.0
1   6   21 3 21 21 -2 2 21 3   8 1 3 4 5 6 7 2   6.0
1   6   21 3 21 21 -2 3 21 2   8 1 3 4 5 6 7 2   6.0
1   6   21 3 21 21 -4 3 21 4   8 1 3 4 5 6 7 2   6.0
1   6   21 3 21 21 -4 4 21 3   8 1 3 4 5 6 7 2   6.0
1   6   21 3 21 21 -5 3 21 5   8 1 3 4 5 6 7 2   6.0
1   6   21 3 21 21 -5 5 21 3   8 1 3 4 5 6 7 2   6.0
1   6   21 3 21 21 21 -1 1 3   8 1 3 4 5 6 7 2   6.0
1   6   21 3 21 21 21 -1 3 1   8 1 3 4 5 6 7 2   6.0
1   6   21 3 21 21 21 -2 2 3   8 1 3 4 5 6 7 2   6.0
1   6   21 3 21 21 21 -2 3 2   8 1 3 4 5 6 7 2   6.0
1   6   21 3 21 21 21 -4 3 4   8 1 3 4 5 6 7 2   6.0
1   6   21 3 21 21 21 -4 4 3   8 1 3 4 5 6 7 2   6.0
1   6   21 3 21 21 21 -5 3 5   8 1 3 4 5 6 7 2   6.0
1   6   21 3 21 21 21 -5 5 3   8 1 3 4 5 6 7 2   6.0
1   6   21 4 -1 1 21 21 21 4   8 1 3 4 5 6 7 2   6.0
1   6   21 4 -1 4 21 21 21 1   8 1 3 4 5 6 7 2   6.0
1   6   21 4 -2 2 21 21 21 4   8 1 3 4 5 6 7 2   6.0
1   6   21 4 -2 4 21 21 21 2   8 1 3 4 5 6 7 2   6.0
1   6   21 4 -3 3 21 21 21 4   8 1 3 4 5 6 7 2   6.0
1   6   21 4 -3 4 21 21 21 3   8 1 3 4 5 6 7 2   6.0
1   6   21 4 -5 4 21 21 21 5   8 1 3 4 5 6 7 2   6.0
1   6   21 4 -5 5 21 21 21 4   8 1 3 4 5 6 7 2   6.0
1   6   21 4 21 -1 1 21 21 4   8 1 3 4 5 6 7 2   6.0
1   6   21 4 21 -1 4 21 21 1   8 1 3 4 5 6 7 2   6.0
1   6   21 4 21 -2 2 21 21 4   8 1 3 4 5 6 7 2   6.0
1   6   21 4 21 -2 4 21 21 2   8 1 3 4 5 6 7 2   6.0
1   6   21 4 21 -3 3 21 21 4   8 1 3 4 5 6 7 2   6.0
1   6   21 4 21 -3 4 21 21 3   8 1 3 4 5 6 7 2   6.0
1   6   21 4 21 -5 4 21 21 5   8 1 3 4 5 6 7 2   6.0
1   6   21 4 21 -5 5 21 21 4   8 1 3 4 5 6 7 2   6.0
1   6   21 4 21 21 -1 1 21 4   8 1 3 4 5 6 7 2   6.0
1   6   21 4 21 21 -1 4 21 1   8 1 3 4 5 6 7 2   6.0
1   6   21 4 21 21 -2 2 21 4   8 1 3 4 5 6 7 2   6.0
1   6   21 4 21 21 -2 4 21 2   8 1 3 4 5 6 7 2   6.0
1   6   21 4 21 21 -3 3 21 4   8 1 3 4 5 6 7 2   6.0
1   6   21 4 21 21 -3 4 21 3   8 1 3 4 5 6 7 2   6.0
1   6   21 4 21 21 -5 4 21 5   8 1 3 4 5 6 7 2   6.0
1   6   21 4 21 21 -5 5 21 4   8 1 3 4 5 6 7 2   6.0
1   6   21 4 21 21 21 -1 1 4   8 1 3 4 5 6 7 2   6.0
1   6   21 4 21 21 21 -1 4 1   8 1 3 4 5 6 7 2   6.0
1   6   21 4 21 21 21 -2 2 4   8 1 3 4 5 6 7 2   6.0
1   6   21 4 21 21 21 -2 4 2   8 1 3 4 5 6 7 2   6.0
1   6   21 4 21 21 21 -3 3 4   8 1 3 4 5 6 7 2   6.0
1   6   21 4 21 21 21 -3 4 3   8 1 3 4 5 6 7 2   6.0
1   6   21 4 21 21 21 -5 4 5   8 1 3 4 5 6 7 2   6.0
1   6   21 4 21 21 21 -5 5 4   8 1 3 4 5 6 7 2   6.0
1   6   21 5 -1 1 21 21 21 5   8 1 3 4 5 6 7 2   6.0
1   6   21 5 -1 5 21 21 21 1   8 1 3 4 5 6 7 2   6.0
1   6   21 5 -2 2 21 21 21 5   8 1 3 4 5 6 7 2   6.0
1   6   21 5 -2 5 21 21 21 2   8 1 3 4 5 6 7 2   6.0
1   6   21 5 -3 3 21 21 21 5   8 1 3 4 5 6 7 2   6.0
1   6   21 5 -3 5 21 21 21 3   8 1 3 4 5 6 7 2   6.0
1   6   21 5 -4 4 21 21 21 5   8 1 3 4 5 6 7 2   6.0
1   6   21 5 -4 5 21 21 21 4   8 1 3 4 5 6 7 2   6.0
1   6   21 5 21 -1 1 21 21 5   8 1 3 4 5 6 7 2   6.0
1   6   21 5 21 -1 5 21 21 1   8 1 3 4 5 6 7 2   6.0
1   6   21 5 21 -2 2 21 21 5   8 1 3 4 5 6 7 2   6.0
1   6   21 5 21 -2 5 21 21 2   8 1 3 4 5 6 7 2   6.0
1   6   21 5 21 -3 3 21 21 5   8 1 3 4 5 6 7 2   6.0
1   6   21 5 21 -3 5 21 21 3   8 1 3 4 5 6 7 2   6.0
1   6   21 5 21 -4 4 21 21 5   8 1 3 4 5 6 7 2   6.0
1   6   21 5 21 -4 5 21 21 4   8 1 3 4 5 6 7 2   6.0
1   6   21 5 21 21 -1 1 21 5   8 1 3 4 5 6 7 2   6.0
1   6   21 5 21 21 -1 5 21 1   8 1 3 4 5 6 7 2   6.0
1   6   21 5 21 21 -2 2 21 5   8 1 3 4 5 6 7 2   6.0
1   6   21 5 21 21 -2 5 21 2   8 1 3 4 5 6 7 2   6.0
1   6   21 5 21 21 -3 3 21 5   8 1 3 4 5 6 7 2   6.0
1   6   21 5 21 21 -3 5 21 3   8 1 3 4 5 6 7 2   6.0
1   6   21 5 21 21 -4 4 21 5   8 1 3 4 5 6 7 2   6.0
1   6   21 5 21 21 -4 5 21 4   8 1 3 4 5 6 7 2   6.0
1   6   21 5 21 21 21 -1 1 5   8 1 3 4 5 6 7 2   6.0
1   6   21 5 21 21 21 -1 5 1   8 1 3 4 5 6 7 2   6.0
1   6   21 5 21 21 21 -2 2 5   8 1 3 4 5 6 7 2   6.0
1   6   21 5 21 21 21 -2 5 2   8 1 3 4 5 6 7 2   6.0
1   6   21 5 21 21 21 -3 3 5   8 1 3 4 5 6 7 2   6.0
1   6   21 5 21 21 21 -3 5 3   8 1 3 4 5 6 7 2   6.0
1   6   21 5 21 21 21 -4 4 5   8 1 3 4 5 6 7 2   6.0
1   6   21 5 21 21 21 -4 5 4   8 1 3 4 5 6 7 2   6.0
1   6   21 21 -1 1 -2 2 21 21   6 7 2 8 1 3 4 5   2.0
1   6   21 21 -1 1 -3 3 21 21   6 7 2 8 1 3 4 5   2.0
1   6   21 21 -1 1 -4 4 21 21   6 7 2 8 1 3 4 5   2.0
1   6   21 21 -1 1 -5 5 21 21   6 7 2 8 1 3 4 5   2.0
1   6   21 21 -1 1 21 -2 2 21   7 2 8 1 3 4 5 6   2.0
1   6   21 21 -1 1 21 -3 3 21   7 2 8 1 3 4 5 6   2.0
1   6   21 21 -1 1 21 -4 4 21   7 2 8 1 3 4 5 6   2.0
1   6   21 21 -1 1 21 -5 5 21   7 2 8 1 3 4 5 6   2.0
1   6   21 21 -1 2 -2 1 21 21   6 7 2 8 1 3 4 5   2.0
1   6   21 21 -1 2 21 -2 1 21   7 2 8 1 3 4 5 6   2.0
1   6   21 21 -1 3 -3 1 21 21   6 7 2 8 1 3 4 5   2.0
1   6   21 21 -1 3 21 -3 1 21   7 2 8 1 3 4 5 6   2.0
1   6   21 21 -1 4 -4 1 21 21   6 7 2 8 1 3 4 5   2.0
1   6   21 21 -1 4 21 -4 1 21   7 2 8 1 3 4 5 6   2.0
1   6   21 21 -1 5 -5 1 21 21   6 7 2 8 1 3 4 5   2.0
1   6   21 21 -1 5 21 -5 1 21   7 2 8 1 3 4 5 6   2.0
1   6   21 21 -2 1 -1 2 21 21   6 7 2 8 1 3 4 5   2.0
1   6   21 21 -2 1 21 -1 2 21   7 2 8 1 3 4 5 6   2.0
1   6   21 21 -2 2 -1 1 21 21   6 7 2 8 1 3 4 5   2.0
1   6   21 21 -2 2 -3 3 21 21   6 7 2 8 1 3 4 5   2.0
1   6   21 21 -2 2 -4 4 21 21   6 7 2 8 1 3 4 5   2.0
1   6   21 21 -2 2 -5 5 21 21   6 7 2 8 1 3 4 5   2.0
1   6   21 21 -2 2 21 -1 1 21   7 2 8 1 3 4 5 6   2.0
1   6   21 21 -2 2 21 -3 3 21   7 2 8 1 3 4 5 6   2.0
1   6   21 21 -2 2 21 -4 4 21   7 2 8 1 3 4 5 6   2.0
1   6   21 21 -2 2 21 -5 5 21   7 2 8 1 3 4 5 6   2.0
1   6   21 21 -2 3 -3 2 21 21   6 7 2 8 1 3 4 5   2.0
1   6   21 21 -2 3 21 -3 2 21   7 2 8 1 3 4 5 6   2.0
1   6   21 21 -2 4 -4 2 21 21   6 7 2 8 1 3 4 5   2.0
1   6   21 21 -2 4 21 -4 2 21   7 2 8 1 3 4 5 6   2.0
1   6   21 21 -2 5 -5 2 21 21   6 7 2 8 1 3 4 5   2.0
1   6   21 21 -2 5 21 -5 2 21   7 2 8 1 3 4 5 6   2.0
1   6   21 21 -3 1 -1 3 21 21   6 7 2 8 1 3 4 5   2.0
1   6   21 21 -3 1 21 -1 3 21   7 2 8 1 3 4 5 6   2.0
1   6   21 21 -3 2 -2 3 21 21   6 7 2 8 1 3 4 5   2.0
1   6   21 21 -3 2 21 -2 3 21   7 2 8 1 3 4 5 6   2.0
1   6   21 21 -3 3 -1 1 21 21   6 7 2 8 1 3 4 5   2.0
1   6   21 21 -3 3 -2 2 21 21   6 7 2 8 1 3 4 5   2.0
1   6   21 21 -3 3 -4 4 21 21   6 7 2 8 1 3 4 5   2.0
1   6   21 21 -3 3 -5 5 21 21   6 7 2 8 1 3 4 5   2.0
1   6   21 21 -3 3 21 -1 1 21   7 2 8 1 3 4 5 6   2.0
1   6   21 21 -3 3 21 -2 2 21   7 2 8 1 3 4 5 6   2.0
1   6   21 21 -3 3 21 -4 4 21   7 2 8 1 3 4 5 6   2.0
1   6   21 21 -3 3 21 -5 5 21   7 2 8 1 3 4 5 6   2.0
1   6   21 21 -3 4 -4 3 21 21   6 7 2 8 1 3 4 5   2.0
1   6   21 21 -3 4 21 -4 3 21   7 2 8 1 3 4 5 6   2.0
1   6   21 21 -3 5 -5 3 21 21   6 7 2 8 1 3 4 5   2.0
1   6   21 21 -3 5 21 -5 3 21   7 2 8 1 3 4 5 6   2.0
1   6   21 21 -4 1 -1 4 21 21   6 7 2 8 1 3 4 5   2.0
1   6   21 21 -4 1 21 -1 4 21   7 2 8 1 3 4 5 6   2.0
1   6   21 21 -4 2 -2 4 21 21   6 7 2 8 1 3 4 5   2.0
1   6   21 21 -4 2 21 -2 4 21   7 2 8 1 3 4 5 6   2.0
1   6   21 21 -4 3 -3 4 21 21   6 7 2 8 1 3 4 5   2.0
1   6   21 21 -4 3 21 -3 4 21   7 2 8 1 3 4 5 6   2.0
1   6   21 21 -4 4 -1 1 21 21   6 7 2 8 1 3 4 5   2.0
1   6   21 21 -4 4 -2 2 21 21   6 7 2 8 1 3 4 5   2.0
1   6   21 21 -4 4 -3 3 21 21   6 7 2 8 1 3 4 5   2.0
1   6   21 21 -4 4 -5 5 21 21   6 7 2 8 1 3 4 5   2.0
1   6   21 21 -4 4 21 -1 1 21   7 2 8 1 3 4 5 6   2.0
1   6   21 21 -4 4 21 -2 2 21   7 2 8 1 3 4 5 6   2.0
1   6   21 21 -4 4 21 -3 3 21   7 2 8 1 3 4 5 6   2.0
1   6   21 21 -4 4 21 -5 5 21   7 2 8 1 3 4 5 6   2.0
1   6   21 21 -4 5 -5 4 21 21   6 7 2 8 1 3 4 5   2.0
1   6   21 21 -4 5 21 -5 4 21   7 2 8 1 3 4 5 6   2.0
1   6   21 21 -5 1 -1 5 21 21   6 7 2 8 1 3 4 5   2.0
1   6   21 21 -5 1 21 -1 5 21   7 2 8 1 3 4 5 6   2.0
1   6   21 21 -5 2 -2 5 21 21   6 7 2 8 1 3 4 5   2.0
1   6   21 21 -5 2 21 -2 5 21   7 2 8 1 3 4 5 6   2.0
1   6   21 21 -5 3 -3 5 21 21   6 7 2 8 1 3 4 5   2.0
1   6   21 21 -5 3 21 -3 5 21   7 2 8 1 3 4 5 6   2.0
1   6   21 21 -5 4 -4 5 21 21   6 7 2 8 1 3 4 5   2.0
1   6   21 21 -5 4 21 -4 5 21   7 2 8 1 3 4 5 6   2.0
1   6   21 21 -5 5 -1 1 21 21   6 7 2 8 1 3 4 5   2.0
1   6   21 21 -5 5 -2 2 21 21   6 7 2 8 1 3 4 5   2.0
1   6   21 21 -5 5 -3 3 21 21   6 7 2 8 1 3 4 5   2.0
1   6   21 21 -5 5 -4 4 21 21   6 7 2 8 1 3 4 5   2.0
1   6   21 21 -5 5 21 -1 1 21   7 2 8 1 3 4 5 6   2.0
1   6   21 21 -5 5 21 -2 2 21   7 2 8 1 3 4 5 6   2.0
1   6   21 21 -5 5 21 -3 3 21   7 2 8 1 3 4 5 6   2.0
1   6   21 21 -5 5 21 -4 4 21   7 2 8 1 3 4 5 6   2.0
1   6   21 21 21 -1 1 -2 2 21   7 2 8 1 3 4 5 6   2.0
1   6   21 21 21 -1 1 -3 3 21   7 2 8 1 3 4 5 6   2.0
1   6   21 21 21 -1 1 -4 4 21   7 2 8 1 3 4 5 6   2.0
1   6   21 21 21 -1 1 -5 5 21   7 2 8 1 3 4 5 6   2.0
1   6   21 21 21 -1 2 -2 1 21   7 2 8 1 3 4 5 6   2.0
1   6   21 21 21 -1 3 -3 1 21   7 2 8 1 3 4 5 6   2.0
1   6   21 21 21 -1 4 -4 1 21   7 2 8 1 3 4 5 6   2.0
1   6   21 21 21 -1 5 -5 1 21   7 2 8 1 3 4 5 6   2.0
1   6   21 21 21 -2 1 -1 2 21   7 2 8 1 3 4 5 6   2.0
1   6   21 21 21 -2 2 -1 1 21   7 2 8 1 3 4 5 6   2.0
1   6   21 21 21 -2 2 -3 3 21   7 2 8 1 3 4 5 6   2.0
1   6   21 21 21 -2 2 -4 4 21   7 2 8 1 3 4 5 6   2.0
1   6   21 21 21 -2 2 -5 5 21   7 2 8 1 3 4 5 6   2.0
1   6   21 21 21 -2 3 -3 2 21   7 2 8 1 3 4 5 6   2.0
1   6   21 21 21 -2 4 -4 2 21   7 2 8 1 3 4 5 6   2.0
1   6   21 21 21 -2 5 -5 2 21   7 2 8 1 3 4 5 6   2.0
1   6   21 21 21 -3 1 -1 3 21   7 2 8 1 3 4 5 6   2.0
1   6   21 21 21 -3 2 -2 3 21   7 2 8 1 3 4 5 6   2.0
1   6   21 21 21 -3 3 -1 1 21   7 2 8 1 3 4 5 6   2.0
1   6   21 21 21 -3 3 -2 2 21   7 2 8 1 3 4 5 6   2.0
1   6   21 21 21 -3 3 -4 4 21   7 2 8 1 3 4 5 6   2.0
1   6   21 21 21 -3 3 -5 5 21   7 2 8 1 3 4 5 6   2.0
1   6   21 21 21 -3 4 -4 3 21   7 2 8 1 3 4 5 6   2.0
1   6   21 21 21 -3 5 -5 3 21   7 2 8 1 3 4 5 6   2.0
1   6   21 21 21 -4 1 -1 4 21   7 2 8 1 3 4 5 6   2.0
1   6   21 21 21 -4 2 -2 4 21   7 2 8 1 3 4 5 6   2.0
1   6   21 21 21 -4 3 -3 4 21   7 2 8 1 3 4 5 6   2.0
1   6   21 21 21 -4 4 -1 1 21   7 2 8 1 3 4 5 6   2.0
1   6   21 21 21 -4 4 -2 2 21   7 2 8 1 3 4 5 6   2.0
1   6   21 21 21 -4 4 -3 3 21   7 2 8 1 3 4 5 6   2.0
1   6   21 21 21 -4 4 -5 5 21   7 2 8 1 3 4 5 6   2.0
1   6   21 21 21 -4 5 -5 4 21   7 2 8 1 3 4 5 6   2.0
1   6   21 21 21 -5 1 -1 5 21   7 2 8 1 3 4 5 6   2.0
1   6   21 21 21 -5 2 -2 5 21   7 2 8 1 3 4 5 6   2.0
1   6   21 21 21 -5 3 -3 5 21   7 2 8 1 3 4 5 6   2.0
1   6   21 21 21 -5 4 -4 5 21   7 2 8 1 3 4 5 6   2.0
1   6   21 21 21 -5 5 -1 1 21   7 2 8 1 3 4 5 6   2.0
1   6   21 21 21 -5 5 -2 2 21   7 2 8 1 3 4 5 6   2.0
1   6   21 21 21 -5 5 -3 3 21   7 2 8 1 3 4 5 6   2.0
1   6   21 21 21 -5 5 -4 4 21   7 2 8 1 3 4 5 6   2.0
1   6   -1 -1 21 21 21 21 -1 -1   1 3 4 5 6 7 2 8   48.0
1   6   -1 21 -1 1 21 21 21 -1   1 3 4 5 6 7 2 8   12.0
1   6   -1 21 21 -1 1 21 21 -1   1 3 4 5 6 7 2 8   12.0
1   6   -1 21 21 21 -1 1 21 -1   1 3 4 5 6 7 2 8   12.0
1   6   -1 21 21 21 21 -1 1 -1   1 3 4 5 6 7 2 8   12.0
1   6   -2 -2 21 21 21 21 -2 -2   1 3 4 5 6 7 2 8   48.0
1   6   -2 21 -2 2 21 21 21 -2   1 3 4 5 6 7 2 8   12.0
1   6   -2 21 21 -2 2 21 21 -2   1 3 4 5 6 7 2 8   12.0
1   6   -2 21 21 21 -2 2 21 -2   1 3 4 5 6 7 2 8   12.0
1   6   -2 21 21 21 21 -2 2 -2   1 3 4 5 6 7 2 8   12.0
1   6   -3 -3 21 21 21 21 -3 -3   1 3 4 5 6 7 2 8   48.0
1   6   -3 21 -3 3 21 21 21 -3   1 3 4 5 6 7 2 8   12.0
1   6   -3 21 21 -3 3 21 21 -3   1 3 4 5 6 7 2 8   12.0
1   6   -3 21 21 21 -3 3 21 -3   1 3 4 5 6 7 2 8   12.0
1   6   -3 21 21 21 21 -3 3 -3   1 3 4 5 6 7 2 8   12.0
1   6   -4 -4 21 21 21 21 -4 -4   1 3 4 5 6 7 2 8   48.0
1   6   -4 21 -4 4 21 21 21 -4   1 3 4 5 6 7 2 8   12.0
1   6   -4 21 21 -4 4 21 21 -4   1 3 4 5 6 7 2 8   12.0
1   6   -4 21 21 21 -4 4 21 -4   1 3 4 5 6 7 2 8   12.0
1   6   -4 21 21 21 21 -4 4 -4   1 3 4 5 6 7 2 8   12.0
1   6   -5 -5 21 21 21 21 -5 -5   1 3 4 5 6 7 2 8   48.0
1   6   -5 21 -5 5 21 21 21 -5   1 3 4 5 6 7 2 8   12.0
1   6   -5 21 21 -5 5 21 21 -5   1 3 4 5 6 7 2 8   12.0
1   6   -5 21 21 21 -5 5 21 -5   1 3 4 5 6 7 2 8   12.0
1   6   -5 21 21 21 21 -5 5 -5   1 3 4 5 6 7 2 8   12.0
1   6   1 -1 1 21 21 21 -1 21   2 8 1 3 4 5 6 7   24.0
1   6   1 1 1 21 21 21 21 1   8 1 3 4 5 6 7 2   48.0
1   6   1 21 1 -1 1 21 21 21   5 6 7 2 8 1 3 4   12.0
1   6   1 21 1 21 -1 1 21 21   6 7 2 8 1 3 4 5   12.0
1   6   1 21 1 21 21 -1 1 21   7 2 8 1 3 4 5 6   12.0
1   6   2 -2 2 21 21 21 -2 21   2 8 1 3 4 5 6 7   24.0
1   6   2 2 2 21 21 21 21 2   8 1 3 4 5 6 7 2   48.0
1   6   2 21 2 -2 2 21 21 21   5 6 7 2 8 1 3 4   12.0
1   6   2 21 2 21 -2 2 21 21   6 7 2 8 1 3 4 5   12.0
1   6   2 21 2 21 21 -2 2 21   7 2 8 1 3 4 5 6   12.0
1   6   3 -3 3 21 21 21 -3 21   2 8 1 3 4 5 6 7   24.0
1   6   3 3 3 21 21 21 21 3   8 1 3 4 5 6 7 2   48.0
1   6   3 21 3 -3 3 21 21 21   5 6 7 2 8 1 3 4   12.0
1   6   3 21 3 21 -3 3 21 21   6 7 2 8 1 3 4 5   12.0
1   6   3 21 3 21 21 -3 3 21   7 2 8 1 3 4 5 6   12.0
1   6   4 -4 4 21 21 21 -4 21   2 8 1 3 4 5 6 7   24.0
1   6   4 4 4 21 21 21 21 4   8 1 3 4 5 6 7 2   48.0
1   6   4 21 4 -4 4 21 21 21   5 6 7 2 8 1 3 4   12.0
1   6   4 21 4 21 -4 4 21 21   6 7 2 8 1 3 4 5   12.0
1   6   4 21 4 21 21 -4 4 21   7 2 8 1 3 4 5 6   12.0
1   6   5 -5 5 21 21 21 -5 21   2 8 1 3 4 5 6 7   24.0
1   6   5 5 5 21 21 21 21 5   8 1 3 4 5 6 7 2   48.0
1   6   5 21 5 -5 5 21 21 21   5 6 7 2 8 1 3 4   12.0
1   6   5 21 5 21 -5 5 21 21   6 7 2 8 1 3 4 5   12.0
1   6   5 21 5 21 21 -5 5 21   7 2 8 1 3 4 5 6   12.0
1   6   21 -1 -1 1 21 21 -1 21   2 8 1 3 4 5 6 7   12.0
1   6   21 -1 21 -1 1 21 -1 21   2 8 1 3 4 5 6 7   12.0
1   6   21 -1 21 21 -1 1 -1 21   2 8 1 3 4 5 6 7   12.0
1   6   21 -2 -2 2 21 21 -2 21   2 8 1 3 4 5 6 7   12.0
1   6   21 -2 21 -2 2 21 -2 21   2 8 1 3 4 5 6 7   12.0
1   6   21 -2 21 21 -2 2 -2 21   2 8 1 3 4 5 6 7   12.0
1   6   21 -3 -3 3 21 21 -3 21   2 8 1 3 4 5 6 7   12.0
1   6   21 -3 21 -3 3 21 -3 21   2 8 1 3 4 5 6 7   12.0
1   6   21 -3 21 21 -3 3 -3 21   2 8 1 3 4 5 6 7   12.0
1   6   21 -4 -4 4 21 21 -4 21   2 8 1 3 4 5 6 7   12.0
1   6   21 -4 21 -4 4 21 -4 21   2 8 1 3 4 5 6 7   12.0
1   6   21 -4 21 21 -4 4 -4 21   2 8 1 3 4 5 6 7   12.0
1   6   21 -5 -5 5 21 21 -5 21   2 8 1 3 4 5 6 7   12.0
1   6   21 -5 21 -5 5 21 -5 21   2 8 1 3 4 5 6 7   12.0
1   6   21 -5 21 21 -5 5 -5 21   2 8 1 3 4 5 6 7   12.0
1   6   21 1 -1 1 21 21 21 1   8 1 3 4 5 6 7 2   12.0
1   6   21 1 21 -1 1 21 21 1   8 1 3 4 5 6 7 2   12.0
1   6   21 1 21 21 -1 1 21 1   8 1 3 4 5 6 7 2   12.0
1   6   21 1 21 21 21 -1 1 1   8 1 3 4 5 6 7 2   12.0
1   6   21 2 -2 2 21 21 21 2   8 1 3 4 5 6 7 2   12.0
1   6   21 2 21 -2 2 21 21 2   8 1 3 4 5 6 7 2   12.0
1   6   21 2 21 21 -2 2 21 2   8 1 3 4 5 6 7 2   12.0
1   6   21 2 21 21 21 -2 2 2   8 1 3 4 5 6 7 2   12.0
1   6   21 3 -3 3 21 21 21 3   8 1 3 4 5 6 7 2   12.0
1   6   21 3 21 -3 3 21 21 3   8 1 3 4 5 6 7 2   12.0
1   6   21 3 21 21 -3 3 21 3   8 1 3 4 5 6 7 2   12.0
1   6   21 3 21 21 21 -3 3 3   8 1 3 4 5 6 7 2   12.0
1   6   21 4 -4 4 21 21 21 4   8 1 3 4 5 6 7 2   12.0
1   6   21 4 21 -4 4 21 21 4   8 1 3 4 5 6 7 2   12.0
1   6   21 4 21 21 -4 4 21 4   8 1 3 4 5 6 7 2   12.0
1   6   21 4 21 21 21 -4 4 4   8 1 3 4 5 6 7 2   12.0
1   6   21 5 -5 5 21 21 21 5   8 1 3 4 5 6 7 2   12.0
1   6   21 5 21 -5 5 21 21 5   8 1 3 4 5 6 7 2   12.0
1   6   21 5 21 21 -5 5 21 5   8 1 3 4 5 6 7 2   12.0
1   6   21 5 21 21 21 -5 5 5   8 1 3 4 5 6 7 2   12.0
1   6   21 21 -1 1 -1 1 21 21   6 7 2 8 1 3 4 5   8.0
1   6   21 21 -1 1 21 -1 1 21   7 2 8 1 3 4 5 6   8.0
1   6   21 21 -2 2 -2 2 21 21   6 7 2 8 1 3 4 5   8.0
1   6   21 21 -2 2 21 -2 2 21   7 2 8 1 3 4 5 6   8.0
1   6   21 21 -3 3 -3 3 21 21   6 7 2 8 1 3 4 5   8.0
1   6   21 21 -3 3 21 -3 3 21   7 2 8 1 3 4 5 6   8.0
1   6   21 21 -4 4 -4 4 21 21   6 7 2 8 1 3 4 5   8.0
1   6   21 21 -4 4 21 -4 4 21   7 2 8 1 3 4 5 6   8.0
1   6   21 21 -5 5 -5 5 21 21   6 7 2 8 1 3 4 5   8.0
1   6   21 21 -5 5 21 -5 5 21   7 2 8 1 3 4 5 6   8.0
1   6   21 21 21 -1 1 -1 1 21   7 2 8 1 3 4 5 6   8.0
1   6   21 21 21 -2 2 -2 2 21   7 2 8 1 3 4 5 6   8.0
1   6   21 21 21 -3 3 -3 3 21   7 2 8 1 3 4 5 6   8.0
1   6   21 21 21 -4 4 -4 4 21   7 2 8 1 3 4 5 6   8.0
1   6   21 21 21 -5 5 -5 5 21   7 2 8 1 3 4 5 6   8.0



7   941   1   1 3 4 5 6 7 8 2
1   7   21 21 21 21 21 21 21 21   1 3 4 5 6 7 8 2   720.0
1   7   -1 1 21 21 21 21 21 21   1 3 4 5 6 7 8 2   720.0
1   7   -2 2 21 21 21 21 21 21   1 3 4 5 6 7 8 2   720.0
1   7   -3 3 21 21 21 21 21 21   1 3 4 5 6 7 8 2   720.0
1   7   -4 4 21 21 21 21 21 21   1 3 4 5 6 7 8 2   720.0
1   7   -5 5 21 21 21 21 21 21   1 3 4 5 6 7 8 2   720.0
1   7   1 21 1 21 21 21 21 21   3 4 5 6 7 8 2 1   120.0
1   7   2 21 2 21 21 21 21 21   3 4 5 6 7 8 2 1   120.0
1   7   3 21 3 21 21 21 21 21   3 4 5 6 7 8 2 1   120.0
1   7   4 21 4 21 21 21 21 21   3 4 5 6 7 8 2 1   120.0
1   7   5 21 5 21 21 21 21 21   3 4 5 6 7 8 2 1   120.0
1   7   21 -1 21 21 21 21 21 -1   2 1 3 4 5 6 7 8   120.0
1   7   21 -2 21 21 21 21 21 -2   2 1 3 4 5 6 7 8   120.0
1   7   21 -3 21 21 21 21 21 -3   2 1 3 4 5 6 7 8   120.0
1   7   21 -4 21 21 21 21 21 -4   2 1 3 4 5 6 7 8   120.0
1   7   21 -5 21 21 21 21 21 -5   2 1 3 4 5 6 7 8   120.0
1   7   21 21 -1 1 21 21 21 21   4 5 6 7 8 2 1 3   24.0
1   7   21 21 -2 2 21 21 21 21   4 5 6 7 8 2 1 3   24.0
1   7   21 21 -3 3 21 21 21 21   4 5 6 7 8 2 1 3   24.0
1   7   21 21 -4 4 21 21 21 21   4 5 6 7 8 2 1 3   24.0
1   7   21 21 -5 5 21 21 21 21   4 5 6 7 8 2 1 3   24.0
1   7   21 21 21 -1 1 21 21 21   5 6 7 8 2 1 3 4   24.0
1   7   21 21 21 -2 2 21 21 21   5 6 7 8 2 1 3 4   24.0
1   7   21 21 21 -3 3 21 21 21   5 6 7 8 2 1 3 4   24.0
1   7   21 21 21 -4 4 21 21 21   5 6 7 8 2 1 3 4   24.0
1   7   21 21 21 -5 5 21 21 21   5 6 7 8 2 1 3 4   24.0
1   7   21 21 21 21 -1 1 21 21   6 7 8 2 1 3 4 5   24.0
1   7   21 21 21 21 -2 2 21 21   6 7 8 2 1 3 4 5   24.0
1   7   21 21 21 21 -3 3 21 21   6 7 8 2 1 3 4 5   24.0
1   7   21 21 21 21 -4 4 21 21   6 7 8 2 1 3 4 5   24.0
1   7   21 21 21 21 -5 5 21 21   6 7 8 2 1 3 4 5   24.0
1   7   21 21 21 21 21 -1 1 21   7 8 2 1 3 4 5 6   24.0
1   7   21 21 21 21 21 -2 2 21   7 8 2 1 3 4 5 6   24.0
1   7   21 21 21 21 21 -3 3 21   7 8 2 1 3 4 5 6   24.0
1   7   21 21 21 21 21 -4 4 21   7 8 2 1 3 4 5 6   24.0
1   7   21 21 21 21 21 -5 5 21   7 8 2 1 3 4 5 6   24.0
1   7   21 21 21 21 21 21 -1 1   8 2 1 3 4 5 6 7   24.0
1   7   21 21 21 21 21 21 -2 2   8 2 1 3 4 5 6 7   24.0
1   7   21 21 21 21 21 21 -3 3   8 2 1 3 4 5 6 7   24.0
1   7   21 21 21 21 21 21 -4 4   8 2 1 3 4 5 6 7   24.0
1   7   21 21 21 21 21 21 -5 5   8 2 1 3 4 5 6 7   24.0
1   7   -1 1 -2 2 21 21 21 21   1 3 4 5 6 7 8 2   24.0
1   7   -1 1 -3 3 21 21 21 21   1 3 4 5 6 7 8 2   24.0
1   7   -1 1 -4 4 21 21 21 21   1 3 4 5 6 7 8 2   24.0
1   7   -1 1 -5 5 21 21 21 21   1 3 4 5 6 7 8 2   24.0
1   7   -1 1 21 -2 2 21 21 21   1 3 4 5 6 7 8 2   24.0
1   7   -1 1 21 -3 3 21 21 21   1 3 4 5 6 7 8 2   24.0
1   7   -1 1 21 -4 4 21 21 21   1 3 4 5 6 7 8 2   24.0
1   7   -1 1 21 -5 5 21 21 21   1 3 4 5 6 7 8 2   24.0
1   7   -1 1 21 21 -2 2 21 21   1 3 4 5 6 7 8 2   24.0
1   7   -1 1 21 21 -3 3 21 21   1 3 4 5 6 7 8 2   24.0
1   7   -1 1 21 21 -4 4 21 21   1 3 4 5 6 7 8 2   24.0
1   7   -1 1 21 21 -5 5 21 21   1 3 4 5 6 7 8 2   24.0
1   7   -1 1 21 21 21 -2 2 21   1 3 4 5 6 7 8 2   24.0
1   7   -1 1 21 21 21 -3 3 21   1 3 4 5 6 7 8 2   24.0
1   7   -1 1 21 21 21 -4 4 21   1 3 4 5 6 7 8 2   24.0
1   7   -1 1 21 21 21 -5 5 21   1 3 4 5 6 7 8 2   24.0
1   7   -1 1 21 21 21 21 -2 2   1 3 4 5 6 7 8 2   24.0
1   7   -1 1 21 21 21 21 -3 3   1 3 4 5 6 7 8 2   24.0
1   7   -1 1 21 21 21 21 -4 4   1 3 4 5 6 7 8 2   24.0
1   7   -1 1 21 21 21 21 -5 5   1 3 4 5 6 7 8 2   24.0
1   7   -1 2 -1 2 21 21 21 21   1 3 4 5 6 7 8 2   24.0
1   7   -1 2 21 -1 2 21 21 21   1 3 4 5 6 7 8 2   24.0
1   7   -1 2 21 21 -1 2 21 21   1 3 4 5 6 7 8 2   24.0
1   7   -1 2 21 21 21 -1 2 21   1 3 4 5 6 7 8 2   24.0
1   7   -1 2 21 21 21 21 -1 2   1 3 4 5 6 7 8 2   24.0
1   7   -1 3 -1 3 21 21 21 21   1 3 4 5 6 7 8 2   24.0
1   7   -1 3 21 -1 3 21 21 21   1 3 4 5 6 7 8 2   24.0
1   7   -1 3 21 21 -1 3 21 21   1 3 4 5 6 7 8 2   24.0
1   7   -1 3 21 21 21 -1 3 21   1 3 4 5 6 7 8 2   24.0
1   7   -1 3 21 21 21 21 -1 3   1 3 4 5 6 7 8 2   24.0
1   7   -1 4 -1 4 21 21 21 21   1 3 4 5 6 7 8 2   24.0
1   7   -1 4 21 -1 4 21 21 21   1 3 4 5 6 7 8 2   24.0
1   7   -1 4 21 21 -1 4 21 21   1 3 4 5 6 7 8 2   24.0
1   7   -1 4 21 21 21 -1 4 21   1 3 4 5 6 7 8 2   24.0
1   7   -1 4 21 21 21 21 -1 4   1 3 4 5 6 7 8 2   24.0
1   7   -1 5 -1 5 21 21 21 21   1 3 4 5 6 7 8 2   24.0
1   7   -1 5 21 -1 5 21 21 21   1 3 4 5 6 7 8 2   24.0
1   7   -1 5 21 21 -1 5 21 21   1 3 4 5 6 7 8 2   24.0
1   7   -1 5 21 21 21 -1 5 21   1 3 4 5 6 7 8 2   24.0
1   7   -1 5 21 21 21 21 -1 5   1 3 4 5 6 7 8 2   24.0
1   7   -2 1 -2 1 21 21 21 21   1 3 4 5 6 7 8 2   24.0
1   7   -2 1 21 -2 1 21 21 21   1 3 4 5 6 7 8 2   24.0
1   7   -2 1 21 21 -2 1 21 21   1 3 4 5 6 7 8 2   24.0
1   7   -2 1 21 21 21 -2 1 21   1 3 4 5 6 7 8 2   24.0
1   7   -2 1 21 21 21 21 -2 1   1 3 4 5 6 7 8 2   24.0
1   7   -2 2 -1 1 21 21 21 21   1 3 4 5 6 7 8 2   24.0
1   7   -2 2 -3 3 21 21 21 21   1 3 4 5 6 7 8 2   24.0
1   7   -2 2 -4 4 21 21 21 21   1 3 4 5 6 7 8 2   24.0
1   7   -2 2 -5 5 21 21 21 21   1 3 4 5 6 7 8 2   24.0
1   7   -2 2 21 -1 1 21 21 21   1 3 4 5 6 7 8 2   24.0
1   7   -2 2 21 -3 3 21 21 21   1 3 4 5 6 7 8 2   24.0
1   7   -2 2 21 -4 4 21 21 21   1 3 4 5 6 7 8 2   24.0
1   7   -2 2 21 -5 5 21 21 21   1 3 4 5 6 7 8 2   24.0
1   7   -2 2 21 21 -1 1 21 21   1 3 4 5 6 7 8 2   24.0
1   7   -2 2 21 21 -3 3 21 21   1 3 4 5 6 7 8 2   24.0
1   7   -2 2 21 21 -4 4 21 21   1 3 4 5 6 7 8 2   24.0
1   7   -2 2 21 21 -5 5 21 21   1 3 4 5 6 7 8 2   24.0
1   7   -2 2 21 21 21 -1 1 21   1 3 4 5 6 7 8 2   24.0
1   7   -2 2 21 21 21 -3 3 21   1 3 4 5 6 7 8 2   24.0
1   7   -2 2 21 21 21 -4 4 21   1 3 4 5 6 7 8 2   24.0
1   7   -2 2 21 21 21 -5 5 21   1 3 4 5 6 7 8 2   24.0
1   7   -2 2 21 21 21 21 -1 1   1 3 4 5 6 7 8 2   24.0
1   7   -2 2 21 21 21 21 -3 3   1 3 4 5 6 7 8 2   24.0
1   7   -2 2 21 21 21 21 -4 4   1 3 4 5 6 7 8 2   24.0
1   7   -2 2 21 21 21 21 -5 5   1 3 4 5 6 7 8 2   24.0
1   7   -2 3 -2 3 21 21 21 21   1 3 4 5 6 7 8 2   24.0
1   7   -2 3 21 -2 3 21 21 21   1 3 4 5 6 7 8 2   24.0
1   7   -2 3 21 21 -2 3 21 21   1 3 4 5 6 7 8 2   24.0
1   7   -2 3 21 21 21 -2 3 21   1 3 4 5 6 7 8 2   24.0
1   7   -2 3 21 21 21 21 -2 3   1 3 4 5 6 7 8 2   24.0
1   7   -2 4 -2 4 21 21 21 21   1 3 4 5 6 7 8 2   24.0
1   7   -2 4 21 -2 4 21 21 21   1 3 4 5 6 7 8 2   24.0
1   7   -2 4 21 21 -2 4 21 21   1 3 4 5 6 7 8 2   24.0
1   7   -2 4 21 21 21 -2 4 21   1 3 4 5 6 7 8 2   24.0
1   7   -2 4 21 21 21 21 -2 4   1 3 4 5 6 7 8 2   24.0
1   7   -2 5 -2 5 21 21 21 21   1 3 4 5 6 7 8 2   24.0
1   7   -2 5 21 -2 5 21 21 21   1 3 4 5 6 7 8 2   24.0
1   7   -2 5 21 21 -2 5 21 21   1 3 4 5 6 7 8 2   24.0
1   7   -2 5 21 21 21 -2 5 21   1 3 4 5 6 7 8 2   24.0
1   7   -2 5 21 21 21 21 -2 5   1 3 4 5 6 7 8 2   24.0
1   7   -3 1 -3 1 21 21 21 21   1 3 4 5 6 7 8 2   24.0
1   7   -3 1 21 -3 1 21 21 21   1 3 4 5 6 7 8 2   24.0
1   7   -3 1 21 21 -3 1 21 21   1 3 4 5 6 7 8 2   24.0
1   7   -3 1 21 21 21 -3 1 21   1 3 4 5 6 7 8 2   24.0
1   7   -3 1 21 21 21 21 -3 1   1 3 4 5 6 7 8 2   24.0
1   7   -3 2 -3 2 21 21 21 21   1 3 4 5 6 7 8 2   24.0
1   7   -3 2 21 -3 2 21 21 21   1 3 4 5 6 7 8 2   24.0
1   7   -3 2 21 21 -3 2 21 21   1 3 4 5 6 7 8 2   24.0
1   7   -3 2 21 21 21 -3 2 21   1 3 4 5 6 7 8 2   24.0
1   7   -3 2 21 21 21 21 -3 2   1 3 4 5 6 7 8 2   24.0
1   7   -3 3 -1 1 21 21 21 21   1 3 4 5 6 7 8 2   24.0
1   7   -3 3 -2 2 21 21 21 21   1 3 4 5 6 7 8 2   24.0
1   7   -3 3 -4 4 21 21 21 21   1 3 4 5 6 7 8 2   24.0
1   7   -3 3 -5 5 21 21 21 21   1 3 4 5 6 7 8 2   24.0
1   7   -3 3 21 -1 1 21 21 21   1 3 4 5 6 7 8 2   24.0
1   7   -3 3 21 -2 2 21 21 21   1 3 4 5 6 7 8 2   24.0
1   7   -3 3 21 -4 4 21 21 21   1 3 4 5 6 7 8 2   24.0
1   7   -3 3 21 -5 5 21 21 21   1 3 4 5 6 7 8 2   24.0
1   7   -3 3 21 21 -1 1 21 21   1 3 4 5 6 7 8 2   24.0
1   7   -3 3 21 21 -2 2 21 21   1 3 4 5 6 7 8 2   24.0
1   7   -3 3 21 21 -4 4 21 21   1 3 4 5 6 7 8 2   24.0
1   7   -3 3 21 21 -5 5 21 21   1 3 4 5 6 7 8 2   24.0
1   7   -3 3 21 21 21 -1 1 21   1 3 4 5 6 7 8 2   24.0
1   7   -3 3 21 21 21 -2 2 21   1 3 4 5 6 7 8 2   24.0
1   7   -3 3 21 21 21 -4 4 21   1 3 4 5 6 7 8 2   24.0
1   7   -3 3 21 21 21 -5 5 21   1 3 4 5 6 7 8 2   24.0
1   7   -3 3 21 21 21 21 -1 1   1 3 4 5 6 7 8 2   24.0
1   7   -3 3 21 21 21 21 -2 2   1 3 4 5 6 7 8 2   24.0
1   7   -3 3 21 21 21 21 -4 4   1 3 4 5 6 7 8 2   24.0
1   7   -3 3 21 21 21 21 -5 5   1 3 4 5 6 7 8 2   24.0
1   7   -3 4 -3 4 21 21 21 21   1 3 4 5 6 7 8 2   24.0
1   7   -3 4 21 -3 4 21 21 21   1 3 4 5 6 7 8 2   24.0
1   7   -3 4 21 21 -3 4 21 21   1 3 4 5 6 7 8 2   24.0
1   7   -3 4 21 21 21 -3 4 21   1 3 4 5 6 7 8 2   24.0
1   7   -3 4 21 21 21 21 -3 4   1 3 4 5 6 7 8 2   24.0
1   7   -3 5 -3 5 21 21 21 21   1 3 4 5 6 7 8 2   24.0
1   7   -3 5 21 -3 5 21 21 21   1 3 4 5 6 7 8 2   24.0
1   7   -3 5 21 21 -3 5 21 21   1 3 4 5 6 7 8 2   24.0
1   7   -3 5 21 21 21 -3 5 21   1 3 4 5 6 7 8 2   24.0
1   7   -3 5 21 21 21 21 -3 5   1 3 4 5 6 7 8 2   24.0
1   7   -4 1 -4 1 21 21 21 21   1 3 4 5 6 7 8 2   24.0
1   7   -4 1 21 -4 1 21 21 21   1 3 4 5 6 7 8 2   24.0
1   7   -4 1 21 21 -4 1 21 21   1 3 4 5 6 7 8 2   24.0
1   7   -4 1 21 21 21 -4 1 21   1 3 4 5 6 7 8 2   24.0
1   7   -4 1 21 21 21 21 -4 1   1 3 4 5 6 7 8 2   24.0
1   7   -4 2 -4 2 21 21 21 21   1 3 4 5 6 7 8 2   24.0
1   7   -4 2 21 -4 2 21 21 21   1 3 4 5 6 7 8 2   24.0
1   7   -4 2 21 21 -4 2 21 21   1 3 4 5 6 7 8 2   24.0
1   7   -4 2 21 21 21 -4 2 21   1 3 4 5 6 7 8 2   24.0
1   7   -4 2 21 21 21 21 -4 2   1 3 4 5 6 7 8 2   24.0
1   7   -4 3 -4 3 21 21 21 21   1 3 4 5 6 7 8 2   24.0
1   7   -4 3 21 -4 3 21 21 21   1 3 4 5 6 7 8 2   24.0
1   7   -4 3 21 21 -4 3 21 21   1 3 4 5 6 7 8 2   24.0
1   7   -4 3 21 21 21 -4 3 21   1 3 4 5 6 7 8 2   24.0
1   7   -4 3 21 21 21 21 -4 3   1 3 4 5 6 7 8 2   24.0
1   7   -4 4 -1 1 21 21 21 21   1 3 4 5 6 7 8 2   24.0
1   7   -4 4 -2 2 21 21 21 21   1 3 4 5 6 7 8 2   24.0
1   7   -4 4 -3 3 21 21 21 21   1 3 4 5 6 7 8 2   24.0
1   7   -4 4 -5 5 21 21 21 21   1 3 4 5 6 7 8 2   24.0
1   7   -4 4 21 -1 1 21 21 21   1 3 4 5 6 7 8 2   24.0
1   7   -4 4 21 -2 2 21 21 21   1 3 4 5 6 7 8 2   24.0
1   7   -4 4 21 -3 3 21 21 21   1 3 4 5 6 7 8 2   24.0
1   7   -4 4 21 -5 5 21 21 21   1 3 4 5 6 7 8 2   24.0
1   7   -4 4 21 21 -1 1 21 21   1 3 4 5 6 7 8 2   24.0
1   7   -4 4 21 21 -2 2 21 21   1 3 4 5 6 7 8 2   24.0
1   7   -4 4 21 21 -3 3 21 21   1 3 4 5 6 7 8 2   24.0
1   7   -4 4 21 21 -5 5 21 21   1 3 4 5 6 7 8 2   24.0
1   7   -4 4 21 21 21 -1 1 21   1 3 4 5 6 7 8 2   24.0
1   7   -4 4 21 21 21 -2 2 21   1 3 4 5 6 7 8 2   24.0
1   7   -4 4 21 21 21 -3 3 21   1 3 4 5 6 7 8 2   24.0
1   7   -4 4 21 21 21 -5 5 21   1 3 4 5 6 7 8 2   24.0
1   7   -4 4 21 21 21 21 -1 1   1 3 4 5 6 7 8 2   24.0
1   7   -4 4 21 21 21 21 -2 2   1 3 4 5 6 7 8 2   24.0
1   7   -4 4 21 21 21 21 -3 3   1 3 4 5 6 7 8 2   24.0
1   7   -4 4 21 21 21 21 -5 5   1 3 4 5 6 7 8 2   24.0
1   7   -4 5 -4 5 21 21 21 21   1 3 4 5 6 7 8 2   24.0
1   7   -4 5 21 -4 5 21 21 21   1 3 4 5 6 7 8 2   24.0
1   7   -4 5 21 21 -4 5 21 21   1 3 4 5 6 7 8 2   24.0
1   7   -4 5 21 21 21 -4 5 21   1 3 4 5 6 7 8 2   24.0
1   7   -4 5 21 21 21 21 -4 5   1 3 4 5 6 7 8 2   24.0
1   7   -5 1 -5 1 21 21 21 21   1 3 4 5 6 7 8 2   24.0
1   7   -5 1 21 -5 1 21 21 21   1 3 4 5 6 7 8 2   24.0
1   7   -5 1 21 21 -5 1 21 21   1 3 4 5 6 7 8 2   24.0
1   7   -5 1 21 21 21 -5 1 21   1 3 4 5 6 7 8 2   24.0
1   7   -5 1 21 21 21 21 -5 1   1 3 4 5 6 7 8 2   24.0
1   7   -5 2 -5 2 21 21 21 21   1 3 4 5 6 7 8 2   24.0
1   7   -5 2 21 -5 2 21 21 21   1 3 4 5 6 7 8 2   24.0
1   7   -5 2 21 21 -5 2 21 21   1 3 4 5 6 7 8 2   24.0
1   7   -5 2 21 21 21 -5 2 21   1 3 4 5 6 7 8 2   24.0
1   7   -5 2 21 21 21 21 -5 2   1 3 4 5 6 7 8 2   24.0
1   7   -5 3 -5 3 21 21 21 21   1 3 4 5 6 7 8 2   24.0
1   7   -5 3 21 -5 3 21 21 21   1 3 4 5 6 7 8 2   24.0
1   7   -5 3 21 21 -5 3 21 21   1 3 4 5 6 7 8 2   24.0
1   7   -5 3 21 21 21 -5 3 21   1 3 4 5 6 7 8 2   24.0
1   7   -5 3 21 21 21 21 -5 3   1 3 4 5 6 7 8 2   24.0
1   7   -5 4 -5 4 21 21 21 21   1 3 4 5 6 7 8 2   24.0
1   7   -5 4 21 -5 4 21 21 21   1 3 4 5 6 7 8 2   24.0
1   7   -5 4 21 21 -5 4 21 21   1 3 4 5 6 7 8 2   24.0
1   7   -5 4 21 21 21 -5 4 21   1 3 4 5 6 7 8 2   24.0
1   7   -5 4 21 21 21 21 -5 4   1 3 4 5 6 7 8 2   24.0
1   7   -5 5 -1 1 21 21 21 21   1 3 4 5 6 7 8 2   24.0
1   7   -5 5 -2 2 21 21 21 21   1 3 4 5 6 7 8 2   24.0
1   7   -5 5 -3 3 21 21 21 21   1 3 4 5 6 7 8 2   24.0
1   7   -5 5 -4 4 21 21 21 21   1 3 4 5 6 7 8 2   24.0
1   7   -5 5 21 -1 1 21 21 21   1 3 4 5 6 7 8 2   24.0
1   7   -5 5 21 -2 2 21 21 21   1 3 4 5 6 7 8 2   24.0
1   7   -5 5 21 -3 3 21 21 21   1 3 4 5 6 7 8 2   24.0
1   7   -5 5 21 -4 4 21 21 21   1 3 4 5 6 7 8 2   24.0
1   7   -5 5 21 21 -1 1 21 21   1 3 4 5 6 7 8 2   24.0
1   7   -5 5 21 21 -2 2 21 21   1 3 4 5 6 7 8 2   24.0
1   7   -5 5 21 21 -3 3 21 21   1 3 4 5 6 7 8 2   24.0
1   7   -5 5 21 21 -4 4 21 21   1 3 4 5 6 7 8 2   24.0
1   7   -5 5 21 21 21 -1 1 21   1 3 4 5 6 7 8 2   24.0
1   7   -5 5 21 21 21 -2 2 21   1 3 4 5 6 7 8 2   24.0
1   7   -5 5 21 21 21 -3 3 21   1 3 4 5 6 7 8 2   24.0
1   7   -5 5 21 21 21 -4 4 21   1 3 4 5 6 7 8 2   24.0
1   7   -5 5 21 21 21 21 -1 1   1 3 4 5 6 7 8 2   24.0
1   7   -5 5 21 21 21 21 -2 2   1 3 4 5 6 7 8 2   24.0
1   7   -5 5 21 21 21 21 -3 3   1 3 4 5 6 7 8 2   24.0
1   7   -5 5 21 21 21 21 -4 4   1 3 4 5 6 7 8 2   24.0
1   7   1 -1 2 21 21 21 21 -2   2 1 3 4 5 6 7 8   24.0
1   7   1 -1 3 21 21 21 21 -3   2 1 3 4 5 6 7 8   24.0
1   7   1 -1 4 21 21 21 21 -4   2 1 3 4 5 6 7 8   24.0
1   7   1 -1 5 21 21 21 21 -5   2 1 3 4 5 6 7 8   24.0
1   7   1 -2 1 21 21 21 21 -2   2 1 3 4 5 6 7 8   24.0
1   7   1 -3 1 21 21 21 21 -3   2 1 3 4 5 6 7 8   24.0
1   7   1 -4 1 21 21 21 21 -4   2 1 3 4 5 6 7 8   24.0
1   7   1 -5 1 21 21 21 21 -5   2 1 3 4 5 6 7 8   24.0
1   7   1 21 1 -2 2 21 21 21   5 6 7 8 2 1 3 4   6.0
1   7   1 21 1 -3 3 21 21 21   5 6 7 8 2 1 3 4   6.0
1   7   1 21 1 -4 4 21 21 21   5 6 7 8 2 1 3 4   6.0
1   7   1 21 1 -5 5 21 21 21   5 6 7 8 2 1 3 4   6.0
1   7   1 21 1 21 -2 2 21 21   6 7 8 2 1 3 4 5   6.0
1   7   1 21 1 21 -3 3 21 21   6 7 8 2 1 3 4 5   6.0
1   7   1 21 1 21 -4 4 21 21   6 7 8 2 1 3 4 5   6.0
1   7   1 21 1 21 -5 5 21 21   6 7 8 2 1 3 4 5   6.0
1   7   1 21 1 21 21 -2 2 21   7 8 2 1 3 4 5 6   6.0
1   7   1 21 1 21 21 -3 3 21   7 8 2 1 3 4 5 6   6.0
1   7   1 21 1 21 21 -4 4 21   7 8 2 1 3 4 5 6   6.0
1   7   1 21 1 21 21 -5 5 21   7 8 2 1 3 4 5 6   6.0
1   7   1 21 1 21 21 21 -2 2   8 2 1 3 4 5 6 7   6.0
1   7   1 21 1 21 21 21 -3 3   8 2 1 3 4 5 6 7   6.0
1   7   1 21 1 21 21 21 -4 4   8 2 1 3 4 5 6 7   6.0
1   7   1 21 1 21 21 21 -5 5   8 2 1 3 4 5 6 7   6.0
1   7   1 21 2 -2 1 21 21 21   5 6 7 8 2 1 3 4   6.0
1   7   1 21 2 21 -2 1 21 21   6 7 8 2 1 3 4 5   6.0
1   7   1 21 2 21 21 -2 1 21   7 8 2 1 3 4 5 6   6.0
1   7   1 21 2 21 21 21 -2 1   8 2 1 3 4 5 6 7   6.0
1   7   1 21 3 -3 1 21 21 21   5 6 7 8 2 1 3 4   6.0
1   7   1 21 3 21 -3 1 21 21   6 7 8 2 1 3 4 5   6.0
1   7   1 21 3 21 21 -3 1 21   7 8 2 1 3 4 5 6   6.0
1   7   1 21 3 21 21 21 -3 1   8 2 1 3 4 5 6 7   6.0
1   7   1 21 4 -4 1 21 21 21   5 6 7 8 2 1 3 4   6.0
1   7   1 21 4 21 -4 1 21 21   6 7 8 2 1 3 4 5   6.0
1   7   1 21 4 21 21 -4 1 21   7 8 2 1 3 4 5 6   6.0
1   7   1 21 4 21 21 21 -4 1   8 2 1 3 4 5 6 7   6.0
1   7   1 21 5 -5 1 21 21 21   5 6 7 8 2 1 3 4   6.0
1   7   1 21 5 21 -5 1 21 21   6 7 8 2 1 3 4 5   6.0
1   7   1 21 5 21 21 -5 1 21   7 8 2 1 3 4 5 6   6.0
1   7   1 21 5 21 21 21 -5 1   8 2 1 3 4 5 6 7   6.0
1   7   2 -1 2 21 21 21 21 -1   2 1 3 4 5 6 7 8   24.0
1   7   2 -2 1 21 21 21 21 -1   2 1 3 4 5 6 7 8   24.0
1   7   2 -2 3 21 21 21 21 -3   2 1 3 4 5 6 7 8   24.0
1   7   2 -2 4 21 21 21 21 -4   2 1 3 4 5 6 7 8   24.0
1   7   2 -2 5 21 21 21 21 -5   2 1 3 4 5 6 7 8   24.0
1   7   2 -3 2 21 21 21 21 -3   2 1 3 4 5 6 7 8   24.0
1   7   2 -4 2 21 21 21 21 -4   2 1 3 4 5 6 7 8   24.0
1   7   2 -5 2 21 21 21 21 -5   2 1 3 4 5 6 7 8   24.0
1   7   2 21 1 -1 2 21 21 21   5 6 7 8 2 1 3 4   6.0
1   7   2 21 1 21 -1 2 21 21   6 7 8 2 1 3 4 5   6.0
1   7   2 21 1 21 21 -1 2 21   7 8 2 1 3 4 5 6   6.0
1   7   2 21 1 21 21 21 -1 2   8 2 1 3 4 5 6 7   6.0
1   7   2 21 2 -1 1 21 21 21   5 6 7 8 2 1 3 4   6.0
1   7   2 21 2 -3 3 21 21 21   5 6 7 8 2 1 3 4   6.0
1   7   2 21 2 -4 4 21 21 21   5 6 7 8 2 1 3 4   6.0
1   7   2 21 2 -5 5 21 21 21   5 6 7 8 2 1 3 4   6.0
1   7   2 21 2 21 -1 1 21 21   6 7 8 2 1 3 4 5   6.0
1   7   2 21 2 21 -3 3 21 21   6 7 8 2 1 3 4 5   6.0
1   7   2 21 2 21 -4 4 21 21   6 7 8 2 1 3 4 5   6.0
1   7   2 21 2 21 -5 5 21 21   6 7 8 2 1 3 4 5   6.0
1   7   2 21 2 21 21 -1 1 21   7 8 2 1 3 4 5 6   6.0
1   7   2 21 2 21 21 -3 3 21   7 8 2 1 3 4 5 6   6.0
1   7   2 21 2 21 21 -4 4 21   7 8 2 1 3 4 5 6   6.0
1   7   2 21 2 21 21 -5 5 21   7 8 2 1 3 4 5 6   6.0
1   7   2 21 2 21 21 21 -1 1   8 2 1 3 4 5 6 7   6.0
1   7   2 21 2 21 21 21 -3 3   8 2 1 3 4 5 6 7   6.0
1   7   2 21 2 21 21 21 -4 4   8 2 1 3 4 5 6 7   6.0
1   7   2 21 2 21 21 21 -5 5   8 2 1 3 4 5 6 7   6.0
1   7   2 21 3 -3 2 21 21 21   5 6 7 8 2 1 3 4   6.0
1   7   2 21 3 21 -3 2 21 21   6 7 8 2 1 3 4 5   6.0
1   7   2 21 3 21 21 -3 2 21   7 8 2 1 3 4 5 6   6.0
1   7   2 21 3 21 21 21 -3 2   8 2 1 3 4 5 6 7   6.0
1   7   2 21 4 -4 2 21 21 21   5 6 7 8 2 1 3 4   6.0
1   7   2 21 4 21 -4 2 21 21   6 7 8 2 1 3 4 5   6.0
1   7   2 21 4 21 21 -4 2 21   7 8 2 1 3 4 5 6   6.0
1   7   2 21 4 21 21 21 -4 2   8 2 1 3 4 5 6 7   6.0
1   7   2 21 5 -5 2 21 21 21   5 6 7 8 2 1 3 4   6.0
1   7   2 21 5 21 -5 2 21 21   6 7 8 2 1 3 4 5   6.0
1   7   2 21 5 21 21 -5 2 21   7 8 2 1 3 4 5 6   6.0
1   7   2 21 5 21 21 21 -5 2   8 2 1 3 4 5 6 7   6.0
1   7   3 -1 3 21 21 21 21 -1   2 1 3 4 5 6 7 8   24.0
1   7   3 -2 3 21 21 21 21 -2   2 1 3 4 5 6 7 8   24.0
1   7   3 -3 1 21 21 21 21 -1   2 1 3 4 5 6 7 8   24.0
1   7   3 -3 2 21 21 21 21 -2   2 1 3 4 5 6 7 8   24.0
1   7   3 -3 4 21 21 21 21 -4   2 1 3 4 5 6 7 8   24.0
1   7   3 -3 5 21 21 21 21 -5   2 1 3 4 5 6 7 8   24.0
1   7   3 -4 3 21 21 21 21 -4   2 1 3 4 5 6 7 8   24.0
1   7   3 -5 3 21 21 21 21 -5   2 1 3 4 5 6 7 8   24.0
1   7   3 21 1 -1 3 21 21 21   5 6 7 8 2 1 3 4   6.0
1   7   3 21 1 21 -1 3 21 21   6 7 8 2 1 3 4 5   6.0
1   7   3 21 1 21 21 -1 3 21   7 8 2 1 3 4 5 6   6.0
1   7   3 21 1 21 21 21 -1 3   8 2 1 3 4 5 6 7   6.0
1   7   3 21 2 -2 3 21 21 21   5 6 7 8 2 1 3 4   6.0
1   7   3 21 2 21 -2 3 21 21   6 7 8 2 1 3 4 5   6.0
1   7   3 21 2 21 21 -2 3 21   7 8 2 1 3 4 5 6   6.0
1   7   3 21 2 21 21 21 -2 3   8 2 1 3 4 5 6 7   6.0
1   7   3 21 3 -1 1 21 21 21   5 6 7 8 2 1 3 4   6.0
1   7   3 21 3 -2 2 21 21 21   5 6 7 8 2 1 3 4   6.0
1   7   3 21 3 -4 4 21 21 21   5 6 7 8 2 1 3 4   6.0
1   7   3 21 3 -5 5 21 21 21   5 6 7 8 2 1 3 4   6.0
1   7   3 21 3 21 -1 1 21 21   6 7 8 2 1 3 4 5   6.0
1   7   3 21 3 21 -2 2 21 21   6 7 8 2 1 3 4 5   6.0
1   7   3 21 3 21 -4 4 21 21   6 7 8 2 1 3 4 5   6.0
1   7   3 21 3 21 -5 5 21 21   6 7 8 2 1 3 4 5   6.0
1   7   3 21 3 21 21 -1 1 21   7 8 2 1 3 4 5 6   6.0
1   7   3 21 3 21 21 -2 2 21   7 8 2 1 3 4 5 6   6.0
1   7   3 21 3 21 21 -4 4 21   7 8 2 1 3 4 5 6   6.0
1   7   3 21 3 21 21 -5 5 21   7 8 2 1 3 4 5 6   6.0
1   7   3 21 3 21 21 21 -1 1   8 2 1 3 4 5 6 7   6.0
1   7   3 21 3 21 21 21 -2 2   8 2 1 3 4 5 6 7   6.0
1   7   3 21 3 21 21 21 -4 4   8 2 1 3 4 5 6 7   6.0
1   7   3 21 3 21 21 21 -5 5   8 2 1 3 4 5 6 7   6.0
1   7   3 21 4 -4 3 21 21 21   5 6 7 8 2 1 3 4   6.0
1   7   3 21 4 21 -4 3 21 21   6 7 8 2 1 3 4 5   6.0
1   7   3 21 4 21 21 -4 3 21   7 8 2 1 3 4 5 6   6.0
1   7   3 21 4 21 21 21 -4 3   8 2 1 3 4 5 6 7   6.0
1   7   3 21 5 -5 3 21 21 21   5 6 7 8 2 1 3 4   6.0
1   7   3 21 5 21 -5 3 21 21   6 7 8 2 1 3 4 5   6.0
1   7   3 21 5 21 21 -5 3 21   7 8 2 1 3 4 5 6   6.0
1   7   3 21 5 21 21 21 -5 3   8 2 1 3 4 5 6 7   6.0
1   7   4 -1 4 21 21 21 21 -1   2 1 3 4 5 6 7 8   24.0
1   7   4 -2 4 21 21 21 21 -2   2 1 3 4 5 6 7 8   24.0
1   7   4 -3 4 21 21 21 21 -3   2 1 3 4 5 6 7 8   24.0
1   7   4 -4 1 21 21 21 21 -1   2 1 3 4 5 6 7 8   24.0
1   7   4 -4 2 21 21 21 21 -2   2 1 3 4 5 6 7 8   24.0
1   7   4 -4 3 21 21 21 21 -3   2 1 3 4 5 6 7 8   24.0
1   7   4 -4 5 21 21 21 21 -5   2 1 3 4 5 6 7 8   24.0
1   7   4 -5 4 21 21 21 21 -5   2 1 3 4 5 6 7 8   24.0
1   7   4 21 1 -1 4 21 21 21   5 6 7 8 2 1 3 4   6.0
1   7   4 21 1 21 -1 4 21 21   6 7 8 2 1 3 4 5   6.0
1   7   4 21 1 21 21 -1 4 21   7 8 2 1 3 4 5 6   6.0
1   7   4 21 1 21 21 21 -1 4   8 2 1 3 4 5 6 7   6.0
1   7   4 21 2 -2 4 21 21 21   5 6 7 8 2 1 3 4   6.0
1   7   4 21 2 21 -2 4 21 21   6 7 8 2 1 3 4 5   6.0
1   7   4 21 2 21 21 -2 4 21   7 8 2 1 3 4 5 6   6.0
1   7   4 21 2 21 21 21 -2 4   8 2 1 3 4 5 6 7   6.0
1   7   4 21 3 -3 4 21 21 21   5 6 7 8 2 1 3 4   6.0
1   7   4 21 3 21 -3 4 21 21   6 7 8 2 1 3 4 5   6.0
1   7   4 21 3 21 21 -3 4 21   7 8 2 1 3 4 5 6   6.0
1   7   4 21 3 21 21 21 -3 4   8 2 1 3 4 5 6 7   6.0
1   7   4 21 4 -1 1 21 21 21   5 6 7 8 2 1 3 4   6.0
1   7   4 21 4 -2 2 21 21 21   5 6 7 8 2 1 3 4   6.0
1   7   4 21 4 -3 3 21 21 21   5 6 7 8 2 1 3 4   6.0
1   7   4 21 4 -5 5 21 21 21   5 6 7 8 2 1 3 4   6.0
1   7   4 21 4 21 -1 1 21 21   6 7 8 2 1 3 4 5   6.0
1   7   4 21 4 21 -2 2 21 21   6 7 8 2 1 3 4 5   6.0
1   7   4 21 4 21 -3 3 21 21   6 7 8 2 1 3 4 5   6.0
1   7   4 21 4 21 -5 5 21 21   6 7 8 2 1 3 4 5   6.0
1   7   4 21 4 21 21 -1 1 21   7 8 2 1 3 4 5 6   6.0
1   7   4 21 4 21 21 -2 2 21   7 8 2 1 3 4 5 6   6.0
1   7   4 21 4 21 21 -3 3 21   7 8 2 1 3 4 5 6   6.0
1   7   4 21 4 21 21 -5 5 21   7 8 2 1 3 4 5 6   6.0
1   7   4 21 4 21 21 21 -1 1   8 2 1 3 4 5 6 7   6.0
1   7   4 21 4 21 21 21 -2 2   8 2 1 3 4 5 6 7   6.0
1   7   4 21 4 21 21 21 -3 3   8 2 1 3 4 5 6 7   6.0
1   7   4 21 4 21 21 21 -5 5   8 2 1 3 4 5 6 7   6.0
1   7   4 21 5 -5 4 21 21 21   5 6 7 8 2 1 3 4   6.0
1   7   4 21 5 21 -5 4 21 21   6 7 8 2 1 3 4 5   6.0
1   7   4 21 5 21 21 -5 4 21   7 8 2 1 3 4 5 6   6.0
1   7   4 21 5 21 21 21 -5 4   8 2 1 3 4 5 6 7   6.0
1   7   5 -1 5 21 21 21 21 -1   2 1 3 4 5 6 7 8   24.0
1   7   5 -2 5 21 21 21 21 -2   2 1 3 4 5 6 7 8   24.0
1   7   5 -3 5 21 21 21 21 -3   2 1 3 4 5 6 7 8   24.0
1   7   5 -4 5 21 21 21 21 -4   2 1 3 4 5 6 7 8   24.0
1   7   5 -5 1 21 21 21 21 -1   2 1 3 4 5 6 7 8   24.0
1   7   5 -5 2 21 21 21 21 -2   2 1 3 4 5 6 7 8   24.0
1   7   5 -5 3 21 21 21 21 -3   2 1 3 4 5 6 7 8   24.0
1   7   5 -5 4 21 21 21 21 -4   2 1 3 4 5 6 7 8   24.0
1   7   5 21 1 -1 5 21 21 21   5 6 7 8 2 1 3 4   6.0
1   7   5 21 1 21 -1 5 21 21   6 7 8 2 1 3 4 5   6.0
1   7   5 21 1 21 21 -1 5 21   7 8 2 1 3 4 5 6   6.0
1   7   5 21 1 21 21 21 -1 5   8 2 1 3 4 5 6 7   6.0
1   7   5 21 2 -2 5 21 21 21   5 6 7 8 2 1 3 4   6.0
1   7   5 21 2 21 -2 5 21 21   6 7 8 2 1 3 4 5   6.0
1   7   5 21 2 21 21 -2 5 21   7 8 2 1 3 4 5 6   6.0
1   7   5 21 2 21 21 21 -2 5   8 2 1 3 4 5 6 7   6.0
1   7   5 21 3 -3 5 21 21 21   5 6 7 8 2 1 3 4   6.0
1   7   5 21 3 21 -3 5 21 21   6 7 8 2 1 3 4 5   6.0
1   7   5 21 3 21 21 -3 5 21   7 8 2 1 3 4 5 6   6.0
1   7   5 21 3 21 21 21 -3 5   8 2 1 3 4 5 6 7   6.0
1   7   5 21 4 -4 5 21 21 21   5 6 7 8 2 1 3 4   6.0
1   7   5 21 4 21 -4 5 21 21   6 7 8 2 1 3 4 5   6.0
1   7   5 21 4 21 21 -4 5 21   7 8 2 1 3 4 5 6   6.0
1   7   5 21 4 21 21 21 -4 5   8 2 1 3 4 5 6 7   6.0
1   7   5 21 5 -1 1 21 21 21   5 6 7 8 2 1 3 4   6.0
1   7   5 21 5 -2 2 21 21 21   5 6 7 8 2 1 3 4   6.0
1   7   5 21 5 -3 3 21 21 21   5 6 7 8 2 1 3 4   6.0
1   7   5 21 5 -4 4 21 21 21   5 6 7 8 2 1 3 4   6.0
1   7   5 21 5 21 -1 1 21 21   6 7 8 2 1 3 4 5   6.0
1   7   5 21 5 21 -2 2 21 21   6 7 8 2 1 3 4 5   6.0
1   7   5 21 5 21 -3 3 21 21   6 7 8 2 1 3 4 5   6.0
1   7   5 21 5 21 -4 4 21 21   6 7 8 2 1 3 4 5   6.0
1   7   5 21 5 21 21 -1 1 21   7 8 2 1 3 4 5 6   6.0
1   7   5 21 5 21 21 -2 2 21   7 8 2 1 3 4 5 6   6.0
1   7   5 21 5 21 21 -3 3 21   7 8 2 1 3 4 5 6   6.0
1   7   5 21 5 21 21 -4 4 21   7 8 2 1 3 4 5 6   6.0
1   7   5 21 5 21 21 21 -1 1   8 2 1 3 4 5 6 7   6.0
1   7   5 21 5 21 21 21 -2 2   8 2 1 3 4 5 6 7   6.0
1   7   5 21 5 21 21 21 -3 3   8 2 1 3 4 5 6 7   6.0
1   7   5 21 5 21 21 21 -4 4   8 2 1 3 4 5 6 7   6.0
1   7   21 -1 -1 2 21 21 21 -2   2 1 3 4 5 6 7 8   6.0
1   7   21 -1 -1 3 21 21 21 -3   2 1 3 4 5 6 7 8   6.0
1   7   21 -1 -1 4 21 21 21 -4   2 1 3 4 5 6 7 8   6.0
1   7   21 -1 -1 5 21 21 21 -5   2 1 3 4 5 6 7 8   6.0
1   7   21 -1 -2 2 21 21 21 -1   2 1 3 4 5 6 7 8   6.0
1   7   21 -1 -3 3 21 21 21 -1   2 1 3 4 5 6 7 8   6.0
1   7   21 -1 -4 4 21 21 21 -1   2 1 3 4 5 6 7 8   6.0
1   7   21 -1 -5 5 21 21 21 -1   2 1 3 4 5 6 7 8   6.0
1   7   21 -1 21 -1 2 21 21 -2   2 1 3 4 5 6 7 8   6.0
1   7   21 -1 21 -1 3 21 21 -3   2 1 3 4 5 6 7 8   6.0
1   7   21 -1 21 -1 4 21 21 -4   2 1 3 4 5 6 7 8   6.0
1   7   21 -1 21 -1 5 21 21 -5   2 1 3 4 5 6 7 8   6.0
1   7   21 -1 21 -2 2 21 21 -1   2 1 3 4 5 6 7 8   6.0
1   7   21 -1 21 -3 3 21 21 -1   2 1 3 4 5 6 7 8   6.0
1   7   21 -1 21 -4 4 21 21 -1   2 1 3 4 5 6 7 8   6.0
1   7   21 -1 21 -5 5 21 21 -1   2 1 3 4 5 6 7 8   6.0
1   7   21 -1 21 21 -1 2 21 -2   2 1 3 4 5 6 7 8   6.0
1   7   21 -1 21 21 -1 3 21 -3   2 1 3 4 5 6 7 8   6.0
1   7   21 -1 21 21 -1 4 21 -4   2 1 3 4 5 6 7 8   6.0
1   7   21 -1 21 21 -1 5 21 -5   2 1 3 4 5 6 7 8   6.0
1   7   21 -1 21 21 -2 2 21 -1   2 1 3 4 5 6 7 8   6.0
1   7   21 -1 21 21 -3 3 21 -1   2 1 3 4 5 6 7 8   6.0
1   7   21 -1 21 21 -4 4 21 -1   2 1 3 4 5 6 7 8   6.0
1   7   21 -1 21 21 -5 5 21 -1   2 1 3 4 5 6 7 8   6.0
1   7   21 -1 21 21 21 -1 2 -2   2 1 3 4 5 6 7 8   6.0
1   7   21 -1 21 21 21 -1 3 -3   2 1 3 4 5 6 7 8   6.0
1   7   21 -1 21 21 21 -1 4 -4   2 1 3 4 5 6 7 8   6.0
1   7   21 -1 21 21 21 -1 5 -5   2 1 3 4 5 6 7 8   6.0
1   7   21 -1 21 21 21 -2 2 -1   2 1 3 4 5 6 7 8   6.0
1   7   21 -1 21 21 21 -3 3 -1   2 1 3 4 5 6 7 8   6.0
1   7   21 -1 21 21 21 -4 4 -1   2 1 3 4 5 6 7 8   6.0
1   7   21 -1 21 21 21 -5 5 -1   2 1 3 4 5 6 7 8   6.0
1   7   21 -2 -1 1 21 21 21 -2   2 1 3 4 5 6 7 8   6.0
1   7   21 -2 -2 1 21 21 21 -1   2 1 3 4 5 6 7 8   6.0
1   7   21 -2 -2 3 21 21 21 -3   2 1 3 4 5 6 7 8   6.0
1   7   21 -2 -2 4 21 21 21 -4   2 1 3 4 5 6 7 8   6.0
1   7   21 -2 -2 5 21 21 21 -5   2 1 3 4 5 6 7 8   6.0
1   7   21 -2 -3 3 21 21 21 -2   2 1 3 4 5 6 7 8   6.0
1   7   21 -2 -4 4 21 21 21 -2   2 1 3 4 5 6 7 8   6.0
1   7   21 -2 -5 5 21 21 21 -2   2 1 3 4 5 6 7 8   6.0
1   7   21 -2 21 -1 1 21 21 -2   2 1 3 4 5 6 7 8   6.0
1   7   21 -2 21 -2 1 21 21 -1   2 1 3 4 5 6 7 8   6.0
1   7   21 -2 21 -2 3 21 21 -3   2 1 3 4 5 6 7 8   6.0
1   7   21 -2 21 -2 4 21 21 -4   2 1 3 4 5 6 7 8   6.0
1   7   21 -2 21 -2 5 21 21 -5   2 1 3 4 5 6 7 8   6.0
1   7   21 -2 21 -3 3 21 21 -2   2 1 3 4 5 6 7 8   6.0
1   7   21 -2 21 -4 4 21 21 -2   2 1 3 4 5 6 7 8   6.0
1   7   21 -2 21 -5 5 21 21 -2   2 1 3 4 5 6 7 8   6.0
1   7   21 -2 21 21 -1 1 21 -2   2 1 3 4 5 6 7 8   6.0
1   7   21 -2 21 21 -2 1 21 -1   2 1 3 4 5 6 7 8   6.0
1   7   21 -2 21 21 -2 3 21 -3   2 1 3 4 5 6 7 8   6.0
1   7   21 -2 21 21 -2 4 21 -4   2 1 3 4 5 6 7 8   6.0
1   7   21 -2 21 21 -2 5 21 -5   2 1 3 4 5 6 7 8   6.0
1   7   21 -2 21 21 -3 3 21 -2   2 1 3 4 5 6 7 8   6.0
1   7   21 -2 21 21 -4 4 21 -2   2 1 3 4 5 6 7 8   6.0
1   7   21 -2 21 21 -5 5 21 -2   2 1 3 4 5 6 7 8   6.0
1   7   21 -2 21 21 21 -1 1 -2   2 1 3 4 5 6 7 8   6.0
1   7   21 -2 21 21 21 -2 1 -1   2 1 3 4 5 6 7 8   6.0
1   7   21 -2 21 21 21 -2 3 -3   2 1 3 4 5 6 7 8   6.0
1   7   21 -2 21 21 21 -2 4 -4   2 1 3 4 5 6 7 8   6.0
1   7   21 -2 21 21 21 -2 5 -5   2 1 3 4 5 6 7 8   6.0
1   7   21 -2 21 21 21 -3 3 -2   2 1 3 4 5 6 7 8   6.0
1   7   21 -2 21 21 21 -4 4 -2   2 1 3 4 5 6 7 8   6.0
1   7   21 -2 21 21 21 -5 5 -2   2 1 3 4 5 6 7 8   6.0
1   7   21 -3 -1 1 21 21 21 -3   2 1 3 4 5 6 7 8   6.0
1   7   21 -3 -2 2 21 21 21 -3   2 1 3 4 5 6 7 8   6.0
1   7   21 -3 -3 1 21 21 21 -1   2 1 3 4 5 6 7 8   6.0
1   7   21 -3 -3 2 21 21 21 -2   2 1 3 4 5 6 7 8   6.0
1   7   21 -3 -3 4 21 21 21 -4   2 1 3 4 5 6 7 8   6.0
1   7   21 -3 -3 5 21 21 21 -5   2 1 3 4 5 6 7 8   6.0
1   7   21 -3 -4 4 21 21 21 -3   2 1 3 4 5 6 7 8   6.0
1   7   21 -3 -5 5 21 21 21 -3   2 1 3 4 5 6 7 8   6.0
1   7   21 -3 21 -1 1 21 21 -3   2 1 3 4 5 6 7 8   6.0
1   7   21 -3 21 -2 2 21 21 -3   2 1 3 4 5 6 7 8   6.0
1   7   21 -3 21 -3 1 21 21 -1   2 1 3 4 5 6 7 8   6.0
1   7   21 -3 21 -3 2 21 21 -2   2 1 3 4 5 6 7 8   6.0
1   7   21 -3 21 -3 4 21 21 -4   2 1 3 4 5 6 7 8   6.0
1   7   21 -3 21 -3 5 21 21 -5   2 1 3 4 5 6 7 8   6.0
1   7   21 -3 21 -4 4 21 21 -3   2 1 3 4 5 6 7 8   6.0
1   7   21 -3 21 -5 5 21 21 -3   2 1 3 4 5 6 7 8   6.0
1   7   21 -3 21 21 -1 1 21 -3   2 1 3 4 5 6 7 8   6.0
1   7   21 -3 21 21 -2 2 21 -3   2 1 3 4 5 6 7 8   6.0
1   7   21 -3 21 21 -3 1 21 -1   2 1 3 4 5 6 7 8   6.0
1   7   21 -3 21 21 -3 2 21 -2   2 1 3 4 5 6 7 8   6.0
1   7   21 -3 21 21 -3 4 21 -4   2 1 3 4 5 6 7 8   6.0
1   7   21 -3 21 21 -3 5 21 -5   2 1 3 4 5 6 7 8   6.0
1   7   21 -3 21 21 -4 4 21 -3   2 1 3 4 5 6 7 8   6.0
1   7   21 -3 21 21 -5 5 21 -3   2 1 3 4 5 6 7 8   6.0
1   7   21 -3 21 21 21 -1 1 -3   2 1 3 4 5 6 7 8   6.0
1   7   21 -3 21 21 21 -2 2 -3   2 1 3 4 5 6 7 8   6.0
1   7   21 -3 21 21 21 -3 1 -1   2 1 3 4 5 6 7 8   6.0
1   7   21 -3 21 21 21 -3 2 -2   2 1 3 4 5 6 7 8   6.0
1   7   21 -3 21 21 21 -3 4 -4   2 1 3 4 5 6 7 8   6.0
1   7   21 -3 21 21 21 -3 5 -5   2 1 3 4 5 6 7 8   6.0
1   7   21 -3 21 21 21 -4 4 -3   2 1 3 4 5 6 7 8   6.0
1   7   21 -3 21 21 21 -5 5 -3   2 1 3 4 5 6 7 8   6.0
1   7   21 -4 -1 1 21 21 21 -4   2 1 3 4 5 6 7 8   6.0
1   7   21 -4 -2 2 21 21 21 -4   2 1 3 4 5 6 7 8   6.0
1   7   21 -4 -3 3 21 21 21 -4   2 1 3 4 5 6 7 8   6.0
1   7   21 -4 -4 1 21 21 21 -1   2 1 3 4 5 6 7 8   6.0
1   7   21 -4 -4 2 21 21 21 -2   2 1 3 4 5 6 7 8   6.0
1   7   21 -4 -4 3 21 21 21 -3   2 1 3 4 5 6 7 8   6.0
1   7   21 -4 -4 5 21 21 21 -5   2 1 3 4 5 6 7 8   6.0
1   7   21 -4 -5 5 21 21 21 -4   2 1 3 4 5 6 7 8   6.0
1   7   21 -4 21 -1 1 21 21 -4   2 1 3 4 5 6 7 8   6.0
1   7   21 -4 21 -2 2 21 21 -4   2 1 3 4 5 6 7 8   6.0
1   7   21 -4 21 -3 3 21 21 -4   2 1 3 4 5 6 7 8   6.0
1   7   21 -4 21 -4 1 21 21 -1   2 1 3 4 5 6 7 8   6.0
1   7   21 -4 21 -4 2 21 21 -2   2 1 3 4 5 6 7 8   6.0
1   7   21 -4 21 -4 3 21 21 -3   2 1 3 4 5 6 7 8   6.0
1   7   21 -4 21 -4 5 21 21 -5   2 1 3 4 5 6 7 8   6.0
1   7   21 -4 21 -5 5 21 21 -4   2 1 3 4 5 6 7 8   6.0
1   7   21 -4 21 21 -1 1 21 -4   2 1 3 4 5 6 7 8   6.0
1   7   21 -4 21 21 -2 2 21 -4   2 1 3 4 5 6 7 8   6.0
1   7   21 -4 21 21 -3 3 21 -4   2 1 3 4 5 6 7 8   6.0
1   7   21 -4 21 21 -4 1 21 -1   2 1 3 4 5 6 7 8   6.0
1   7   21 -4 21 21 -4 2 21 -2   2 1 3 4 5 6 7 8   6.0
1   7   21 -4 21 21 -4 3 21 -3   2 1 3 4 5 6 7 8   6.0
1   7   21 -4 21 21 -4 5 21 -5   2 1 3 4 5 6 7 8   6.0
1   7   21 -4 21 21 -5 5 21 -4   2 1 3 4 5 6 7 8   6.0
1   7   21 -4 21 21 21 -1 1 -4   2 1 3 4 5 6 7 8   6.0
1   7   21 -4 21 21 21 -2 2 -4   2 1 3 4 5 6 7 8   6.0
1   7   21 -4 21 21 21 -3 3 -4   2 1 3 4 5 6 7 8   6.0
1   7   21 -4 21 21 21 -4 1 -1   2 1 3 4 5 6 7 8   6.0
1   7   21 -4 21 21 21 -4 2 -2   2 1 3 4 5 6 7 8   6.0
1   7   21 -4 21 21 21 -4 3 -3   2 1 3 4 5 6 7 8   6.0
1   7   21 -4 21 21 21 -4 5 -5   2 1 3 4 5 6 7 8   6.0
1   7   21 -4 21 21 21 -5 5 -4   2 1 3 4 5 6 7 8   6.0
1   7   21 -5 -1 1 21 21 21 -5   2 1 3 4 5 6 7 8   6.0
1   7   21 -5 -2 2 21 21 21 -5   2 1 3 4 5 6 7 8   6.0
1   7   21 -5 -3 3 21 21 21 -5   2 1 3 4 5 6 7 8   6.0
1   7   21 -5 -4 4 21 21 21 -5   2 1 3 4 5 6 7 8   6.0
1   7   21 -5 -5 1 21 21 21 -1   2 1 3 4 5 6 7 8   6.0
1   7   21 -5 -5 2 21 21 21 -2   2 1 3 4 5 6 7 8   6.0
1   7   21 -5 -5 3 21 21 21 -3   2 1 3 4 5 6 7 8   6.0
1   7   21 -5 -5 4 21 21 21 -4   2 1 3 4 5 6 7 8   6.0
1   7   21 -5 21 -1 1 21 21 -5   2 1 3 4 5 6 7 8   6.0
1   7   21 -5 21 -2 2 21 21 -5   2 1 3 4 5 6 7 8   6.0
1   7   21 -5 21 -3 3 21 21 -5   2 1 3 4 5 6 7 8   6.0
1   7   21 -5 21 -4 4 21 21 -5   2 1 3 4 5 6 7 8   6.0
1   7   21 -5 21 -5 1 21 21 -1   2 1 3 4 5 6 7 8   6.0
1   7   21 -5 21 -5 2 21 21 -2   2 1 3 4 5 6 7 8   6.0
1   7   21 -5 21 -5 3 21 21 -3   2 1 3 4 5 6 7 8   6.0
1   7   21 -5 21 -5 4 21 21 -4   2 1 3 4 5 6 7 8   6.0
1   7   21 -5 21 21 -1 1 21 -5   2 1 3 4 5 6 7 8   6.0
1   7   21 -5 21 21 -2 2 21 -5   2 1 3 4 5 6 7 8   6.0
1   7   21 -5 21 21 -3 3 21 -5   2 1 3 4 5 6 7 8   6.0
1   7   21 -5 21 21 -4 4 21 -5   2 1 3 4 5 6 7 8   6.0
1   7   21 -5 21 21 -5 1 21 -1   2 1 3 4 5 6 7 8   6.0
1   7   21 -5 21 21 -5 2 21 -2   2 1 3 4 5 6 7 8   6.0
1   7   21 -5 21 21 -5 3 21 -3   2 1 3 4 5 6 7 8   6.0
1   7   21 -5 21 21 -5 4 21 -4   2 1 3 4 5 6 7 8   6.0
1   7   21 -5 21 21 21 -1 1 -5   2 1 3 4 5 6 7 8   6.0
1   7   21 -5 21 21 21 -2 2 -5   2 1 3 4 5 6 7 8   6.0
1   7   21 -5 21 21 21 -3 3 -5   2 1 3 4 5 6 7 8   6.0
1   7   21 -5 21 21 21 -4 4 -5   2 1 3 4 5 6 7 8   6.0
1   7   21 -5 21 21 21 -5 1 -1   2 1 3 4 5 6 7 8   6.0
1   7   21 -5 21 21 21 -5 2 -2   2 1 3 4 5 6 7 8   6.0
1   7   21 -5 21 21 21 -5 3 -3   2 1 3 4 5 6 7 8   6.0
1   7   21 -5 21 21 21 -5 4 -4   2 1 3 4 5 6 7 8   6.0
1   7   21 21 -1 1 -2 2 21 21   6 7 8 2 1 3 4 5   2.0
1   7   21 21 -1 1 -3 3 21 21   6 7 8 2 1 3 4 5   2.0
1   7   21 21 -1 1 -4 4 21 21   6 7 8 2 1 3 4 5   2.0
1   7   21 21 -1 1 -5 5 21 21   6 7 8 2 1 3 4 5   2.0
1   7   21 21 -1 1 21 -2 2 21   7 8 2 1 3 4 5 6   2.0
1   7   21 21 -1 1 21 -3 3 21   7 8 2 1 3 4 5 6   2.0
1   7   21 21 -1 1 21 -4 4 21   7 8 2 1 3 4 5 6   2.0
1   7   21 21 -1 1 21 -5 5 21   7 8 2 1 3 4 5 6   2.0
1   7   21 21 -1 1 21 21 -2 2   8 2 1 3 4 5 6 7   2.0
1   7   21 21 -1 1 21 21 -3 3   8 2 1 3 4 5 6 7   2.0
1   7   21 21 -1 1 21 21 -4 4   8 2 1 3 4 5 6 7   2.0
1   7   21 21 -1 1 21 21 -5 5   8 2 1 3 4 5 6 7   2.0
1   7   21 21 -1 2 -2 1 21 21   6 7 8 2 1 3 4 5   2.0
1   7   21 21 -1 2 21 -2 1 21   7 8 2 1 3 4 5 6   2.0
1   7   21 21 -1 2 21 21 -2 1   8 2 1 3 4 5 6 7   2.0
1   7   21 21 -1 3 -3 1 21 21   6 7 8 2 1 3 4 5   2.0
1   7   21 21 -1 3 21 -3 1 21   7 8 2 1 3 4 5 6   2.0
1   7   21 21 -1 3 21 21 -3 1   8 2 1 3 4 5 6 7   2.0
1   7   21 21 -1 4 -4 1 21 21   6 7 8 2 1 3 4 5   2.0
1   7   21 21 -1 4 21 -4 1 21   7 8 2 1 3 4 5 6   2.0
1   7   21 21 -1 4 21 21 -4 1   8 2 1 3 4 5 6 7   2.0
1   7   21 21 -1 5 -5 1 21 21   6 7 8 2 1 3 4 5   2.0
1   7   21 21 -1 5 21 -5 1 21   7 8 2 1 3 4 5 6   2.0
1   7   21 21 -1 5 21 21 -5 1   8 2 1 3 4 5 6 7   2.0
1   7   21 21 -2 1 -1 2 21 21   6 7 8 2 1 3 4 5   2.0
1   7   21 21 -2 1 21 -1 2 21   7 8 2 1 3 4 5 6   2.0
1   7   21 21 -2 1 21 21 -1 2   8 2 1 3 4 5 6 7   2.0
1   7   21 21 -2 2 -1 1 21 21   6 7 8 2 1 3 4 5   2.0
1   7   21 21 -2 2 -3 3 21 21   6 7 8 2 1 3 4 5   2.0
1   7   21 21 -2 2 -4 4 21 21   6 7 8 2 1 3 4 5   2.0
1   7   21 21 -2 2 -5 5 21 21   6 7 8 2 1 3 4 5   2.0
1   7   21 21 -2 2 21 -1 1 21   7 8 2 1 3 4 5 6   2.0
1   7   21 21 -2 2 21 -3 3 21   7 8 2 1 3 4 5 6   2.0
1   7   21 21 -2 2 21 -4 4 21   7 8 2 1 3 4 5 6   2.0
1   7   21 21 -2 2 21 -5 5 21   7 8 2 1 3 4 5 6   2.0
1   7   21 21 -2 2 21 21 -1 1   8 2 1 3 4 5 6 7   2.0
1   7   21 21 -2 2 21 21 -3 3   8 2 1 3 4 5 6 7   2.0
1   7   21 21 -2 2 21 21 -4 4   8 2 1 3 4 5 6 7   2.0
1   7   21 21 -2 2 21 21 -5 5   8 2 1 3 4 5 6 7   2.0
1   7   21 21 -2 3 -3 2 21 21   6 7 8 2 1 3 4 5   2.0
1   7   21 21 -2 3 21 -3 2 21   7 8 2 1 3 4 5 6   2.0
1   7   21 21 -2 3 21 21 -3 2   8 2 1 3 4 5 6 7   2.0
1   7   21 21 -2 4 -4 2 21 21   6 7 8 2 1 3 4 5   2.0
1   7   21 21 -2 4 21 -4 2 21   7 8 2 1 3 4 5 6   2.0
1   7   21 21 -2 4 21 21 -4 2   8 2 1 3 4 5 6 7   2.0
1   7   21 21 -2 5 -5 2 21 21   6 7 8 2 1 3 4 5   2.0
1   7   21 21 -2 5 21 -5 2 21   7 8 2 1 3 4 5 6   2.0
1   7   21 21 -2 5 21 21 -5 2   8 2 1 3 4 5 6 7   2.0
1   7   21 21 -3 1 -1 3 21 21   6 7 8 2 1 3 4 5   2.0
1   7   21 21 -3 1 21 -1 3 21   7 8 2 1 3 4 5 6   2.0
1   7   21 21 -3 1 21 21 -1 3   8 2 1 3 4 5 6 7   2.0
1   7   21 21 -3 2 -2 3 21 21   6 7 8 2 1 3 4 5   2.0
1   7   21 21 -3 2 21 -2 3 21   7 8 2 1 3 4 5 6   2.0
1   7   21 21 -3 2 21 21 -2 3   8 2 1 3 4 5 6 7   2.0
1   7   21 21 -3 3 -1 1 21 21   6 7 8 2 1 3 4 5   2.0
1   7   21 21 -3 3 -2 2 21 21   6 7 8 2 1 3 4 5   2.0
1   7   21 21 -3 3 -4 4 21 21   6 7 8 2 1 3 4 5   2.0
1   7   21 21 -3 3 -5 5 21 21   6 7 8 2 1 3 4 5   2.0
1   7   21 21 -3 3 21 -1 1 21   7 8 2 1 3 4 5 6   2.0
1   7   21 21 -3 3 21 -2 2 21   7 8 2 1 3 4 5 6   2.0
1   7   21 21 -3 3 21 -4 4 21   7 8 2 1 3 4 5 6   2.0
1   7   21 21 -3 3 21 -5 5 21   7 8 2 1 3 4 5 6   2.0
1   7   21 21 -3 3 21 21 -1 1   8 2 1 3 4 5 6 7   2.0
1   7   21 21 -3 3 21 21 -2 2   8 2 1 3 4 5 6 7   2.0
1   7   21 21 -3 3 21 21 -4 4   8 2 1 3 4 5 6 7   2.0
1   7   21 21 -3 3 21 21 -5 5   8 2 1 3 4 5 6 7   2.0
1   7   21 21 -3 4 -4 3 21 21   6 7 8 2 1 3 4 5   2.0
1   7   21 21 -3 4 21 -4 3 21   7 8 2 1 3 4 5 6   2.0
1   7   21 21 -3 4 21 21 -4 3   8 2 1 3 4 5 6 7   2.0
1   7   21 21 -3 5 -5 3 21 21   6 7 8 2 1 3 4 5   2.0
1   7   21 21 -3 5 21 -5 3 21   7 8 2 1 3 4 5 6   2.0
1   7   21 21 -3 5 21 21 -5 3   8 2 1 3 4 5 6 7   2.0
1   7   21 21 -4 1 -1 4 21 21   6 7 8 2 1 3 4 5   2.0
1   7   21 21 -4 1 21 -1 4 21   7 8 2 1 3 4 5 6   2.0
1   7   21 21 -4 1 21 21 -1 4   8 2 1 3 4 5 6 7   2.0
1   7   21 21 -4 2 -2 4 21 21   6 7 8 2 1 3 4 5   2.0
1   7   21 21 -4 2 21 -2 4 21   7 8 2 1 3 4 5 6   2.0
1   7   21 21 -4 2 21 21 -2 4   8 2 1 3 4 5 6 7   2.0
1   7   21 21 -4 3 -3 4 21 21   6 7 8 2 1 3 4 5   2.0
1   7   21 21 -4 3 21 -3 4 21   7 8 2 1 3 4 5 6   2.0
1   7   21 21 -4 3 21 21 -3 4   8 2 1 3 4 5 6 7   2.0
1   7   21 21 -4 4 -1 1 21 21   6 7 8 2 1 3 4 5   2.0
1   7   21 21 -4 4 -2 2 21 21   6 7 8 2 1 3 4 5   2.0
1   7   21 21 -4 4 -3 3 21 21   6 7 8 2 1 3 4 5   2.0
1   7   21 21 -4 4 -5 5 21 21   6 7 8 2 1 3 4 5   2.0
1   7   21 21 -4 4 21 -1 1 21   7 8 2 1 3 4 5 6   2.0
1   7   21 21 -4 4 21 -2 2 21   7 8 2 1 3 4 5 6   2.0
1   7   21 21 -4 4 21 -3 3 21   7 8 2 1 3 4 5 6   2.0
1   7   21 21 -4 4 21 -5 5 21   7 8 2 1 3 4 5 6   2.0
1   7   21 21 -4 4 21 21 -1 1   8 2 1 3 4 5 6 7   2.0
1   7   21 21 -4 4 21 21 -2 2   8 2 1 3 4 5 6 7   2.0
1   7   21 21 -4 4 21 21 -3 3   8 2 1 3 4 5 6 7   2.0
1   7   21 21 -4 4 21 21 -5 5   8 2 1 3 4 5 6 7   2.0
1   7   21 21 -4 5 -5 4 21 21   6 7 8 2 1 3 4 5   2.0
1   7   21 21 -4 5 21 -5 4 21   7 8 2 1 3 4 5 6   2.0
1   7   21 21 -4 5 21 21 -5 4   8 2 1 3 4 5 6 7   2.0
1   7   21 21 -5 1 -1 5 21 21   6 7 8 2 1 3 4 5   2.0
1   7   21 21 -5 1 21 -1 5 21   7 8 2 1 3 4 5 6   2.0
1   7   21 21 -5 1 21 21 -1 5   8 2 1 3 4 5 6 7   2.0
1   7   21 21 -5 2 -2 5 21 21   6 7 8 2 1 3 4 5   2.0
1   7   21 21 -5 2 21 -2 5 21   7 8 2 1 3 4 5 6   2.0
1   7   21 21 -5 2 21 21 -2 5   8 2 1 3 4 5 6 7   2.0
1   7   21 21 -5 3 -3 5 21 21   6 7 8 2 1 3 4 5   2.0
1   7   21 21 -5 3 21 -3 5 21   7 8 2 1 3 4 5 6   2.0
1   7   21 21 -5 3 21 21 -3 5   8 2 1 3 4 5 6 7   2.0
1   7   21 21 -5 4 -4 5 21 21   6 7 8 2 1 3 4 5   2.0
1   7   21 21 -5 4 21 -4 5 21   7 8 2 1 3 4 5 6   2.0
1   7   21 21 -5 4 21 21 -4 5   8 2 1 3 4 5 6 7   2.0
1   7   21 21 -5 5 -1 1 21 21   6 7 8 2 1 3 4 5   2.0
1   7   21 21 -5 5 -2 2 21 21   6 7 8 2 1 3 4 5   2.0
1   7   21 21 -5 5 -3 3 21 21   6 7 8 2 1 3 4 5   2.0
1   7   21 21 -5 5 -4 4 21 21   6 7 8 2 1 3 4 5   2.0
1   7   21 21 -5 5 21 -1 1 21   7 8 2 1 3 4 5 6   2.0
1   7   21 21 -5 5 21 -2 2 21   7 8 2 1 3 4 5 6   2.0
1   7   21 21 -5 5 21 -3 3 21   7 8 2 1 3 4 5 6   2.0
1   7   21 21 -5 5 21 -4 4 21   7 8 2 1 3 4 5 6   2.0
1   7   21 21 -5 5 21 21 -1 1   8 2 1 3 4 5 6 7   2.0
1   7   21 21 -5 5 21 21 -2 2   8 2 1 3 4 5 6 7   2.0
1   7   21 21 -5 5 21 21 -3 3   8 2 1 3 4 5 6 7   2.0
1   7   21 21 -5 5 21 21 -4 4   8 2 1 3 4 5 6 7   2.0
1   7   21 21 21 -1 1 -2 2 21   7 8 2 1 3 4 5 6   2.0
1   7   21 21 21 -1 1 -3 3 21   7 8 2 1 3 4 5 6   2.0
1   7   21 21 21 -1 1 -4 4 21   7 8 2 1 3 4 5 6   2.0
1   7   21 21 21 -1 1 -5 5 21   7 8 2 1 3 4 5 6   2.0
1   7   21 21 21 -1 1 21 -2 2   8 2 1 3 4 5 6 7   2.0
1   7   21 21 21 -1 1 21 -3 3   8 2 1 3 4 5 6 7   2.0
1   7   21 21 21 -1 1 21 -4 4   8 2 1 3 4 5 6 7   2.0
1   7   21 21 21 -1 1 21 -5 5   8 2 1 3 4 5 6 7   2.0
1   7   21 21 21 -1 2 -2 1 21   7 8 2 1 3 4 5 6   2.0
1   7   21 21 21 -1 2 21 -2 1   8 2 1 3 4 5 6 7   2.0
1   7   21 21 21 -1 3 -3 1 21   7 8 2 1 3 4 5 6   2.0
1   7   21 21 21 -1 3 21 -3 1   8 2 1 3 4 5 6 7   2.0
1   7   21 21 21 -1 4 -4 1 21   7 8 2 1 3 4 5 6   2.0
1   7   21 21 21 -1 4 21 -4 1   8 2 1 3 4 5 6 7   2.0
1   7   21 21 21 -1 5 -5 1 21   7 8 2 1 3 4 5 6   2.0
1   7   21 21 21 -1 5 21 -5 1   8 2 1 3 4 5 6 7   2.0
1   7   21 21 21 -2 1 -1 2 21   7 8 2 1 3 4 5 6   2.0
1   7   21 21 21 -2 1 21 -1 2   8 2 1 3 4 5 6 7   2.0
1   7   21 21 21 -2 2 -1 1 21   7 8 2 1 3 4 5 6   2.0
1   7   21 21 21 -2 2 -3 3 21   7 8 2 1 3 4 5 6   2.0
1   7   21 21 21 -2 2 -4 4 21   7 8 2 1 3 4 5 6   2.0
1   7   21 21 21 -2 2 -5 5 21   7 8 2 1 3 4 5 6   2.0
1   7   21 21 21 -2 2 21 -1 1   8 2 1 3 4 5 6 7   2.0
1   7   21 21 21 -2 2 21 -3 3   8 2 1 3 4 5 6 7   2.0
1   7   21 21 21 -2 2 21 -4 4   8 2 1 3 4 5 6 7   2.0
1   7   21 21 21 -2 2 21 -5 5   8 2 1 3 4 5 6 7   2.0
1   7   21 21 21 -2 3 -3 2 21   7 8 2 1 3 4 5 6   2.0
1   7   21 21 21 -2 3 21 -3 2   8 2 1 3 4 5 6 7   2.0
1   7   21 21 21 -2 4 -4 2 21   7 8 2 1 3 4 5 6   2.0
1   7   21 21 21 -2 4 21 -4 2   8 2 1 3 4 5 6 7   2.0
1   7   21 21 21 -2 5 -5 2 21   7 8 2 1 3 4 5 6   2.0
1   7   21 21 21 -2 5 21 -5 2   8 2 1 3 4 5 6 7   2.0
1   7   21 21 21 -3 1 -1 3 21   7 8 2 1 3 4 5 6   2.0
1   7   21 21 21 -3 1 21 -1 3   8 2 1 3 4 5 6 7   2.0
1   7   21 21 21 -3 2 -2 3 21   7 8 2 1 3 4 5 6   2.0
1   7   21 21 21 -3 2 21 -2 3   8 2 1 3 4 5 6 7   2.0
1   7   21 21 21 -3 3 -1 1 21   7 8 2 1 3 4 5 6   2.0
1   7   21 21 21 -3 3 -2 2 21   7 8 2 1 3 4 5 6   2.0
1   7   21 21 21 -3 3 -4 4 21   7 8 2 1 3 4 5 6   2.0
1   7   21 21 21 -3 3 -5 5 21   7 8 2 1 3 4 5 6   2.0
1   7   21 21 21 -3 3 21 -1 1   8 2 1 3 4 5 6 7   2.0
1   7   21 21 21 -3 3 21 -2 2   8 2 1 3 4 5 6 7   2.0
1   7   21 21 21 -3 3 21 -4 4   8 2 1 3 4 5 6 7   2.0
1   7   21 21 21 -3 3 21 -5 5   8 2 1 3 4 5 6 7   2.0
1   7   21 21 21 -3 4 -4 3 21   7 8 2 1 3 4 5 6   2.0
1   7   21 21 21 -3 4 21 -4 3   8 2 1 3 4 5 6 7   2.0
1   7   21 21 21 -3 5 -5 3 21   7 8 2 1 3 4 5 6   2.0
1   7   21 21 21 -3 5 21 -5 3   8 2 1 3 4 5 6 7   2.0
1   7   21 21 21 -4 1 -1 4 21   7 8 2 1 3 4 5 6   2.0
1   7   21 21 21 -4 1 21 -1 4   8 2 1 3 4 5 6 7   2.0
1   7   21 21 21 -4 2 -2 4 21   7 8 2 1 3 4 5 6   2.0
1   7   21 21 21 -4 2 21 -2 4   8 2 1 3 4 5 6 7   2.0
1   7   21 21 21 -4 3 -3 4 21   7 8 2 1 3 4 5 6   2.0
1   7   21 21 21 -4 3 21 -3 4   8 2 1 3 4 5 6 7   2.0
1   7   21 21 21 -4 4 -1 1 21   7 8 2 1 3 4 5 6   2.0
1   7   21 21 21 -4 4 -2 2 21   7 8 2 1 3 4 5 6   2.0
1   7   21 21 21 -4 4 -3 3 21   7 8 2 1 3 4 5 6   2.0
1   7   21 21 21 -4 4 -5 5 21   7 8 2 1 3 4 5 6   2.0
1   7   21 21 21 -4 4 21 -1 1   8 2 1 3 4 5 6 7   2.0
1   7   21 21 21 -4 4 21 -2 2   8 2 1 3 4 5 6 7   2.0
1   7   21 21 21 -4 4 21 -3 3   8 2 1 3 4 5 6 7   2.0
1   7   21 21 21 -4 4 21 -5 5   8 2 1 3 4 5 6 7   2.0
1   7   21 21 21 -4 5 -5 4 21   7 8 2 1 3 4 5 6   2.0
1   7   21 21 21 -4 5 21 -5 4   8 2 1 3 4 5 6 7   2.0
1   7   21 21 21 -5 1 -1 5 21   7 8 2 1 3 4 5 6   2.0
1   7   21 21 21 -5 1 21 -1 5   8 2 1 3 4 5 6 7   2.0
1   7   21 21 21 -5 2 -2 5 21   7 8 2 1 3 4 5 6   2.0
1   7   21 21 21 -5 2 21 -2 5   8 2 1 3 4 5 6 7   2.0
1   7   21 21 21 -5 3 -3 5 21   7 8 2 1 3 4 5 6   2.0
1   7   21 21 21 -5 3 21 -3 5   8 2 1 3 4 5 6 7   2.0
1   7   21 21 21 -5 4 -4 5 21   7 8 2 1 3 4 5 6   2.0
1   7   21 21 21 -5 4 21 -4 5   8 2 1 3 4 5 6 7   2.0
1   7   21 21 21 -5 5 -1 1 21   7 8 2 1 3 4 5 6   2.0
1   7   21 21 21 -5 5 -2 2 21   7 8 2 1 3 4 5 6   2.0
1   7   21 21 21 -5 5 -3 3 21   7 8 2 1 3 4 5 6   2.0
1   7   21 21 21 -5 5 -4 4 21   7 8 2 1 3 4 5 6   2.0
1   7   21 21 21 -5 5 21 -1 1   8 2 1 3 4 5 6 7   2.0
1   7   21 21 21 -5 5 21 -2 2   8 2 1 3 4 5 6 7   2.0
1   7   21 21 21 -5 5 21 -3 3   8 2 1 3 4 5 6 7   2.0
1   7   21 21 21 -5 5 21 -4 4   8 2 1 3 4 5 6 7   2.0
1   7   21 21 21 21 -1 1 -2 2   8 2 1 3 4 5 6 7   2.0
1   7   21 21 21 21 -1 1 -3 3   8 2 1 3 4 5 6 7   2.0
1   7   21 21 21 21 -1 1 -4 4   8 2 1 3 4 5 6 7   2.0
1   7   21 21 21 21 -1 1 -5 5   8 2 1 3 4 5 6 7   2.0
1   7   21 21 21 21 -1 2 -2 1   8 2 1 3 4 5 6 7   2.0
1   7   21 21 21 21 -1 3 -3 1   8 2 1 3 4 5 6 7   2.0
1   7   21 21 21 21 -1 4 -4 1   8 2 1 3 4 5 6 7   2.0
1   7   21 21 21 21 -1 5 -5 1   8 2 1 3 4 5 6 7   2.0
1   7   21 21 21 21 -2 1 -1 2   8 2 1 3 4 5 6 7   2.0
1   7   21 21 21 21 -2 2 -1 1   8 2 1 3 4 5 6 7   2.0
1   7   21 21 21 21 -2 2 -3 3   8 2 1 3 4 5 6 7   2.0
1   7   21 21 21 21 -2 2 -4 4   8 2 1 3 4 5 6 7   2.0
1   7   21 21 21 21 -2 2 -5 5   8 2 1 3 4 5 6 7   2.0
1   7   21 21 21 21 -2 3 -3 2   8 2 1 3 4 5 6 7   2.0
1   7   21 21 21 21 -2 4 -4 2   8 2 1 3 4 5 6 7   2.0
1   7   21 21 21 21 -2 5 -5 2   8 2 1 3 4 5 6 7   2.0
1   7   21 21 21 21 -3 1 -1 3   8 2 1 3 4 5 6 7   2.0
1   7   21 21 21 21 -3 2 -2 3   8 2 1 3 4 5 6 7   2.0
1   7   21 21 21 21 -3 3 -1 1   8 2 1 3 4 5 6 7   2.0
1   7   21 21 21 21 -3 3 -2 2   8 2 1 3 4 5 6 7   2.0
1   7   21 21 21 21 -3 3 -4 4   8 2 1 3 4 5 6 7   2.0
1   7   21 21 21 21 -3 3 -5 5   8 2 1 3 4 5 6 7   2.0
1   7   21 21 21 21 -3 4 -4 3   8 2 1 3 4 5 6 7   2.0
1   7   21 21 21 21 -3 5 -5 3   8 2 1 3 4 5 6 7   2.0
1   7   21 21 21 21 -4 1 -1 4   8 2 1 3 4 5 6 7   2.0
1   7   21 21 21 21 -4 2 -2 4   8 2 1 3 4 5 6 7   2.0
1   7   21 21 21 21 -4 3 -3 4   8 2 1 3 4 5 6 7   2.0
1   7   21 21 21 21 -4 4 -1 1   8 2 1 3 4 5 6 7   2.0
1   7   21 21 21 21 -4 4 -2 2   8 2 1 3 4 5 6 7   2.0
1   7   21 21 21 21 -4 4 -3 3   8 2 1 3 4 5 6 7   2.0
1   7   21 21 21 21 -4 4 -5 5   8 2 1 3 4 5 6 7   2.0
1   7   21 21 21 21 -4 5 -5 4   8 2 1 3 4 5 6 7   2.0
1   7   21 21 21 21 -5 1 -1 5   8 2 1 3 4 5 6 7   2.0
1   7   21 21 21 21 -5 2 -2 5   8 2 1 3 4 5 6 7   2.0
1   7   21 21 21 21 -5 3 -3 5   8 2 1 3 4 5 6 7   2.0
1   7   21 21 21 21 -5 4 -4 5   8 2 1 3 4 5 6 7   2.0
1   7   21 21 21 21 -5 5 -1 1   8 2 1 3 4 5 6 7   2.0
1   7   21 21 21 21 -5 5 -2 2   8 2 1 3 4 5 6 7   2.0
1   7   21 21 21 21 -5 5 -3 3   8 2 1 3 4 5 6 7   2.0
1   7   21 21 21 21 -5 5 -4 4   8 2 1 3 4 5 6 7   2.0
1   7   -1 1 -1 1 21 21 21 21   1 3 4 5 6 7 8 2   24.0
1   7   -1 1 21 -1 1 21 21 21   1 3 4 5 6 7 8 2   24.0
1   7   -1 1 21 21 -1 1 21 21   1 3 4 5 6 7 8 2   24.0
1   7   -1 1 21 21 21 -1 1 21   1 3 4 5 6 7 8 2   24.0
1   7   -1 1 21 21 21 21 -1 1   1 3 4 5 6 7 8 2   24.0
1   7   -2 2 -2 2 21 21 21 21   1 3 4 5 6 7 8 2   24.0
1   7   -2 2 21 -2 2 21 21 21   1 3 4 5 6 7 8 2   24.0
1   7   -2 2 21 21 -2 2 21 21   1 3 4 5 6 7 8 2   24.0
1   7   -2 2 21 21 21 -2 2 21   1 3 4 5 6 7 8 2   24.0
1   7   -2 2 21 21 21 21 -2 2   1 3 4 5 6 7 8 2   24.0
1   7   -3 3 -3 3 21 21 21 21   1 3 4 5 6 7 8 2   24.0
1   7   -3 3 21 -3 3 21 21 21   1 3 4 5 6 7 8 2   24.0
1   7   -3 3 21 21 -3 3 21 21   1 3 4 5 6 7 8 2   24.0
1   7   -3 3 21 21 21 -3 3 21   1 3 4 5 6 7 8 2   24.0
1   7   -3 3 21 21 21 21 -3 3   1 3 4 5 6 7 8 2   24.0
1   7   -4 4 -4 4 21 21 21 21   1 3 4 5 6 7 8 2   24.0
1   7   -4 4 21 -4 4 21 21 21   1 3 4 5 6 7 8 2   24.0
1   7   -4 4 21 21 -4 4 21 21   1 3 4 5 6 7 8 2   24.0
1   7   -4 4 21 21 21 -4 4 21   1 3 4 5 6 7 8 2   24.0
1   7   -4 4 21 21 21 21 -4 4   1 3 4 5 6 7 8 2   24.0
1   7   -5 5 -5 5 21 21 21 21   1 3 4 5 6 7 8 2   24.0
1   7   -5 5 21 -5 5 21 21 21   1 3 4 5 6 7 8 2   24.0
1   7   -5 5 21 21 -5 5 21 21   1 3 4 5 6 7 8 2   24.0
1   7   -5 5 21 21 21 -5 5 21   1 3 4 5 6 7 8 2   24.0
1   7   -5 5 21 21 21 21 -5 5   1 3 4 5 6 7 8 2   24.0
1   7   1 -1 1 21 21 21 21 -1   2 1 3 4 5 6 7 8   24.0
1   7   1 21 1 -1 1 21 21 21   5 6 7 8 2 1 3 4   12.0
1   7   1 21 1 21 -1 1 21 21   6 7 8 2 1 3 4 5   12.0
1   7   1 21 1 21 21 -1 1 21   7 8 2 1 3 4 5 6   12.0
1   7   1 21 1 21 21 21 -1 1   8 2 1 3 4 5 6 7   12.0
1   7   2 -2 2 21 21 21 21 -2   2 1 3 4 5 6 7 8   24.0
1   7   2 21 2 -2 2 21 21 21   5 6 7 8 2 1 3 4   12.0
1   7   2 21 2 21 -2 2 21 21   6 7 8 2 1 3 4 5   12.0
1   7   2 21 2 21 21 -2 2 21   7 8 2 1 3 4 5 6   12.0
1   7   2 21 2 21 21 21 -2 2   8 2 1 3 4 5 6 7   12.0
1   7   3 -3 3 21 21 21 21 -3   2 1 3 4 5 6 7 8   24.0
1   7   3 21 3 -3 3 21 21 21   5 6 7 8 2 1 3 4   12.0
1   7   3 21 3 21 -3 3 21 21   6 7 8 2 1 3 4 5   12.0
1   7   3 21 3 21 21 -3 3 21   7 8 2 1 3 4 5 6   12.0
1   7   3 21 3 21 21 21 -3 3   8 2 1 3 4 5 6 7   12.0
1   7   4 -4 4 21 21 21 21 -4   2 1 3 4 5 6 7 8   24.0
1   7   4 21 4 -4 4 21 21 21   5 6 7 8 2 1 3 4   12.0
1   7   4 21 4 21 -4 4 21 21   6 7 8 2 1 3 4 5   12.0
1   7   4 21 4 21 21 -4 4 21   7 8 2 1 3 4 5 6   12.0
1   7   4 21 4 21 21 21 -4 4   8 2 1 3 4 5 6 7   12.0
1   7   5 -5 5 21 21 21 21 -5   2 1 3 4 5 6 7 8   24.0
1   7   5 21 5 -5 5 21 21 21   5 6 7 8 2 1 3 4   12.0
1   7   5 21 5 21 -5 5 21 21   6 7 8 2 1 3 4 5   12.0
1   7   5 21 5 21 21 -5 5 21   7 8 2 1 3 4 5 6   12.0
1   7   5 21 5 21 21 21 -5 5   8 2 1 3 4 5 6 7   12.0
1   7   21 -1 -1 1 21 21 21 -1   2 1 3 4 5 6 7 8   12.0
1   7   21 -1 21 -1 1 21 21 -1   2 1 3 4 5 6 7 8   12.0
1   7   21 -1 21 21 -1 1 21 -1   2 1 3 4 5 6 7 8   12.0
1   7   21 -1 21 21 21 -1 1 -1   2 1 3 4 5 6 7 8   12.0
1   7   21 -2 -2 2 21 21 21 -2   2 1 3 4 5 6 7 8   12.0
1   7   21 -2 21 -2 2 21 21 -2   2 1 3 4 5 6 7 8   12.0
1   7   21 -2 21 21 -2 2 21 -2   2 1 3 4 5 6 7 8   12.0
1   7   21 -2 21 21 21 -2 2 -2   2 1 3 4 5 6 7 8   12.0
1   7   21 -3 -3 3 21 21 21 -3   2 1 3 4 5 6 7 8   12.0
1   7   21 -3 21 -3 3 21 21 -3   2 1 3 4 5 6 7 8   12.0
1   7   21 -3 21 21 -3 3 21 -3   2 1 3 4 5 6 7 8   12.0
1   7   21 -3 21 21 21 -3 3 -3   2 1 3 4 5 6 7 8   12.0
1   7   21 -4 -4 4 21 21 21 -4   2 1 3 4 5 6 7 8   12.0
1   7   21 -4 21 -4 4 21 21 -4   2 1 3 4 5 6 7 8   12.0
1   7   21 -4 21 21 -4 4 21 -4   2 1 3 4 5 6 7 8   12.0
1   7   21 -4 21 21 21 -4 4 -4   2 1 3 4 5 6 7 8   12.0
1   7   21 -5 -5 5 21 21 21 -5   2 1 3 4 5 6 7 8   12.0
1   7   21 -5 21 -5 5 21 21 -5   2 1 3 4 5 6 7 8   12.0
1   7   21 -5 21 21 -5 5 21 -5   2 1 3 4 5 6 7 8   12.0
1   7   21 -5 21 21 21 -5 5 -5   2 1 3 4 5 6 7 8   12.0
1   7   21 21 -1 1 -1 1 21 21   6 7 8 2 1 3 4 5   8.0
1   7   21 21 -1 1 21 -1 1 21   7 8 2 1 3 4 5 6   8.0
1   7   21 21 -1 1 21 21 -1 1   8 2 1 3 4 5 6 7   8.0
1   7   21 21 -2 2 -2 2 21 21   6 7 8 2 1 3 4 5   8.0
1   7   21 21 -2 2 21 -2 2 21   7 8 2 1 3 4 5 6   8.0
1   7   21 21 -2 2 21 21 -2 2   8 2 1 3 4 5 6 7   8.0
1   7   21 21 -3 3 -3 3 21 21   6 7 8 2 1 3 4 5   8.0
1   7   21 21 -3 3 21 -3 3 21   7 8 2 1 3 4 5 6   8.0
1   7   21 21 -3 3 21 21 -3 3   8 2 1 3 4 5 6 7   8.0
1   7   21 21 -4 4 -4 4 21 21   6 7 8 2 1 3 4 5   8.0
1   7   21 21 -4 4 21 -4 4 21   7 8 2 1 3 4 5 6   8.0
1   7   21 21 -4 4 21 21 -4 4   8 2 1 3 4 5 6 7   8.0
1   7   21 21 -5 5 -5 5 21 21   6 7 8 2 1 3 4 5   8.0
1   7   21 21 -5 5 21 -5 5 21   7 8 2 1 3 4 5 6   8.0
1   7   21 21 -5 5 21 21 -5 5   8 2 1 3 4 5 6 7   8.0
1   7   21 21 21 -1 1 -1 1 21   7 8 2 1 3 4 5 6   8.0
1   7   21 21 21 -1 1 21 -1 1   8 2 1 3 4 5 6 7   8.0
1   7   21 21 21 -2 2 -2 2 21   7 8 2 1 3 4 5 6   8.0
1   7   21 21 21 -2 2 21 -2 2   8 2 1 3 4 5 6 7   8.0
1   7   21 21 21 -3 3 -3 3 21   7 8 2 1 3 4 5 6   8.0
1   7   21 21 21 -3 3 21 -3 3   8 2 1 3 4 5 6 7   8.0
1   7   21 21 21 -4 4 -4 4 21   7 8 2 1 3 4 5 6   8.0
1   7   21 21 21 -4 4 21 -4 4   8 2 1 3 4 5 6 7   8.0
1   7   21 21 21 -5 5 -5 5 21   7 8 2 1 3 4 5 6   8.0
1   7   21 21 21 -5 5 21 -5 5   8 2 1 3 4 5 6 7   8.0
1   7   21 21 21 21 -1 1 -1 1   8 2 1 3 4 5 6 7   8.0
1   7   21 21 21 21 -2 2 -2 2   8 2 1 3 4 5 6 7   8.0
1   7   21 21 21 21 -3 3 -3 3   8 2 1 3 4 5 6 7   8.0
1   7   21 21 21 21 -4 4 -4 4   8 2 1 3 4 5 6 7   8.0
1   7   21 21 21 21 -5 5 -5 5   8 2 1 3 4 5 6 7   8.0



