7 51
21 21 21 21 21 21 21
1 -1 21 21 21 21 21
2 -2 21 21 21 21 21
3 -3 21 21 21 21 21
4 -4 21 21 21 21 21
5 -5 21 21 21 21 21
1 2 -1 -2 21 21 21
1 2 -2 -1 21 21 21
2 1 -1 -2 21 21 21
2 1 -2 -1 21 21 21
1 3 -1 -3 21 21 21
1 3 -3 -1 21 21 21
3 1 -1 -3 21 21 21
3 1 -3 -1 21 21 21
1 4 -1 -4 21 21 21
1 4 -4 -1 21 21 21
4 1 -1 -4 21 21 21
4 1 -4 -1 21 21 21
1 5 -1 -5 21 21 21
1 5 -5 -1 21 21 21
5 1 -1 -5 21 21 21
5 1 -5 -1 21 21 21
2 3 -2 -3 21 21 21
2 3 -3 -2 21 21 21
3 2 -2 -3 21 21 21
3 2 -3 -2 21 21 21
2 4 -2 -4 21 21 21
2 4 -4 -2 21 21 21
4 2 -2 -4 21 21 21
4 2 -4 -2 21 21 21
2 5 -2 -5 21 21 21
2 5 -5 -2 21 21 21
5 2 -2 -5 21 21 21
5 2 -5 -2 21 21 21
3 4 -3 -4 21 21 21
3 4 -4 -3 21 21 21
4 3 -3 -4 21 21 21
4 3 -4 -3 21 21 21
3 5 -3 -5 21 21 21
3 5 -5 -3 21 21 21
5 3 -3 -5 21 21 21
5 3 -5 -3 21 21 21
4 5 -4 -5 21 21 21
4 5 -5 -4 21 21 21
5 4 -4 -5 21 21 21
5 4 -5 -4 21 21 21
1 1 -1 -1 21 21 21
2 2 -2 -2 21 21 21
3 3 -3 -3 21 21 21
4 4 -4 -4 21 21 21
5 5 -5 -5 21 21 21


6

1   666   1   1 2 3 4 5 6 7
1   1   21 21 21 21 21 21 21   1 2 3 4 5 6 7   120.0
1   1   -1 21 21 21 21 21 -1   1 2 3 4 5 6 7   24.0
1   1   -2 21 21 21 21 21 -2   1 2 3 4 5 6 7   24.0
1   1   -3 21 21 21 21 21 -3   1 2 3 4 5 6 7   24.0
1   1   -4 21 21 21 21 21 -4   1 2 3 4 5 6 7   24.0
1   1   -5 21 21 21 21 21 -5   1 2 3 4 5 6 7   24.0
1   1   1 -1 21 21 21 21 21   2 3 4 5 6 7 1   120.0
1   1   2 -2 21 21 21 21 21   2 3 4 5 6 7 1   120.0
1   1   3 -3 21 21 21 21 21   2 3 4 5 6 7 1   120.0
1   1   4 -4 21 21 21 21 21   2 3 4 5 6 7 1   120.0
1   1   5 -5 21 21 21 21 21   2 3 4 5 6 7 1   120.0
1   1   21 1 1 21 21 21 21   3 4 5 6 7 1 2   24.0
1   1   21 2 2 21 21 21 21   3 4 5 6 7 1 2   24.0
1   1   21 3 3 21 21 21 21   3 4 5 6 7 1 2   24.0
1   1   21 4 4 21 21 21 21   3 4 5 6 7 1 2   24.0
1   1   21 5 5 21 21 21 21   3 4 5 6 7 1 2   24.0
1   1   21 21 -1 1 21 21 21   4 5 6 7 1 2 3   6.0
1   1   21 21 -2 2 21 21 21   4 5 6 7 1 2 3   6.0
1   1   21 21 -3 3 21 21 21   4 5 6 7 1 2 3   6.0
1   1   21 21 -4 4 21 21 21   4 5 6 7 1 2 3   6.0
1   1   21 21 -5 5 21 21 21   4 5 6 7 1 2 3   6.0
1   1   21 21 21 -1 1 21 21   5 6 7 1 2 3 4   6.0
1   1   21 21 21 -2 2 21 21   5 6 7 1 2 3 4   6.0
1   1   21 21 21 -3 3 21 21   5 6 7 1 2 3 4   6.0
1   1   21 21 21 -4 4 21 21   5 6 7 1 2 3 4   6.0
1   1   21 21 21 -5 5 21 21   5 6 7 1 2 3 4   6.0
1   1   21 21 21 21 -1 1 21   6 7 1 2 3 4 5   6.0
1   1   21 21 21 21 -2 2 21   6 7 1 2 3 4 5   6.0
1   1   21 21 21 21 -3 3 21   6 7 1 2 3 4 5   6.0
1   1   21 21 21 21 -4 4 21   6 7 1 2 3 4 5   6.0
1   1   21 21 21 21 -5 5 21   6 7 1 2 3 4 5   6.0
1   1   21 21 21 21 21 -1 1   7 1 2 3 4 5 6   6.0
1   1   21 21 21 21 21 -2 2   7 1 2 3 4 5 6   6.0
1   1   21 21 21 21 21 -3 3   7 1 2 3 4 5 6   6.0
1   1   21 21 21 21 21 -4 4   7 1 2 3 4 5 6   6.0
1   1   21 21 21 21 21 -5 5   7 1 2 3 4 5 6   6.0
1   1   -1 1 2 21 21 21 -2   1 2 3 4 5 6 7   6.0
1   1   -1 1 3 21 21 21 -3   1 2 3 4 5 6 7   6.0
1   1   -1 1 4 21 21 21 -4   1 2 3 4 5 6 7   6.0
1   1   -1 1 5 21 21 21 -5   1 2 3 4 5 6 7   6.0
1   1   -1 2 2 21 21 21 -1   1 2 3 4 5 6 7   6.0
1   1   -1 3 3 21 21 21 -1   1 2 3 4 5 6 7   6.0
1   1   -1 4 4 21 21 21 -1   1 2 3 4 5 6 7   6.0
1   1   -1 5 5 21 21 21 -1   1 2 3 4 5 6 7   6.0
1   1   -1 21 -1 2 21 21 -2   1 2 3 4 5 6 7   2.0
1   1   -1 21 -1 3 21 21 -3   1 2 3 4 5 6 7   2.0
1   1   -1 21 -1 4 21 21 -4   1 2 3 4 5 6 7   2.0
1   1   -1 21 -1 5 21 21 -5   1 2 3 4 5 6 7   2.0
1   1   -1 21 -2 2 21 21 -1   1 2 3 4 5 6 7   2.0
1   1   -1 21 -3 3 21 21 -1   1 2 3 4 5 6 7   2.0
1   1   -1 21 -4 4 21 21 -1   1 2 3 4 5 6 7   2.0
1   1   -1 21 -5 5 21 21 -1   1 2 3 4 5 6 7   2.0
1   1   -1 21 21 -1 2 21 -2   1 2 3 4 5 6 7   2.0
1   1   -1 21 21 -1 3 21 -3   1 2 3 4 5 6 7   2.0
1   1   -1 21 21 -1 4 21 -4   1 2 3 4 5 6 7   2.0
1   1   -1 21 21 -1 5 21 -5   1 2 3 4 5 6 7   2.0
1   1   -1 21 21 -2 2 21 -1   1 2 3 4 5 6 7   2.0
1   1   -1 21 21 -3 3 21 -1   1 2 3 4 5 6 7   2.0
1   1   -1 21 21 -4 4 21 -1   1 2 3 4 5 6 7   2.0
1   1   -1 21 21 -5 5 21 -1   1 2 3 4 5 6 7   2.0
1   1   -1 21 21 21 -1 2 -2   1 2 3 4 5 6 7   2.0
1   1   -1 21 21 21 -1 3 -3   1 2 3 4 5 6 7   2.0
1   1   -1 21 21 21 -1 4 -4   1 2 3 4 5 6 7   2.0
1   1   -1 21 21 21 -1 5 -5   1 2 3 4 5 6 7   2.0
1   1   -1 21 21 21 -2 2 -1   1 2 3 4 5 6 7   2.0
1   1   -1 21 21 21 -3 3 -1   1 2 3 4 5 6 7   2.0
1   1   -1 21 21 21 -4 4 -1   1 2 3 4 5 6 7   2.0
1   1   -1 21 21 21 -5 5 -1   1 2 3 4 5 6 7   2.0
1   1   -2 1 1 21 21 21 -2   1 2 3 4 5 6 7   6.0
1   1   -2 2 1 21 21 21 -1   1 2 3 4 5 6 7   6.0
1   1   -2 2 3 21 21 21 -3   1 2 3 4 5 6 7   6.0
1   1   -2 2 4 21 21 21 -4   1 2 3 4 5 6 7   6.0
1   1   -2 2 5 21 21 21 -5   1 2 3 4 5 6 7   6.0
1   1   -2 3 3 21 21 21 -2   1 2 3 4 5 6 7   6.0
1   1   -2 4 4 21 21 21 -2   1 2 3 4 5 6 7   6.0
1   1   -2 5 5 21 21 21 -2   1 2 3 4 5 6 7   6.0
1   1   -2 21 -1 1 21 21 -2   1 2 3 4 5 6 7   2.0
1   1   -2 21 -2 1 21 21 -1   1 2 3 4 5 6 7   2.0
1   1   -2 21 -2 3 21 21 -3   1 2 3 4 5 6 7   2.0
1   1   -2 21 -2 4 21 21 -4   1 2 3 4 5 6 7   2.0
1   1   -2 21 -2 5 21 21 -5   1 2 3 4 5 6 7   2.0
1   1   -2 21 -3 3 21 21 -2   1 2 3 4 5 6 7   2.0
1   1   -2 21 -4 4 21 21 -2   1 2 3 4 5 6 7   2.0
1   1   -2 21 -5 5 21 21 -2   1 2 3 4 5 6 7   2.0
1   1   -2 21 21 -1 1 21 -2   1 2 3 4 5 6 7   2.0
1   1   -2 21 21 -2 1 21 -1   1 2 3 4 5 6 7   2.0
1   1   -2 21 21 -2 3 21 -3   1 2 3 4 5 6 7   2.0
1   1   -2 21 21 -2 4 21 -4   1 2 3 4 5 6 7   2.0
1   1   -2 21 21 -2 5 21 -5   1 2 3 4 5 6 7   2.0
1   1   -2 21 21 -3 3 21 -2   1 2 3 4 5 6 7   2.0
1   1   -2 21 21 -4 4 21 -2   1 2 3 4 5 6 7   2.0
1   1   -2 21 21 -5 5 21 -2   1 2 3 4 5 6 7   2.0
1   1   -2 21 21 21 -1 1 -2   1 2 3 4 5 6 7   2.0
1   1   -2 21 21 21 -2 1 -1   1 2 3 4 5 6 7   2.0
1   1   -2 21 21 21 -2 3 -3   1 2 3 4 5 6 7   2.0
1   1   -2 21 21 21 -2 4 -4   1 2 3 4 5 6 7   2.0
1   1   -2 21 21 21 -2 5 -5   1 2 3 4 5 6 7   2.0
1   1   -2 21 21 21 -3 3 -2   1 2 3 4 5 6 7   2.0
1   1   -2 21 21 21 -4 4 -2   1 2 3 4 5 6 7   2.0
1   1   -2 21 21 21 -5 5 -2   1 2 3 4 5 6 7   2.0
1   1   -3 1 1 21 21 21 -3   1 2 3 4 5 6 7   6.0
1   1   -3 2 2 21 21 21 -3   1 2 3 4 5 6 7   6.0
1   1   -3 3 1 21 21 21 -1   1 2 3 4 5 6 7   6.0
1   1   -3 3 2 21 21 21 -2   1 2 3 4 5 6 7   6.0
1   1   -3 3 4 21 21 21 -4   1 2 3 4 5 6 7   6.0
1   1   -3 3 5 21 21 21 -5   1 2 3 4 5 6 7   6.0
1   1   -3 4 4 21 21 21 -3   1 2 3 4 5 6 7   6.0
1   1   -3 5 5 21 21 21 -3   1 2 3 4 5 6 7   6.0
1   1   -3 21 -1 1 21 21 -3   1 2 3 4 5 6 7   2.0
1   1   -3 21 -2 2 21 21 -3   1 2 3 4 5 6 7   2.0
1   1   -3 21 -3 1 21 21 -1   1 2 3 4 5 6 7   2.0
1   1   -3 21 -3 2 21 21 -2   1 2 3 4 5 6 7   2.0
1   1   -3 21 -3 4 21 21 -4   1 2 3 4 5 6 7   2.0
1   1   -3 21 -3 5 21 21 -5   1 2 3 4 5 6 7   2.0
1   1   -3 21 -4 4 21 21 -3   1 2 3 4 5 6 7   2.0
1   1   -3 21 -5 5 21 21 -3   1 2 3 4 5 6 7   2.0
1   1   -3 21 21 -1 1 21 -3   1 2 3 4 5 6 7   2.0
1   1   -3 21 21 -2 2 21 -3   1 2 3 4 5 6 7   2.0
1   1   -3 21 21 -3 1 21 -1   1 2 3 4 5 6 7   2.0
1   1   -3 21 21 -3 2 21 -2   1 2 3 4 5 6 7   2.0
1   1   -3 21 21 -3 4 21 -4   1 2 3 4 5 6 7   2.0
1   1   -3 21 21 -3 5 21 -5   1 2 3 4 5 6 7   2.0
1   1   -3 21 21 -4 4 21 -3   1 2 3 4 5 6 7   2.0
1   1   -3 21 21 -5 5 21 -3   1 2 3 4 5 6 7   2.0
1   1   -3 21 21 21 -1 1 -3   1 2 3 4 5 6 7   2.0
1   1   -3 21 21 21 -2 2 -3   1 2 3 4 5 6 7   2.0
1   1   -3 21 21 21 -3 1 -1   1 2 3 4 5 6 7   2.0
1   1   -3 21 21 21 -3 2 -2   1 2 3 4 5 6 7   2.0
1   1   -3 21 21 21 -3 4 -4   1 2 3 4 5 6 7   2.0
1   1   -3 21 21 21 -3 5 -5   1 2 3 4 5 6 7   2.0
1   1   -3 21 21 21 -4 4 -3   1 2 3 4 5 6 7   2.0
1   1   -3 21 21 21 -5 5 -3   1 2 3 4 5 6 7   2.0
1   1   -4 1 1 21 21 21 -4   1 2 3 4 5 6 7   6.0
1   1   -4 2 2 21 21 21 -4   1 2 3 4 5 6 7   6.0
1   1   -4 3 3 21 21 21 -4   1 2 3 4 5 6 7   6.0
1   1   -4 4 1 21 21 21 -1   1 2 3 4 5 6 7   6.0
1   1   -4 4 2 21 21 21 -2   1 2 3 4 5 6 7   6.0
1   1   -4 4 3 21 21 21 -3   1 2 3 4 5 6 7   6.0
1   1   -4 4 5 21 21 21 -5   1 2 3 4 5 6 7   6.0
1   1   -4 5 5 21 21 21 -4   1 2 3 4 5 6 7   6.0
1   1   -4 21 -1 1 21 21 -4   1 2 3 4 5 6 7   2.0
1   1   -4 21 -2 2 21 21 -4   1 2 3 4 5 6 7   2.0
1   1   -4 21 -3 3 21 21 -4   1 2 3 4 5 6 7   2.0
1   1   -4 21 -4 1 21 21 -1   1 2 3 4 5 6 7   2.0
1   1   -4 21 -4 2 21 21 -2   1 2 3 4 5 6 7   2.0
1   1   -4 21 -4 3 21 21 -3   1 2 3 4 5 6 7   2.0
1   1   -4 21 -4 5 21 21 -5   1 2 3 4 5 6 7   2.0
1   1   -4 21 -5 5 21 21 -4   1 2 3 4 5 6 7   2.0
1   1   -4 21 21 -1 1 21 -4   1 2 3 4 5 6 7   2.0
1   1   -4 21 21 -2 2 21 -4   1 2 3 4 5 6 7   2.0
1   1   -4 21 21 -3 3 21 -4   1 2 3 4 5 6 7   2.0
1   1   -4 21 21 -4 1 21 -1   1 2 3 4 5 6 7   2.0
1   1   -4 21 21 -4 2 21 -2   1 2 3 4 5 6 7   2.0
1   1   -4 21 21 -4 3 21 -3   1 2 3 4 5 6 7   2.0
1   1   -4 21 21 -4 5 21 -5   1 2 3 4 5 6 7   2.0
1   1   -4 21 21 -5 5 21 -4   1 2 3 4 5 6 7   2.0
1   1   -4 21 21 21 -1 1 -4   1 2 3 4 5 6 7   2.0
1   1   -4 21 21 21 -2 2 -4   1 2 3 4 5 6 7   2.0
1   1   -4 21 21 21 -3 3 -4   1 2 3 4 5 6 7   2.0
1   1   -4 21 21 21 -4 1 -1   1 2 3 4 5 6 7   2.0
1   1   -4 21 21 21 -4 2 -2   1 2 3 4 5 6 7   2.0
1   1   -4 21 21 21 -4 3 -3   1 2 3 4 5 6 7   2.0
1   1   -4 21 21 21 -4 5 -5   1 2 3 4 5 6 7   2.0
1   1   -4 21 21 21 -5 5 -4   1 2 3 4 5 6 7   2.0
1   1   -5 1 1 21 21 21 -5   1 2 3 4 5 6 7   6.0
1   1   -5 2 2 21 21 21 -5   1 2 3 4 5 6 7   6.0
1   1   -5 3 3 21 21 21 -5   1 2 3 4 5 6 7   6.0
1   1   -5 4 4 21 21 21 -5   1 2 3 4 5 6 7   6.0
1   1   -5 5 1 21 21 21 -1   1 2 3 4 5 6 7   6.0
1   1   -5 5 2 21 21 21 -2   1 2 3 4 5 6 7   6.0
1   1   -5 5 3 21 21 21 -3   1 2 3 4 5 6 7   6.0
1   1   -5 5 4 21 21 21 -4   1 2 3 4 5 6 7   6.0
1   1   -5 21 -1 1 21 21 -5   1 2 3 4 5 6 7   2.0
1   1   -5 21 -2 2 21 21 -5   1 2 3 4 5 6 7   2.0
1   1   -5 21 -3 3 21 21 -5   1 2 3 4 5 6 7   2.0
1   1   -5 21 -4 4 21 21 -5   1 2 3 4 5 6 7   2.0
1   1   -5 21 -5 1 21 21 -1   1 2 3 4 5 6 7   2.0
1   1   -5 21 -5 2 21 21 -2   1 2 3 4 5 6 7   2.0
1   1   -5 21 -5 3 21 21 -3   1 2 3 4 5 6 7   2.0
1   1   -5 21 -5 4 21 21 -4   1 2 3 4 5 6 7   2.0
1   1   -5 21 21 -1 1 21 -5   1 2 3 4 5 6 7   2.0
1   1   -5 21 21 -2 2 21 -5   1 2 3 4 5 6 7   2.0
1   1   -5 21 21 -3 3 21 -5   1 2 3 4 5 6 7   2.0
1   1   -5 21 21 -4 4 21 -5   1 2 3 4 5 6 7   2.0
1   1   -5 21 21 -5 1 21 -1   1 2 3 4 5 6 7   2.0
1   1   -5 21 21 -5 2 21 -2   1 2 3 4 5 6 7   2.0
1   1   -5 21 21 -5 3 21 -3   1 2 3 4 5 6 7   2.0
1   1   -5 21 21 -5 4 21 -4   1 2 3 4 5 6 7   2.0
1   1   -5 21 21 21 -1 1 -5   1 2 3 4 5 6 7   2.0
1   1   -5 21 21 21 -2 2 -5   1 2 3 4 5 6 7   2.0
1   1   -5 21 21 21 -3 3 -5   1 2 3 4 5 6 7   2.0
1   1   -5 21 21 21 -4 4 -5   1 2 3 4 5 6 7   2.0
1   1   -5 21 21 21 -5 1 -1   1 2 3 4 5 6 7   2.0
1   1   -5 21 21 21 -5 2 -2   1 2 3 4 5 6 7   2.0
1   1   -5 21 21 21 -5 3 -3   1 2 3 4 5 6 7   2.0
1   1   -5 21 21 21 -5 4 -4   1 2 3 4 5 6 7   2.0
1   1   1 -1 -2 2 21 21 21   4 5 6 7 1 2 3   6.0
1   1   1 -1 -3 3 21 21 21   4 5 6 7 1 2 3   6.0
1   1   1 -1 -4 4 21 21 21   4 5 6 7 1 2 3   6.0
1   1   1 -1 -5 5 21 21 21   4 5 6 7 1 2 3   6.0
1   1   1 -1 21 -2 2 21 21   5 6 7 1 2 3 4   6.0
1   1   1 -1 21 -3 3 21 21   5 6 7 1 2 3 4   6.0
1   1   1 -1 21 -4 4 21 21   5 6 7 1 2 3 4   6.0
1   1   1 -1 21 -5 5 21 21   5 6 7 1 2 3 4   6.0
1   1   1 -1 21 21 -2 2 21   6 7 1 2 3 4 5   6.0
1   1   1 -1 21 21 -3 3 21   6 7 1 2 3 4 5   6.0
1   1   1 -1 21 21 -4 4 21   6 7 1 2 3 4 5   6.0
1   1   1 -1 21 21 -5 5 21   6 7 1 2 3 4 5   6.0
1   1   1 -1 21 21 21 -2 2   7 1 2 3 4 5 6   6.0
1   1   1 -1 21 21 21 -3 3   7 1 2 3 4 5 6   6.0
1   1   1 -1 21 21 21 -4 4   7 1 2 3 4 5 6   6.0
1   1   1 -1 21 21 21 -5 5   7 1 2 3 4 5 6   6.0
1   1   1 -2 -2 1 21 21 21   4 5 6 7 1 2 3   6.0
1   1   1 -2 21 -2 1 21 21   5 6 7 1 2 3 4   6.0
1   1   1 -2 21 21 -2 1 21   6 7 1 2 3 4 5   6.0
1   1   1 -2 21 21 21 -2 1   7 1 2 3 4 5 6   6.0
1   1   1 -3 -3 1 21 21 21   4 5 6 7 1 2 3   6.0
1   1   1 -3 21 -3 1 21 21   5 6 7 1 2 3 4   6.0
1   1   1 -3 21 21 -3 1 21   6 7 1 2 3 4 5   6.0
1   1   1 -3 21 21 21 -3 1   7 1 2 3 4 5 6   6.0
1   1   1 -4 -4 1 21 21 21   4 5 6 7 1 2 3   6.0
1   1   1 -4 21 -4 1 21 21   5 6 7 1 2 3 4   6.0
1   1   1 -4 21 21 -4 1 21   6 7 1 2 3 4 5   6.0
1   1   1 -4 21 21 21 -4 1   7 1 2 3 4 5 6   6.0
1   1   1 -5 -5 1 21 21 21   4 5 6 7 1 2 3   6.0
1   1   1 -5 21 -5 1 21 21   5 6 7 1 2 3 4   6.0
1   1   1 -5 21 21 -5 1 21   6 7 1 2 3 4 5   6.0
1   1   1 -5 21 21 21 -5 1   7 1 2 3 4 5 6   6.0
1   1   2 -1 -1 2 21 21 21   4 5 6 7 1 2 3   6.0
1   1   2 -1 21 -1 2 21 21   5 6 7 1 2 3 4   6.0
1   1   2 -1 21 21 -1 2 21   6 7 1 2 3 4 5   6.0
1   1   2 -1 21 21 21 -1 2   7 1 2 3 4 5 6   6.0
1   1   2 -2 -1 1 21 21 21   4 5 6 7 1 2 3   6.0
1   1   2 -2 -3 3 21 21 21   4 5 6 7 1 2 3   6.0
1   1   2 -2 -4 4 21 21 21   4 5 6 7 1 2 3   6.0
1   1   2 -2 -5 5 21 21 21   4 5 6 7 1 2 3   6.0
1   1   2 -2 21 -1 1 21 21   5 6 7 1 2 3 4   6.0
1   1   2 -2 21 -3 3 21 21   5 6 7 1 2 3 4   6.0
1   1   2 -2 21 -4 4 21 21   5 6 7 1 2 3 4   6.0
1   1   2 -2 21 -5 5 21 21   5 6 7 1 2 3 4   6.0
1   1   2 -2 21 21 -1 1 21   6 7 1 2 3 4 5   6.0
1   1   2 -2 21 21 -3 3 21   6 7 1 2 3 4 5   6.0
1   1   2 -2 21 21 -4 4 21   6 7 1 2 3 4 5   6.0
1   1   2 -2 21 21 -5 5 21   6 7 1 2 3 4 5   6.0
1   1   2 -2 21 21 21 -1 1   7 1 2 3 4 5 6   6.0
1   1   2 -2 21 21 21 -3 3   7 1 2 3 4 5 6   6.0
1   1   2 -2 21 21 21 -4 4   7 1 2 3 4 5 6   6.0
1   1   2 -2 21 21 21 -5 5   7 1 2 3 4 5 6   6.0
1   1   2 -3 -3 2 21 21 21   4 5 6 7 1 2 3   6.0
1   1   2 -3 21 -3 2 21 21   5 6 7 1 2 3 4   6.0
1   1   2 -3 21 21 -3 2 21   6 7 1 2 3 4 5   6.0
1   1   2 -3 21 21 21 -3 2   7 1 2 3 4 5 6   6.0
1   1   2 -4 -4 2 21 21 21   4 5 6 7 1 2 3   6.0
1   1   2 -4 21 -4 2 21 21   5 6 7 1 2 3 4   6.0
1   1   2 -4 21 21 -4 2 21   6 7 1 2 3 4 5   6.0
1   1   2 -4 21 21 21 -4 2   7 1 2 3 4 5 6   6.0
1   1   2 -5 -5 2 21 21 21   4 5 6 7 1 2 3   6.0
1   1   2 -5 21 -5 2 21 21   5 6 7 1 2 3 4   6.0
1   1   2 -5 21 21 -5 2 21   6 7 1 2 3 4 5   6.0
1   1   2 -5 21 21 21 -5 2   7 1 2 3 4 5 6   6.0
1   1   3 -1 -1 3 21 21 21   4 5 6 7 1 2 3   6.0
1   1   3 -1 21 -1 3 21 21   5 6 7 1 2 3 4   6.0
1   1   3 -1 21 21 -1 3 21   6 7 1 2 3 4 5   6.0
1   1   3 -1 21 21 21 -1 3   7 1 2 3 4 5 6   6.0
1   1   3 -2 -2 3 21 21 21   4 5 6 7 1 2 3   6.0
1   1   3 -2 21 -2 3 21 21   5 6 7 1 2 3 4   6.0
1   1   3 -2 21 21 -2 3 21   6 7 1 2 3 4 5   6.0
1   1   3 -2 21 21 21 -2 3   7 1 2 3 4 5 6   6.0
1   1   3 -3 -1 1 21 21 21   4 5 6 7 1 2 3   6.0
1   1   3 -3 -2 2 21 21 21   4 5 6 7 1 2 3   6.0
1   1   3 -3 -4 4 21 21 21   4 5 6 7 1 2 3   6.0
1   1   3 -3 -5 5 21 21 21   4 5 6 7 1 2 3   6.0
1   1   3 -3 21 -1 1 21 21   5 6 7 1 2 3 4   6.0
1   1   3 -3 21 -2 2 21 21   5 6 7 1 2 3 4   6.0
1   1   3 -3 21 -4 4 21 21   5 6 7 1 2 3 4   6.0
1   1   3 -3 21 -5 5 21 21   5 6 7 1 2 3 4   6.0
1   1   3 -3 21 21 -1 1 21   6 7 1 2 3 4 5   6.0
1   1   3 -3 21 21 -2 2 21   6 7 1 2 3 4 5   6.0
1   1   3 -3 21 21 -4 4 21   6 7 1 2 3 4 5   6.0
1   1   3 -3 21 21 -5 5 21   6 7 1 2 3 4 5   6.0
1   1   3 -3 21 21 21 -1 1   7 1 2 3 4 5 6   6.0
1   1   3 -3 21 21 21 -2 2   7 1 2 3 4 5 6   6.0
1   1   3 -3 21 21 21 -4 4   7 1 2 3 4 5 6   6.0
1   1   3 -3 21 21 21 -5 5   7 1 2 3 4 5 6   6.0
1   1   3 -4 -4 3 21 21 21   4 5 6 7 1 2 3   6.0
1   1   3 -4 21 -4 3 21 21   5 6 7 1 2 3 4   6.0
1   1   3 -4 21 21 -4 3 21   6 7 1 2 3 4 5   6.0
1   1   3 -4 21 21 21 -4 3   7 1 2 3 4 5 6   6.0
1   1   3 -5 -5 3 21 21 21   4 5 6 7 1 2 3   6.0
1   1   3 -5 21 -5 3 21 21   5 6 7 1 2 3 4   6.0
1   1   3 -5 21 21 -5 3 21   6 7 1 2 3 4 5   6.0
1   1   3 -5 21 21 21 -5 3   7 1 2 3 4 5 6   6.0
1   1   4 -1 -1 4 21 21 21   4 5 6 7 1 2 3   6.0
1   1   4 -1 21 -1 4 21 21   5 6 7 1 2 3 4   6.0
1   1   4 -1 21 21 -1 4 21   6 7 1 2 3 4 5   6.0
1   1   4 -1 21 21 21 -1 4   7 1 2 3 4 5 6   6.0
1   1   4 -2 -2 4 21 21 21   4 5 6 7 1 2 3   6.0
1   1   4 -2 21 -2 4 21 21   5 6 7 1 2 3 4   6.0
1   1   4 -2 21 21 -2 4 21   6 7 1 2 3 4 5   6.0
1   1   4 -2 21 21 21 -2 4   7 1 2 3 4 5 6   6.0
1   1   4 -3 -3 4 21 21 21   4 5 6 7 1 2 3   6.0
1   1   4 -3 21 -3 4 21 21   5 6 7 1 2 3 4   6.0
1   1   4 -3 21 21 -3 4 21   6 7 1 2 3 4 5   6.0
1   1   4 -3 21 21 21 -3 4   7 1 2 3 4 5 6   6.0
1   1   4 -4 -1 1 21 21 21   4 5 6 7 1 2 3   6.0
1   1   4 -4 -2 2 21 21 21   4 5 6 7 1 2 3   6.0
1   1   4 -4 -3 3 21 21 21   4 5 6 7 1 2 3   6.0
1   1   4 -4 -5 5 21 21 21   4 5 6 7 1 2 3   6.0
1   1   4 -4 21 -1 1 21 21   5 6 7 1 2 3 4   6.0
1   1   4 -4 21 -2 2 21 21   5 6 7 1 2 3 4   6.0
1   1   4 -4 21 -3 3 21 21   5 6 7 1 2 3 4   6.0
1   1   4 -4 21 -5 5 21 21   5 6 7 1 2 3 4   6.0
1   1   4 -4 21 21 -1 1 21   6 7 1 2 3 4 5   6.0
1   1   4 -4 21 21 -2 2 21   6 7 1 2 3 4 5   6.0
1   1   4 -4 21 21 -3 3 21   6 7 1 2 3 4 5   6.0
1   1   4 -4 21 21 -5 5 21   6 7 1 2 3 4 5   6.0
1   1   4 -4 21 21 21 -1 1   7 1 2 3 4 5 6   6.0
1   1   4 -4 21 21 21 -2 2   7 1 2 3 4 5 6   6.0
1   1   4 -4 21 21 21 -3 3   7 1 2 3 4 5 6   6.0
1   1   4 -4 21 21 21 -5 5   7 1 2 3 4 5 6   6.0
1   1   4 -5 -5 4 21 21 21   4 5 6 7 1 2 3   6.0
1   1   4 -5 21 -5 4 21 21   5 6 7 1 2 3 4   6.0
1   1   4 -5 21 21 -5 4 21   6 7 1 2 3 4 5   6.0
1   1   4 -5 21 21 21 -5 4   7 1 2 3 4 5 6   6.0
1   1   5 -1 -1 5 21 21 21   4 5 6 7 1 2 3   6.0
1   1   5 -1 21 -1 5 21 21   5 6 7 1 2 3 4   6.0
1   1   5 -1 21 21 -1 5 21   6 7 1 2 3 4 5   6.0
1   1   5 -1 21 21 21 -1 5   7 1 2 3 4 5 6   6.0
1   1   5 -2 -2 5 21 21 21   4 5 6 7 1 2 3   6.0
1   1   5 -2 21 -2 5 21 21   5 6 7 1 2 3 4   6.0
1   1   5 -2 21 21 -2 5 21   6 7 1 2 3 4 5   6.0
1   1   5 -2 21 21 21 -2 5   7 1 2 3 4 5 6   6.0
1   1   5 -3 -3 5 21 21 21   4 5 6 7 1 2 3   6.0
1   1   5 -3 21 -3 5 21 21   5 6 7 1 2 3 4   6.0
1   1   5 -3 21 21 -3 5 21   6 7 1 2 3 4 5   6.0
1   1   5 -3 21 21 21 -3 5   7 1 2 3 4 5 6   6.0
1   1   5 -4 -4 5 21 21 21   4 5 6 7 1 2 3   6.0
1   1   5 -4 21 -4 5 21 21   5 6 7 1 2 3 4   6.0
1   1   5 -4 21 21 -4 5 21   6 7 1 2 3 4 5   6.0
1   1   5 -4 21 21 21 -4 5   7 1 2 3 4 5 6   6.0
1   1   5 -5 -1 1 21 21 21   4 5 6 7 1 2 3   6.0
1   1   5 -5 -2 2 21 21 21   4 5 6 7 1 2 3   6.0
1   1   5 -5 -3 3 21 21 21   4 5 6 7 1 2 3   6.0
1   1   5 -5 -4 4 21 21 21   4 5 6 7 1 2 3   6.0
1   1   5 -5 21 -1 1 21 21   5 6 7 1 2 3 4   6.0
1   1   5 -5 21 -2 2 21 21   5 6 7 1 2 3 4   6.0
1   1   5 -5 21 -3 3 21 21   5 6 7 1 2 3 4   6.0
1   1   5 -5 21 -4 4 21 21   5 6 7 1 2 3 4   6.0
1   1   5 -5 21 21 -1 1 21   6 7 1 2 3 4 5   6.0
1   1   5 -5 21 21 -2 2 21   6 7 1 2 3 4 5   6.0
1   1   5 -5 21 21 -3 3 21   6 7 1 2 3 4 5   6.0
1   1   5 -5 21 21 -4 4 21   6 7 1 2 3 4 5   6.0
1   1   5 -5 21 21 21 -1 1   7 1 2 3 4 5 6   6.0
1   1   5 -5 21 21 21 -2 2   7 1 2 3 4 5 6   6.0
1   1   5 -5 21 21 21 -3 3   7 1 2 3 4 5 6   6.0
1   1   5 -5 21 21 21 -4 4   7 1 2 3 4 5 6   6.0
1   1   21 1 1 -2 2 21 21   5 6 7 1 2 3 4   2.0
1   1   21 1 1 -3 3 21 21   5 6 7 1 2 3 4   2.0
1   1   21 1 1 -4 4 21 21   5 6 7 1 2 3 4   2.0
1   1   21 1 1 -5 5 21 21   5 6 7 1 2 3 4   2.0
1   1   21 1 1 21 -2 2 21   6 7 1 2 3 4 5   2.0
1   1   21 1 1 21 -3 3 21   6 7 1 2 3 4 5   2.0
1   1   21 1 1 21 -4 4 21   6 7 1 2 3 4 5   2.0
1   1   21 1 1 21 -5 5 21   6 7 1 2 3 4 5   2.0
1   1   21 1 1 21 21 -2 2   7 1 2 3 4 5 6   2.0
1   1   21 1 1 21 21 -3 3   7 1 2 3 4 5 6   2.0
1   1   21 1 1 21 21 -4 4   7 1 2 3 4 5 6   2.0
1   1   21 1 1 21 21 -5 5   7 1 2 3 4 5 6   2.0
1   1   21 1 2 -2 1 21 21   5 6 7 1 2 3 4   2.0
1   1   21 1 2 21 -2 1 21   6 7 1 2 3 4 5   2.0
1   1   21 1 2 21 21 -2 1   7 1 2 3 4 5 6   2.0
1   1   21 1 3 -3 1 21 21   5 6 7 1 2 3 4   2.0
1   1   21 1 3 21 -3 1 21   6 7 1 2 3 4 5   2.0
1   1   21 1 3 21 21 -3 1   7 1 2 3 4 5 6   2.0
1   1   21 1 4 -4 1 21 21   5 6 7 1 2 3 4   2.0
1   1   21 1 4 21 -4 1 21   6 7 1 2 3 4 5   2.0
1   1   21 1 4 21 21 -4 1   7 1 2 3 4 5 6   2.0
1   1   21 1 5 -5 1 21 21   5 6 7 1 2 3 4   2.0
1   1   21 1 5 21 -5 1 21   6 7 1 2 3 4 5   2.0
1   1   21 1 5 21 21 -5 1   7 1 2 3 4 5 6   2.0
1   1   21 2 1 -1 2 21 21   5 6 7 1 2 3 4   2.0
1   1   21 2 1 21 -1 2 21   6 7 1 2 3 4 5   2.0
1   1   21 2 1 21 21 -1 2   7 1 2 3 4 5 6   2.0
1   1   21 2 2 -1 1 21 21   5 6 7 1 2 3 4   2.0
1   1   21 2 2 -3 3 21 21   5 6 7 1 2 3 4   2.0
1   1   21 2 2 -4 4 21 21   5 6 7 1 2 3 4   2.0
1   1   21 2 2 -5 5 21 21   5 6 7 1 2 3 4   2.0
1   1   21 2 2 21 -1 1 21   6 7 1 2 3 4 5   2.0
1   1   21 2 2 21 -3 3 21   6 7 1 2 3 4 5   2.0
1   1   21 2 2 21 -4 4 21   6 7 1 2 3 4 5   2.0
1   1   21 2 2 21 -5 5 21   6 7 1 2 3 4 5   2.0
1   1   21 2 2 21 21 -1 1   7 1 2 3 4 5 6   2.0
1   1   21 2 2 21 21 -3 3   7 1 2 3 4 5 6   2.0
1   1   21 2 2 21 21 -4 4   7 1 2 3 4 5 6   2.0
1   1   21 2 2 21 21 -5 5   7 1 2 3 4 5 6   2.0
1   1   21 2 3 -3 2 21 21   5 6 7 1 2 3 4   2.0
1   1   21 2 3 21 -3 2 21   6 7 1 2 3 4 5   2.0
1   1   21 2 3 21 21 -3 2   7 1 2 3 4 5 6   2.0
1   1   21 2 4 -4 2 21 21   5 6 7 1 2 3 4   2.0
1   1   21 2 4 21 -4 2 21   6 7 1 2 3 4 5   2.0
1   1   21 2 4 21 21 -4 2   7 1 2 3 4 5 6   2.0
1   1   21 2 5 -5 2 21 21   5 6 7 1 2 3 4   2.0
1   1   21 2 5 21 -5 2 21   6 7 1 2 3 4 5   2.0
1   1   21 2 5 21 21 -5 2   7 1 2 3 4 5 6   2.0
1   1   21 3 1 -1 3 21 21   5 6 7 1 2 3 4   2.0
1   1   21 3 1 21 -1 3 21   6 7 1 2 3 4 5   2.0
1   1   21 3 1 21 21 -1 3   7 1 2 3 4 5 6   2.0
1   1   21 3 2 -2 3 21 21   5 6 7 1 2 3 4   2.0
1   1   21 3 2 21 -2 3 21   6 7 1 2 3 4 5   2.0
1   1   21 3 2 21 21 -2 3   7 1 2 3 4 5 6   2.0
1   1   21 3 3 -1 1 21 21   5 6 7 1 2 3 4   2.0
1   1   21 3 3 -2 2 21 21   5 6 7 1 2 3 4   2.0
1   1   21 3 3 -4 4 21 21   5 6 7 1 2 3 4   2.0
1   1   21 3 3 -5 5 21 21   5 6 7 1 2 3 4   2.0
1   1   21 3 3 21 -1 1 21   6 7 1 2 3 4 5   2.0
1   1   21 3 3 21 -2 2 21   6 7 1 2 3 4 5   2.0
1   1   21 3 3 21 -4 4 21   6 7 1 2 3 4 5   2.0
1   1   21 3 3 21 -5 5 21   6 7 1 2 3 4 5   2.0
1   1   21 3 3 21 21 -1 1   7 1 2 3 4 5 6   2.0
1   1   21 3 3 21 21 -2 2   7 1 2 3 4 5 6   2.0
1   1   21 3 3 21 21 -4 4   7 1 2 3 4 5 6   2.0
1   1   21 3 3 21 21 -5 5   7 1 2 3 4 5 6   2.0
1   1   21 3 4 -4 3 21 21   5 6 7 1 2 3 4   2.0
1   1   21 3 4 21 -4 3 21   6 7 1 2 3 4 5   2.0
1   1   21 3 4 21 21 -4 3   7 1 2 3 4 5 6   2.0
1   1   21 3 5 -5 3 21 21   5 6 7 1 2 3 4   2.0
1   1   21 3 5 21 -5 3 21   6 7 1 2 3 4 5   2.0
1   1   21 3 5 21 21 -5 3   7 1 2 3 4 5 6   2.0
1   1   21 4 1 -1 4 21 21   5 6 7 1 2 3 4   2.0
1   1   21 4 1 21 -1 4 21   6 7 1 2 3 4 5   2.0
1   1   21 4 1 21 21 -1 4   7 1 2 3 4 5 6   2.0
1   1   21 4 2 -2 4 21 21   5 6 7 1 2 3 4   2.0
1   1   21 4 2 21 -2 4 21   6 7 1 2 3 4 5   2.0
1   1   21 4 2 21 21 -2 4   7 1 2 3 4 5 6   2.0
1   1   21 4 3 -3 4 21 21   5 6 7 1 2 3 4   2.0
1   1   21 4 3 21 -3 4 21   6 7 1 2 3 4 5   2.0
1   1   21 4 3 21 21 -3 4   7 1 2 3 4 5 6   2.0
1   1   21 4 4 -1 1 21 21   5 6 7 1 2 3 4   2.0
1   1   21 4 4 -2 2 21 21   5 6 7 1 2 3 4   2.0
1   1   21 4 4 -3 3 21 21   5 6 7 1 2 3 4   2.0
1   1   21 4 4 -5 5 21 21   5 6 7 1 2 3 4   2.0
1   1   21 4 4 21 -1 1 21   6 7 1 2 3 4 5   2.0
1   1   21 4 4 21 -2 2 21   6 7 1 2 3 4 5   2.0
1   1   21 4 4 21 -3 3 21   6 7 1 2 3 4 5   2.0
1   1   21 4 4 21 -5 5 21   6 7 1 2 3 4 5   2.0
1   1   21 4 4 21 21 -1 1   7 1 2 3 4 5 6   2.0
1   1   21 4 4 21 21 -2 2   7 1 2 3 4 5 6   2.0
1   1   21 4 4 21 21 -3 3   7 1 2 3 4 5 6   2.0
1   1   21 4 4 21 21 -5 5   7 1 2 3 4 5 6   2.0
1   1   21 4 5 -5 4 21 21   5 6 7 1 2 3 4   2.0
1   1   21 4 5 21 -5 4 21   6 7 1 2 3 4 5   2.0
1   1   21 4 5 21 21 -5 4   7 1 2 3 4 5 6   2.0
1   1   21 5 1 -1 5 21 21   5 6 7 1 2 3 4   2.0
1   1   21 5 1 21 -1 5 21   6 7 1 2 3 4 5   2.0
1   1   21 5 1 21 21 -1 5   7 1 2 3 4 5 6   2.0
1   1   21 5 2 -2 5 21 21   5 6 7 1 2 3 4   2.0
1   1   21 5 2 21 -2 5 21   6 7 1 2 3 4 5   2.0
1   1   21 5 2 21 21 -2 5   7 1 2 3 4 5 6   2.0
1   1   21 5 3 -3 5 21 21   5 6 7 1 2 3 4   2.0
1   1   21 5 3 21 -3 5 21   6 7 1 2 3 4 5   2.0
1   1   21 5 3 21 21 -3 5   7 1 2 3 4 5 6   2.0
1   1   21 5 4 -4 5 21 21   5 6 7 1 2 3 4   2.0
1   1   21 5 4 21 -4 5 21   6 7 1 2 3 4 5   2.0
1   1   21 5 4 21 21 -4 5   7 1 2 3 4 5 6   2.0
1   1   21 5 5 -1 1 21 21   5 6 7 1 2 3 4   2.0
1   1   21 5 5 -2 2 21 21   5 6 7 1 2 3 4   2.0
1   1   21 5 5 -3 3 21 21   5 6 7 1 2 3 4   2.0
1   1   21 5 5 -4 4 21 21   5 6 7 1 2 3 4   2.0
1   1   21 5 5 21 -1 1 21   6 7 1 2 3 4 5   2.0
1   1   21 5 5 21 -2 2 21   6 7 1 2 3 4 5   2.0
1   1   21 5 5 21 -3 3 21   6 7 1 2 3 4 5   2.0
1   1   21 5 5 21 -4 4 21   6 7 1 2 3 4 5   2.0
1   1   21 5 5 21 21 -1 1   7 1 2 3 4 5 6   2.0
1   1   21 5 5 21 21 -2 2   7 1 2 3 4 5 6   2.0
1   1   21 5 5 21 21 -3 3   7 1 2 3 4 5 6   2.0
1   1   21 5 5 21 21 -4 4   7 1 2 3 4 5 6   2.0
1   1   21 21 -1 1 -2 2 21   6 7 1 2 3 4 5   1.0
1   1   21 21 -1 1 -3 3 21   6 7 1 2 3 4 5   1.0
1   1   21 21 -1 1 -4 4 21   6 7 1 2 3 4 5   1.0
1   1   21 21 -1 1 -5 5 21   6 7 1 2 3 4 5   1.0
1   1   21 21 -1 1 21 -2 2   7 1 2 3 4 5 6   1.0
1   1   21 21 -1 1 21 -3 3   7 1 2 3 4 5 6   1.0
1   1   21 21 -1 1 21 -4 4   7 1 2 3 4 5 6   1.0
1   1   21 21 -1 1 21 -5 5   7 1 2 3 4 5 6   1.0
1   1   21 21 -1 2 -2 1 21   6 7 1 2 3 4 5   1.0
1   1   21 21 -1 2 21 -2 1   7 1 2 3 4 5 6   1.0
1   1   21 21 -1 3 -3 1 21   6 7 1 2 3 4 5   1.0
1   1   21 21 -1 3 21 -3 1   7 1 2 3 4 5 6   1.0
1   1   21 21 -1 4 -4 1 21   6 7 1 2 3 4 5   1.0
1   1   21 21 -1 4 21 -4 1   7 1 2 3 4 5 6   1.0
1   1   21 21 -1 5 -5 1 21   6 7 1 2 3 4 5   1.0
1   1   21 21 -1 5 21 -5 1   7 1 2 3 4 5 6   1.0
1   1   21 21 -2 1 -1 2 21   6 7 1 2 3 4 5   1.0
1   1   21 21 -2 1 21 -1 2   7 1 2 3 4 5 6   1.0
1   1   21 21 -2 2 -1 1 21   6 7 1 2 3 4 5   1.0
1   1   21 21 -2 2 -3 3 21   6 7 1 2 3 4 5   1.0
1   1   21 21 -2 2 -4 4 21   6 7 1 2 3 4 5   1.0
1   1   21 21 -2 2 -5 5 21   6 7 1 2 3 4 5   1.0
1   1   21 21 -2 2 21 -1 1   7 1 2 3 4 5 6   1.0
1   1   21 21 -2 2 21 -3 3   7 1 2 3 4 5 6   1.0
1   1   21 21 -2 2 21 -4 4   7 1 2 3 4 5 6   1.0
1   1   21 21 -2 2 21 -5 5   7 1 2 3 4 5 6   1.0
1   1   21 21 -2 3 -3 2 21   6 7 1 2 3 4 5   1.0
1   1   21 21 -2 3 21 -3 2   7 1 2 3 4 5 6   1.0
1   1   21 21 -2 4 -4 2 21   6 7 1 2 3 4 5   1.0
1   1   21 21 -2 4 21 -4 2   7 1 2 3 4 5 6   1.0
1   1   21 21 -2 5 -5 2 21   6 7 1 2 3 4 5   1.0
1   1   21 21 -2 5 21 -5 2   7 1 2 3 4 5 6   1.0
1   1   21 21 -3 1 -1 3 21   6 7 1 2 3 4 5   1.0
1   1   21 21 -3 1 21 -1 3   7 1 2 3 4 5 6   1.0
1   1   21 21 -3 2 -2 3 21   6 7 1 2 3 4 5   1.0
1   1   21 21 -3 2 21 -2 3   7 1 2 3 4 5 6   1.0
1   1   21 21 -3 3 -1 1 21   6 7 1 2 3 4 5   1.0
1   1   21 21 -3 3 -2 2 21   6 7 1 2 3 4 5   1.0
1   1   21 21 -3 3 -4 4 21   6 7 1 2 3 4 5   1.0
1   1   21 21 -3 3 -5 5 21   6 7 1 2 3 4 5   1.0
1   1   21 21 -3 3 21 -1 1   7 1 2 3 4 5 6   1.0
1   1   21 21 -3 3 21 -2 2   7 1 2 3 4 5 6   1.0
1   1   21 21 -3 3 21 -4 4   7 1 2 3 4 5 6   1.0
1   1   21 21 -3 3 21 -5 5   7 1 2 3 4 5 6   1.0
1   1   21 21 -3 4 -4 3 21   6 7 1 2 3 4 5   1.0
1   1   21 21 -3 4 21 -4 3   7 1 2 3 4 5 6   1.0
1   1   21 21 -3 5 -5 3 21   6 7 1 2 3 4 5   1.0
1   1   21 21 -3 5 21 -5 3   7 1 2 3 4 5 6   1.0
1   1   21 21 -4 1 -1 4 21   6 7 1 2 3 4 5   1.0
1   1   21 21 -4 1 21 -1 4   7 1 2 3 4 5 6   1.0
1   1   21 21 -4 2 -2 4 21   6 7 1 2 3 4 5   1.0
1   1   21 21 -4 2 21 -2 4   7 1 2 3 4 5 6   1.0
1   1   21 21 -4 3 -3 4 21   6 7 1 2 3 4 5   1.0
1   1   21 21 -4 3 21 -3 4   7 1 2 3 4 5 6   1.0
1   1   21 21 -4 4 -1 1 21   6 7 1 2 3 4 5   1.0
1   1   21 21 -4 4 -2 2 21   6 7 1 2 3 4 5   1.0
1   1   21 21 -4 4 -3 3 21   6 7 1 2 3 4 5   1.0
1   1   21 21 -4 4 -5 5 21   6 7 1 2 3 4 5   1.0
1   1   21 21 -4 4 21 -1 1   7 1 2 3 4 5 6   1.0
1   1   21 21 -4 4 21 -2 2   7 1 2 3 4 5 6   1.0
1   1   21 21 -4 4 21 -3 3   7 1 2 3 4 5 6   1.0
1   1   21 21 -4 4 21 -5 5   7 1 2 3 4 5 6   1.0
1   1   21 21 -4 5 -5 4 21   6 7 1 2 3 4 5   1.0
1   1   21 21 -4 5 21 -5 4   7 1 2 3 4 5 6   1.0
1   1   21 21 -5 1 -1 5 21   6 7 1 2 3 4 5   1.0
1   1   21 21 -5 1 21 -1 5   7 1 2 3 4 5 6   1.0
1   1   21 21 -5 2 -2 5 21   6 7 1 2 3 4 5   1.0
1   1   21 21 -5 2 21 -2 5   7 1 2 3 4 5 6   1.0
1   1   21 21 -5 3 -3 5 21   6 7 1 2 3 4 5   1.0
1   1   21 21 -5 3 21 -3 5   7 1 2 3 4 5 6   1.0
1   1   21 21 -5 4 -4 5 21   6 7 1 2 3 4 5   1.0
1   1   21 21 -5 4 21 -4 5   7 1 2 3 4 5 6   1.0
1   1   21 21 -5 5 -1 1 21   6 7 1 2 3 4 5   1.0
1   1   21 21 -5 5 -2 2 21   6 7 1 2 3 4 5   1.0
1   1   21 21 -5 5 -3 3 21   6 7 1 2 3 4 5   1.0
1   1   21 21 -5 5 -4 4 21   6 7 1 2 3 4 5   1.0
1   1   21 21 -5 5 21 -1 1   7 1 2 3 4 5 6   1.0
1   1   21 21 -5 5 21 -2 2   7 1 2 3 4 5 6   1.0
1   1   21 21 -5 5 21 -3 3   7 1 2 3 4 5 6   1.0
1   1   21 21 -5 5 21 -4 4   7 1 2 3 4 5 6   1.0
1   1   21 21 21 -1 1 -2 2   7 1 2 3 4 5 6   1.0
1   1   21 21 21 -1 1 -3 3   7 1 2 3 4 5 6   1.0
1   1   21 21 21 -1 1 -4 4   7 1 2 3 4 5 6   1.0
1   1   21 21 21 -1 1 -5 5   7 1 2 3 4 5 6   1.0
1   1   21 21 21 -1 2 -2 1   7 1 2 3 4 5 6   1.0
1   1   21 21 21 -1 3 -3 1   7 1 2 3 4 5 6   1.0
1   1   21 21 21 -1 4 -4 1   7 1 2 3 4 5 6   1.0
1   1   21 21 21 -1 5 -5 1   7 1 2 3 4 5 6   1.0
1   1   21 21 21 -2 1 -1 2   7 1 2 3 4 5 6   1.0
1   1   21 21 21 -2 2 -1 1   7 1 2 3 4 5 6   1.0
1   1   21 21 21 -2 2 -3 3   7 1 2 3 4 5 6   1.0
1   1   21 21 21 -2 2 -4 4   7 1 2 3 4 5 6   1.0
1   1   21 21 21 -2 2 -5 5   7 1 2 3 4 5 6   1.0
1   1   21 21 21 -2 3 -3 2   7 1 2 3 4 5 6   1.0
1   1   21 21 21 -2 4 -4 2   7 1 2 3 4 5 6   1.0
1   1   21 21 21 -2 5 -5 2   7 1 2 3 4 5 6   1.0
1   1   21 21 21 -3 1 -1 3   7 1 2 3 4 5 6   1.0
1   1   21 21 21 -3 2 -2 3   7 1 2 3 4 5 6   1.0
1   1   21 21 21 -3 3 -1 1   7 1 2 3 4 5 6   1.0
1   1   21 21 21 -3 3 -2 2   7 1 2 3 4 5 6   1.0
1   1   21 21 21 -3 3 -4 4   7 1 2 3 4 5 6   1.0
1   1   21 21 21 -3 3 -5 5   7 1 2 3 4 5 6   1.0
1   1   21 21 21 -3 4 -4 3   7 1 2 3 4 5 6   1.0
1   1   21 21 21 -3 5 -5 3   7 1 2 3 4 5 6   1.0
1   1   21 21 21 -4 1 -1 4   7 1 2 3 4 5 6   1.0
1   1   21 21 21 -4 2 -2 4   7 1 2 3 4 5 6   1.0
1   1   21 21 21 -4 3 -3 4   7 1 2 3 4 5 6   1.0
1   1   21 21 21 -4 4 -1 1   7 1 2 3 4 5 6   1.0
1   1   21 21 21 -4 4 -2 2   7 1 2 3 4 5 6   1.0
1   1   21 21 21 -4 4 -3 3   7 1 2 3 4 5 6   1.0
1   1   21 21 21 -4 4 -5 5   7 1 2 3 4 5 6   1.0
1   1   21 21 21 -4 5 -5 4   7 1 2 3 4 5 6   1.0
1   1   21 21 21 -5 1 -1 5   7 1 2 3 4 5 6   1.0
1   1   21 21 21 -5 2 -2 5   7 1 2 3 4 5 6   1.0
1   1   21 21 21 -5 3 -3 5   7 1 2 3 4 5 6   1.0
1   1   21 21 21 -5 4 -4 5   7 1 2 3 4 5 6   1.0
1   1   21 21 21 -5 5 -1 1   7 1 2 3 4 5 6   1.0
1   1   21 21 21 -5 5 -2 2   7 1 2 3 4 5 6   1.0
1   1   21 21 21 -5 5 -3 3   7 1 2 3 4 5 6   1.0
1   1   21 21 21 -5 5 -4 4   7 1 2 3 4 5 6   1.0
1   1   -1 1 1 21 21 21 -1   1 2 3 4 5 6 7   6.0
1   1   -1 21 -1 1 21 21 -1   1 2 3 4 5 6 7   4.0
1   1   -1 21 21 -1 1 21 -1   1 2 3 4 5 6 7   4.0
1   1   -1 21 21 21 -1 1 -1   1 2 3 4 5 6 7   4.0
1   1   -2 2 2 21 21 21 -2   1 2 3 4 5 6 7   6.0
1   1   -2 21 -2 2 21 21 -2   1 2 3 4 5 6 7   4.0
1   1   -2 21 21 -2 2 21 -2   1 2 3 4 5 6 7   4.0
1   1   -2 21 21 21 -2 2 -2   1 2 3 4 5 6 7   4.0
1   1   -3 3 3 21 21 21 -3   1 2 3 4 5 6 7   6.0
1   1   -3 21 -3 3 21 21 -3   1 2 3 4 5 6 7   4.0
1   1   -3 21 21 -3 3 21 -3   1 2 3 4 5 6 7   4.0
1   1   -3 21 21 21 -3 3 -3   1 2 3 4 5 6 7   4.0
1   1   -4 4 4 21 21 21 -4   1 2 3 4 5 6 7   6.0
1   1   -4 21 -4 4 21 21 -4   1 2 3 4 5 6 7   4.0
1   1   -4 21 21 -4 4 21 -4   1 2 3 4 5 6 7   4.0
1   1   -4 21 21 21 -4 4 -4   1 2 3 4 5 6 7   4.0
1   1   -5 5 5 21 21 21 -5   1 2 3 4 5 6 7   6.0
1   1   -5 21 -5 5 21 21 -5   1 2 3 4 5 6 7   4.0
1   1   -5 21 21 -5 5 21 -5   1 2 3 4 5 6 7   4.0
1   1   -5 21 21 21 -5 5 -5   1 2 3 4 5 6 7   4.0
1   1   1 -1 -1 1 21 21 21   4 5 6 7 1 2 3   6.0
1   1   1 -1 21 -1 1 21 21   5 6 7 1 2 3 4   6.0
1   1   1 -1 21 21 -1 1 21   6 7 1 2 3 4 5   6.0
1   1   1 -1 21 21 21 -1 1   7 1 2 3 4 5 6   6.0
1   1   2 -2 -2 2 21 21 21   4 5 6 7 1 2 3   6.0
1   1   2 -2 21 -2 2 21 21   5 6 7 1 2 3 4   6.0
1   1   2 -2 21 21 -2 2 21   6 7 1 2 3 4 5   6.0
1   1   2 -2 21 21 21 -2 2   7 1 2 3 4 5 6   6.0
1   1   3 -3 -3 3 21 21 21   4 5 6 7 1 2 3   6.0
1   1   3 -3 21 -3 3 21 21   5 6 7 1 2 3 4   6.0
1   1   3 -3 21 21 -3 3 21   6 7 1 2 3 4 5   6.0
1   1   3 -3 21 21 21 -3 3   7 1 2 3 4 5 6   6.0
1   1   4 -4 -4 4 21 21 21   4 5 6 7 1 2 3   6.0
1   1   4 -4 21 -4 4 21 21   5 6 7 1 2 3 4   6.0
1   1   4 -4 21 21 -4 4 21   6 7 1 2 3 4 5   6.0
1   1   4 -4 21 21 21 -4 4   7 1 2 3 4 5 6   6.0
1   1   5 -5 -5 5 21 21 21   4 5 6 7 1 2 3   6.0
1   1   5 -5 21 -5 5 21 21   5 6 7 1 2 3 4   6.0
1   1   5 -5 21 21 -5 5 21   6 7 1 2 3 4 5   6.0
1   1   5 -5 21 21 21 -5 5   7 1 2 3 4 5 6   6.0
1   1   21 1 1 -1 1 21 21   5 6 7 1 2 3 4   4.0
1   1   21 1 1 21 -1 1 21   6 7 1 2 3 4 5   4.0
1   1   21 1 1 21 21 -1 1   7 1 2 3 4 5 6   4.0
1   1   21 2 2 -2 2 21 21   5 6 7 1 2 3 4   4.0
1   1   21 2 2 21 -2 2 21   6 7 1 2 3 4 5   4.0
1   1   21 2 2 21 21 -2 2   7 1 2 3 4 5 6   4.0
1   1   21 3 3 -3 3 21 21   5 6 7 1 2 3 4   4.0
1   1   21 3 3 21 -3 3 21   6 7 1 2 3 4 5   4.0
1   1   21 3 3 21 21 -3 3   7 1 2 3 4 5 6   4.0
1   1   21 4 4 -4 4 21 21   5 6 7 1 2 3 4   4.0
1   1   21 4 4 21 -4 4 21   6 7 1 2 3 4 5   4.0
1   1   21 4 4 21 21 -4 4   7 1 2 3 4 5 6   4.0
1   1   21 5 5 -5 5 21 21   5 6 7 1 2 3 4   4.0
1   1   21 5 5 21 -5 5 21   6 7 1 2 3 4 5   4.0
1   1   21 5 5 21 21 -5 5   7 1 2 3 4 5 6   4.0
1   1   21 21 -1 1 -1 1 21   6 7 1 2 3 4 5   4.0
1   1   21 21 -1 1 21 -1 1   7 1 2 3 4 5 6   4.0
1   1   21 21 -2 2 -2 2 21   6 7 1 2 3 4 5   4.0
1   1   21 21 -2 2 21 -2 2   7 1 2 3 4 5 6   4.0
1   1   21 21 -3 3 -3 3 21   6 7 1 2 3 4 5   4.0
1   1   21 21 -3 3 21 -3 3   7 1 2 3 4 5 6   4.0
1   1   21 21 -4 4 -4 4 21   6 7 1 2 3 4 5   4.0
1   1   21 21 -4 4 21 -4 4   7 1 2 3 4 5 6   4.0
1   1   21 21 -5 5 -5 5 21   6 7 1 2 3 4 5   4.0
1   1   21 21 -5 5 21 -5 5   7 1 2 3 4 5 6   4.0
1   1   21 21 21 -1 1 -1 1   7 1 2 3 4 5 6   4.0
1   1   21 21 21 -2 2 -2 2   7 1 2 3 4 5 6   4.0
1   1   21 21 21 -3 3 -3 3   7 1 2 3 4 5 6   4.0
1   1   21 21 21 -4 4 -4 4   7 1 2 3 4 5 6   4.0
1   1   21 21 21 -5 5 -5 5   7 1 2 3 4 5 6   4.0



2   666   1   1 3 2 4 5 6 7
1   2   21 21 21 21 21 21 21   1 3 2 4 5 6 7   120.0
1   2   -1 21 21 21 21 21 -1   1 3 2 4 5 6 7   24.0
1   2   -2 21 21 21 21 21 -2   1 3 2 4 5 6 7   24.0
1   2   -3 21 21 21 21 21 -3   1 3 2 4 5 6 7   24.0
1   2   -4 21 21 21 21 21 -4   1 3 2 4 5 6 7   24.0
1   2   -5 21 21 21 21 21 -5   1 3 2 4 5 6 7   24.0
1   2   1 21 1 21 21 21 21   3 2 4 5 6 7 1   24.0
1   2   2 21 2 21 21 21 21   3 2 4 5 6 7 1   24.0
1   2   3 21 3 21 21 21 21   3 2 4 5 6 7 1   24.0
1   2   4 21 4 21 21 21 21   3 2 4 5 6 7 1   24.0
1   2   5 21 5 21 21 21 21   3 2 4 5 6 7 1   24.0
1   2   21 -1 -1 21 21 21 21   2 4 5 6 7 1 3   24.0
1   2   21 -2 -2 21 21 21 21   2 4 5 6 7 1 3   24.0
1   2   21 -3 -3 21 21 21 21   2 4 5 6 7 1 3   24.0
1   2   21 -4 -4 21 21 21 21   2 4 5 6 7 1 3   24.0
1   2   21 -5 -5 21 21 21 21   2 4 5 6 7 1 3   24.0
1   2   21 1 21 1 21 21 21   4 5 6 7 1 3 2   24.0
1   2   21 2 21 2 21 21 21   4 5 6 7 1 3 2   24.0
1   2   21 3 21 3 21 21 21   4 5 6 7 1 3 2   24.0
1   2   21 4 21 4 21 21 21   4 5 6 7 1 3 2   24.0
1   2   21 5 21 5 21 21 21   4 5 6 7 1 3 2   24.0
1   2   21 21 21 -1 1 21 21   5 6 7 1 3 2 4   6.0
1   2   21 21 21 -2 2 21 21   5 6 7 1 3 2 4   6.0
1   2   21 21 21 -3 3 21 21   5 6 7 1 3 2 4   6.0
1   2   21 21 21 -4 4 21 21   5 6 7 1 3 2 4   6.0
1   2   21 21 21 -5 5 21 21   5 6 7 1 3 2 4   6.0
1   2   21 21 21 21 -1 1 21   6 7 1 3 2 4 5   6.0
1   2   21 21 21 21 -2 2 21   6 7 1 3 2 4 5   6.0
1   2   21 21 21 21 -3 3 21   6 7 1 3 2 4 5   6.0
1   2   21 21 21 21 -4 4 21   6 7 1 3 2 4 5   6.0
1   2   21 21 21 21 -5 5 21   6 7 1 3 2 4 5   6.0
1   2   21 21 21 21 21 -1 1   7 1 3 2 4 5 6   6.0
1   2   21 21 21 21 21 -2 2   7 1 3 2 4 5 6   6.0
1   2   21 21 21 21 21 -3 3   7 1 3 2 4 5 6   6.0
1   2   21 21 21 21 21 -4 4   7 1 3 2 4 5 6   6.0
1   2   21 21 21 21 21 -5 5   7 1 3 2 4 5 6   6.0
1   2   -1 -2 -1 21 21 21 -2   1 3 2 4 5 6 7   6.0
1   2   -1 -2 -2 21 21 21 -1   1 3 2 4 5 6 7   6.0
1   2   -1 -3 -1 21 21 21 -3   1 3 2 4 5 6 7   6.0
1   2   -1 -3 -3 21 21 21 -1   1 3 2 4 5 6 7   6.0
1   2   -1 -4 -1 21 21 21 -4   1 3 2 4 5 6 7   6.0
1   2   -1 -4 -4 21 21 21 -1   1 3 2 4 5 6 7   6.0
1   2   -1 -5 -1 21 21 21 -5   1 3 2 4 5 6 7   6.0
1   2   -1 -5 -5 21 21 21 -1   1 3 2 4 5 6 7   6.0
1   2   -1 1 21 2 21 21 -2   1 3 2 4 5 6 7   6.0
1   2   -1 1 21 3 21 21 -3   1 3 2 4 5 6 7   6.0
1   2   -1 1 21 4 21 21 -4   1 3 2 4 5 6 7   6.0
1   2   -1 1 21 5 21 21 -5   1 3 2 4 5 6 7   6.0
1   2   -1 2 21 2 21 21 -1   1 3 2 4 5 6 7   6.0
1   2   -1 3 21 3 21 21 -1   1 3 2 4 5 6 7   6.0
1   2   -1 4 21 4 21 21 -1   1 3 2 4 5 6 7   6.0
1   2   -1 5 21 5 21 21 -1   1 3 2 4 5 6 7   6.0
1   2   -1 21 21 -1 2 21 -2   1 3 2 4 5 6 7   2.0
1   2   -1 21 21 -1 3 21 -3   1 3 2 4 5 6 7   2.0
1   2   -1 21 21 -1 4 21 -4   1 3 2 4 5 6 7   2.0
1   2   -1 21 21 -1 5 21 -5   1 3 2 4 5 6 7   2.0
1   2   -1 21 21 -2 2 21 -1   1 3 2 4 5 6 7   2.0
1   2   -1 21 21 -3 3 21 -1   1 3 2 4 5 6 7   2.0
1   2   -1 21 21 -4 4 21 -1   1 3 2 4 5 6 7   2.0
1   2   -1 21 21 -5 5 21 -1   1 3 2 4 5 6 7   2.0
1   2   -1 21 21 21 -1 2 -2   1 3 2 4 5 6 7   2.0
1   2   -1 21 21 21 -1 3 -3   1 3 2 4 5 6 7   2.0
1   2   -1 21 21 21 -1 4 -4   1 3 2 4 5 6 7   2.0
1   2   -1 21 21 21 -1 5 -5   1 3 2 4 5 6 7   2.0
1   2   -1 21 21 21 -2 2 -1   1 3 2 4 5 6 7   2.0
1   2   -1 21 21 21 -3 3 -1   1 3 2 4 5 6 7   2.0
1   2   -1 21 21 21 -4 4 -1   1 3 2 4 5 6 7   2.0
1   2   -1 21 21 21 -5 5 -1   1 3 2 4 5 6 7   2.0
1   2   -2 -1 -1 21 21 21 -2   1 3 2 4 5 6 7   6.0
1   2   -2 -1 -2 21 21 21 -1   1 3 2 4 5 6 7   6.0
1   2   -2 -3 -2 21 21 21 -3   1 3 2 4 5 6 7   6.0
1   2   -2 -3 -3 21 21 21 -2   1 3 2 4 5 6 7   6.0
1   2   -2 -4 -2 21 21 21 -4   1 3 2 4 5 6 7   6.0
1   2   -2 -4 -4 21 21 21 -2   1 3 2 4 5 6 7   6.0
1   2   -2 -5 -2 21 21 21 -5   1 3 2 4 5 6 7   6.0
1   2   -2 -5 -5 21 21 21 -2   1 3 2 4 5 6 7   6.0
1   2   -2 1 21 1 21 21 -2   1 3 2 4 5 6 7   6.0
1   2   -2 2 21 1 21 21 -1   1 3 2 4 5 6 7   6.0
1   2   -2 2 21 3 21 21 -3   1 3 2 4 5 6 7   6.0
1   2   -2 2 21 4 21 21 -4   1 3 2 4 5 6 7   6.0
1   2   -2 2 21 5 21 21 -5   1 3 2 4 5 6 7   6.0
1   2   -2 3 21 3 21 21 -2   1 3 2 4 5 6 7   6.0
1   2   -2 4 21 4 21 21 -2   1 3 2 4 5 6 7   6.0
1   2   -2 5 21 5 21 21 -2   1 3 2 4 5 6 7   6.0
1   2   -2 21 21 -1 1 21 -2   1 3 2 4 5 6 7   2.0
1   2   -2 21 21 -2 1 21 -1   1 3 2 4 5 6 7   2.0
1   2   -2 21 21 -2 3 21 -3   1 3 2 4 5 6 7   2.0
1   2   -2 21 21 -2 4 21 -4   1 3 2 4 5 6 7   2.0
1   2   -2 21 21 -2 5 21 -5   1 3 2 4 5 6 7   2.0
1   2   -2 21 21 -3 3 21 -2   1 3 2 4 5 6 7   2.0
1   2   -2 21 21 -4 4 21 -2   1 3 2 4 5 6 7   2.0
1   2   -2 21 21 -5 5 21 -2   1 3 2 4 5 6 7   2.0
1   2   -2 21 21 21 -1 1 -2   1 3 2 4 5 6 7   2.0
1   2   -2 21 21 21 -2 1 -1   1 3 2 4 5 6 7   2.0
1   2   -2 21 21 21 -2 3 -3   1 3 2 4 5 6 7   2.0
1   2   -2 21 21 21 -2 4 -4   1 3 2 4 5 6 7   2.0
1   2   -2 21 21 21 -2 5 -5   1 3 2 4 5 6 7   2.0
1   2   -2 21 21 21 -3 3 -2   1 3 2 4 5 6 7   2.0
1   2   -2 21 21 21 -4 4 -2   1 3 2 4 5 6 7   2.0
1   2   -2 21 21 21 -5 5 -2   1 3 2 4 5 6 7   2.0
1   2   -3 -1 -1 21 21 21 -3   1 3 2 4 5 6 7   6.0
1   2   -3 -1 -3 21 21 21 -1   1 3 2 4 5 6 7   6.0
1   2   -3 -2 -2 21 21 21 -3   1 3 2 4 5 6 7   6.0
1   2   -3 -2 -3 21 21 21 -2   1 3 2 4 5 6 7   6.0
1   2   -3 -4 -3 21 21 21 -4   1 3 2 4 5 6 7   6.0
1   2   -3 -4 -4 21 21 21 -3   1 3 2 4 5 6 7   6.0
1   2   -3 -5 -3 21 21 21 -5   1 3 2 4 5 6 7   6.0
1   2   -3 -5 -5 21 21 21 -3   1 3 2 4 5 6 7   6.0
1   2   -3 1 21 1 21 21 -3   1 3 2 4 5 6 7   6.0
1   2   -3 2 21 2 21 21 -3   1 3 2 4 5 6 7   6.0
1   2   -3 3 21 1 21 21 -1   1 3 2 4 5 6 7   6.0
1   2   -3 3 21 2 21 21 -2   1 3 2 4 5 6 7   6.0
1   2   -3 3 21 4 21 21 -4   1 3 2 4 5 6 7   6.0
1   2   -3 3 21 5 21 21 -5   1 3 2 4 5 6 7   6.0
1   2   -3 4 21 4 21 21 -3   1 3 2 4 5 6 7   6.0
1   2   -3 5 21 5 21 21 -3   1 3 2 4 5 6 7   6.0
1   2   -3 21 21 -1 1 21 -3   1 3 2 4 5 6 7   2.0
1   2   -3 21 21 -2 2 21 -3   1 3 2 4 5 6 7   2.0
1   2   -3 21 21 -3 1 21 -1   1 3 2 4 5 6 7   2.0
1   2   -3 21 21 -3 2 21 -2   1 3 2 4 5 6 7   2.0
1   2   -3 21 21 -3 4 21 -4   1 3 2 4 5 6 7   2.0
1   2   -3 21 21 -3 5 21 -5   1 3 2 4 5 6 7   2.0
1   2   -3 21 21 -4 4 21 -3   1 3 2 4 5 6 7   2.0
1   2   -3 21 21 -5 5 21 -3   1 3 2 4 5 6 7   2.0
1   2   -3 21 21 21 -1 1 -3   1 3 2 4 5 6 7   2.0
1   2   -3 21 21 21 -2 2 -3   1 3 2 4 5 6 7   2.0
1   2   -3 21 21 21 -3 1 -1   1 3 2 4 5 6 7   2.0
1   2   -3 21 21 21 -3 2 -2   1 3 2 4 5 6 7   2.0
1   2   -3 21 21 21 -3 4 -4   1 3 2 4 5 6 7   2.0
1   2   -3 21 21 21 -3 5 -5   1 3 2 4 5 6 7   2.0
1   2   -3 21 21 21 -4 4 -3   1 3 2 4 5 6 7   2.0
1   2   -3 21 21 21 -5 5 -3   1 3 2 4 5 6 7   2.0
1   2   -4 -1 -1 21 21 21 -4   1 3 2 4 5 6 7   6.0
1   2   -4 -1 -4 21 21 21 -1   1 3 2 4 5 6 7   6.0
1   2   -4 -2 -2 21 21 21 -4   1 3 2 4 5 6 7   6.0
1   2   -4 -2 -4 21 21 21 -2   1 3 2 4 5 6 7   6.0
1   2   -4 -3 -3 21 21 21 -4   1 3 2 4 5 6 7   6.0
1   2   -4 -3 -4 21 21 21 -3   1 3 2 4 5 6 7   6.0
1   2   -4 -5 -4 21 21 21 -5   1 3 2 4 5 6 7   6.0
1   2   -4 -5 -5 21 21 21 -4   1 3 2 4 5 6 7   6.0
1   2   -4 1 21 1 21 21 -4   1 3 2 4 5 6 7   6.0
1   2   -4 2 21 2 21 21 -4   1 3 2 4 5 6 7   6.0
1   2   -4 3 21 3 21 21 -4   1 3 2 4 5 6 7   6.0
1   2   -4 4 21 1 21 21 -1   1 3 2 4 5 6 7   6.0
1   2   -4 4 21 2 21 21 -2   1 3 2 4 5 6 7   6.0
1   2   -4 4 21 3 21 21 -3   1 3 2 4 5 6 7   6.0
1   2   -4 4 21 5 21 21 -5   1 3 2 4 5 6 7   6.0
1   2   -4 5 21 5 21 21 -4   1 3 2 4 5 6 7   6.0
1   2   -4 21 21 -1 1 21 -4   1 3 2 4 5 6 7   2.0
1   2   -4 21 21 -2 2 21 -4   1 3 2 4 5 6 7   2.0
1   2   -4 21 21 -3 3 21 -4   1 3 2 4 5 6 7   2.0
1   2   -4 21 21 -4 1 21 -1   1 3 2 4 5 6 7   2.0
1   2   -4 21 21 -4 2 21 -2   1 3 2 4 5 6 7   2.0
1   2   -4 21 21 -4 3 21 -3   1 3 2 4 5 6 7   2.0
1   2   -4 21 21 -4 5 21 -5   1 3 2 4 5 6 7   2.0
1   2   -4 21 21 -5 5 21 -4   1 3 2 4 5 6 7   2.0
1   2   -4 21 21 21 -1 1 -4   1 3 2 4 5 6 7   2.0
1   2   -4 21 21 21 -2 2 -4   1 3 2 4 5 6 7   2.0
1   2   -4 21 21 21 -3 3 -4   1 3 2 4 5 6 7   2.0
1   2   -4 21 21 21 -4 1 -1   1 3 2 4 5 6 7   2.0
1   2   -4 21 21 21 -4 2 -2   1 3 2 4 5 6 7   2.0
1   2   -4 21 21 21 -4 3 -3   1 3 2 4 5 6 7   2.0
1   2   -4 21 21 21 -4 5 -5   1 3 2 4 5 6 7   2.0
1   2   -4 21 21 21 -5 5 -4   1 3 2 4 5 6 7   2.0
1   2   -5 -1 -1 21 21 21 -5   1 3 2 4 5 6 7   6.0
1   2   -5 -1 -5 21 21 21 -1   1 3 2 4 5 6 7   6.0
1   2   -5 -2 -2 21 21 21 -5   1 3 2 4 5 6 7   6.0
1   2   -5 -2 -5 21 21 21 -2   1 3 2 4 5 6 7   6.0
1   2   -5 -3 -3 21 21 21 -5   1 3 2 4 5 6 7   6.0
1   2   -5 -3 -5 21 21 21 -3   1 3 2 4 5 6 7   6.0
1   2   -5 -4 -4 21 21 21 -5   1 3 2 4 5 6 7   6.0
1   2   -5 -4 -5 21 21 21 -4   1 3 2 4 5 6 7   6.0
1   2   -5 1 21 1 21 21 -5   1 3 2 4 5 6 7   6.0
1   2   -5 2 21 2 21 21 -5   1 3 2 4 5 6 7   6.0
1   2   -5 3 21 3 21 21 -5   1 3 2 4 5 6 7   6.0
1   2   -5 4 21 4 21 21 -5   1 3 2 4 5 6 7   6.0
1   2   -5 5 21 1 21 21 -1   1 3 2 4 5 6 7   6.0
1   2   -5 5 21 2 21 21 -2   1 3 2 4 5 6 7   6.0
1   2   -5 5 21 3 21 21 -3   1 3 2 4 5 6 7   6.0
1   2   -5 5 21 4 21 21 -4   1 3 2 4 5 6 7   6.0
1   2   -5 21 21 -1 1 21 -5   1 3 2 4 5 6 7   2.0
1   2   -5 21 21 -2 2 21 -5   1 3 2 4 5 6 7   2.0
1   2   -5 21 21 -3 3 21 -5   1 3 2 4 5 6 7   2.0
1   2   -5 21 21 -4 4 21 -5   1 3 2 4 5 6 7   2.0
1   2   -5 21 21 -5 1 21 -1   1 3 2 4 5 6 7   2.0
1   2   -5 21 21 -5 2 21 -2   1 3 2 4 5 6 7   2.0
1   2   -5 21 21 -5 3 21 -3   1 3 2 4 5 6 7   2.0
1   2   -5 21 21 -5 4 21 -4   1 3 2 4 5 6 7   2.0
1   2   -5 21 21 21 -1 1 -5   1 3 2 4 5 6 7   2.0
1   2   -5 21 21 21 -2 2 -5   1 3 2 4 5 6 7   2.0
1   2   -5 21 21 21 -3 3 -5   1 3 2 4 5 6 7   2.0
1   2   -5 21 21 21 -4 4 -5   1 3 2 4 5 6 7   2.0
1   2   -5 21 21 21 -5 1 -1   1 3 2 4 5 6 7   2.0
1   2   -5 21 21 21 -5 2 -2   1 3 2 4 5 6 7   2.0
1   2   -5 21 21 21 -5 3 -3   1 3 2 4 5 6 7   2.0
1   2   -5 21 21 21 -5 4 -4   1 3 2 4 5 6 7   2.0
1   2   1 2 1 2 21 21 21   4 5 6 7 1 3 2   6.0
1   2   1 2 2 1 21 21 21   4 5 6 7 1 3 2   6.0
1   2   1 3 1 3 21 21 21   4 5 6 7 1 3 2   6.0
1   2   1 3 3 1 21 21 21   4 5 6 7 1 3 2   6.0
1   2   1 4 1 4 21 21 21   4 5 6 7 1 3 2   6.0
1   2   1 4 4 1 21 21 21   4 5 6 7 1 3 2   6.0
1   2   1 5 1 5 21 21 21   4 5 6 7 1 3 2   6.0
1   2   1 5 5 1 21 21 21   4 5 6 7 1 3 2   6.0
1   2   1 21 1 -2 2 21 21   5 6 7 1 3 2 4   2.0
1   2   1 21 1 -3 3 21 21   5 6 7 1 3 2 4   2.0
1   2   1 21 1 -4 4 21 21   5 6 7 1 3 2 4   2.0
1   2   1 21 1 -5 5 21 21   5 6 7 1 3 2 4   2.0
1   2   1 21 1 21 -2 2 21   6 7 1 3 2 4 5   2.0
1   2   1 21 1 21 -3 3 21   6 7 1 3 2 4 5   2.0
1   2   1 21 1 21 -4 4 21   6 7 1 3 2 4 5   2.0
1   2   1 21 1 21 -5 5 21   6 7 1 3 2 4 5   2.0
1   2   1 21 1 21 21 -2 2   7 1 3 2 4 5 6   2.0
1   2   1 21 1 21 21 -3 3   7 1 3 2 4 5 6   2.0
1   2   1 21 1 21 21 -4 4   7 1 3 2 4 5 6   2.0
1   2   1 21 1 21 21 -5 5   7 1 3 2 4 5 6   2.0
1   2   1 21 2 -2 1 21 21   5 6 7 1 3 2 4   2.0
1   2   1 21 2 21 -2 1 21   6 7 1 3 2 4 5   2.0
1   2   1 21 2 21 21 -2 1   7 1 3 2 4 5 6   2.0
1   2   1 21 3 -3 1 21 21   5 6 7 1 3 2 4   2.0
1   2   1 21 3 21 -3 1 21   6 7 1 3 2 4 5   2.0
1   2   1 21 3 21 21 -3 1   7 1 3 2 4 5 6   2.0
1   2   1 21 4 -4 1 21 21   5 6 7 1 3 2 4   2.0
1   2   1 21 4 21 -4 1 21   6 7 1 3 2 4 5   2.0
1   2   1 21 4 21 21 -4 1   7 1 3 2 4 5 6   2.0
1   2   1 21 5 -5 1 21 21   5 6 7 1 3 2 4   2.0
1   2   1 21 5 21 -5 1 21   6 7 1 3 2 4 5   2.0
1   2   1 21 5 21 21 -5 1   7 1 3 2 4 5 6   2.0
1   2   2 1 1 2 21 21 21   4 5 6 7 1 3 2   6.0
1   2   2 1 2 1 21 21 21   4 5 6 7 1 3 2   6.0
1   2   2 3 2 3 21 21 21   4 5 6 7 1 3 2   6.0
1   2   2 3 3 2 21 21 21   4 5 6 7 1 3 2   6.0
1   2   2 4 2 4 21 21 21   4 5 6 7 1 3 2   6.0
1   2   2 4 4 2 21 21 21   4 5 6 7 1 3 2   6.0
1   2   2 5 2 5 21 21 21   4 5 6 7 1 3 2   6.0
1   2   2 5 5 2 21 21 21   4 5 6 7 1 3 2   6.0
1   2   2 21 1 -1 2 21 21   5 6 7 1 3 2 4   2.0
1   2   2 21 1 21 -1 2 21   6 7 1 3 2 4 5   2.0
1   2   2 21 1 21 21 -1 2   7 1 3 2 4 5 6   2.0
1   2   2 21 2 -1 1 21 21   5 6 7 1 3 2 4   2.0
1   2   2 21 2 -3 3 21 21   5 6 7 1 3 2 4   2.0
1   2   2 21 2 -4 4 21 21   5 6 7 1 3 2 4   2.0
1   2   2 21 2 -5 5 21 21   5 6 7 1 3 2 4   2.0
1   2   2 21 2 21 -1 1 21   6 7 1 3 2 4 5   2.0
1   2   2 21 2 21 -3 3 21   6 7 1 3 2 4 5   2.0
1   2   2 21 2 21 -4 4 21   6 7 1 3 2 4 5   2.0
1   2   2 21 2 21 -5 5 21   6 7 1 3 2 4 5   2.0
1   2   2 21 2 21 21 -1 1   7 1 3 2 4 5 6   2.0
1   2   2 21 2 21 21 -3 3   7 1 3 2 4 5 6   2.0
1   2   2 21 2 21 21 -4 4   7 1 3 2 4 5 6   2.0
1   2   2 21 2 21 21 -5 5   7 1 3 2 4 5 6   2.0
1   2   2 21 3 -3 2 21 21   5 6 7 1 3 2 4   2.0
1   2   2 21 3 21 -3 2 21   6 7 1 3 2 4 5   2.0
1   2   2 21 3 21 21 -3 2   7 1 3 2 4 5 6   2.0
1   2   2 21 4 -4 2 21 21   5 6 7 1 3 2 4   2.0
1   2   2 21 4 21 -4 2 21   6 7 1 3 2 4 5   2.0
1   2   2 21 4 21 21 -4 2   7 1 3 2 4 5 6   2.0
1   2   2 21 5 -5 2 21 21   5 6 7 1 3 2 4   2.0
1   2   2 21 5 21 -5 2 21   6 7 1 3 2 4 5   2.0
1   2   2 21 5 21 21 -5 2   7 1 3 2 4 5 6   2.0
1   2   3 1 1 3 21 21 21   4 5 6 7 1 3 2   6.0
1   2   3 1 3 1 21 21 21   4 5 6 7 1 3 2   6.0
1   2   3 2 2 3 21 21 21   4 5 6 7 1 3 2   6.0
1   2   3 2 3 2 21 21 21   4 5 6 7 1 3 2   6.0
1   2   3 4 3 4 21 21 21   4 5 6 7 1 3 2   6.0
1   2   3 4 4 3 21 21 21   4 5 6 7 1 3 2   6.0
1   2   3 5 3 5 21 21 21   4 5 6 7 1 3 2   6.0
1   2   3 5 5 3 21 21 21   4 5 6 7 1 3 2   6.0
1   2   3 21 1 -1 3 21 21   5 6 7 1 3 2 4   2.0
1   2   3 21 1 21 -1 3 21   6 7 1 3 2 4 5   2.0
1   2   3 21 1 21 21 -1 3   7 1 3 2 4 5 6   2.0
1   2   3 21 2 -2 3 21 21   5 6 7 1 3 2 4   2.0
1   2   3 21 2 21 -2 3 21   6 7 1 3 2 4 5   2.0
1   2   3 21 2 21 21 -2 3   7 1 3 2 4 5 6   2.0
1   2   3 21 3 -1 1 21 21   5 6 7 1 3 2 4   2.0
1   2   3 21 3 -2 2 21 21   5 6 7 1 3 2 4   2.0
1   2   3 21 3 -4 4 21 21   5 6 7 1 3 2 4   2.0
1   2   3 21 3 -5 5 21 21   5 6 7 1 3 2 4   2.0
1   2   3 21 3 21 -1 1 21   6 7 1 3 2 4 5   2.0
1   2   3 21 3 21 -2 2 21   6 7 1 3 2 4 5   2.0
1   2   3 21 3 21 -4 4 21   6 7 1 3 2 4 5   2.0
1   2   3 21 3 21 -5 5 21   6 7 1 3 2 4 5   2.0
1   2   3 21 3 21 21 -1 1   7 1 3 2 4 5 6   2.0
1   2   3 21 3 21 21 -2 2   7 1 3 2 4 5 6   2.0
1   2   3 21 3 21 21 -4 4   7 1 3 2 4 5 6   2.0
1   2   3 21 3 21 21 -5 5   7 1 3 2 4 5 6   2.0
1   2   3 21 4 -4 3 21 21   5 6 7 1 3 2 4   2.0
1   2   3 21 4 21 -4 3 21   6 7 1 3 2 4 5   2.0
1   2   3 21 4 21 21 -4 3   7 1 3 2 4 5 6   2.0
1   2   3 21 5 -5 3 21 21   5 6 7 1 3 2 4   2.0
1   2   3 21 5 21 -5 3 21   6 7 1 3 2 4 5   2.0
1   2   3 21 5 21 21 -5 3   7 1 3 2 4 5 6   2.0
1   2   4 1 1 4 21 21 21   4 5 6 7 1 3 2   6.0
1   2   4 1 4 1 21 21 21   4 5 6 7 1 3 2   6.0
1   2   4 2 2 4 21 21 21   4 5 6 7 1 3 2   6.0
1   2   4 2 4 2 21 21 21   4 5 6 7 1 3 2   6.0
1   2   4 3 3 4 21 21 21   4 5 6 7 1 3 2   6.0
1   2   4 3 4 3 21 21 21   4 5 6 7 1 3 2   6.0
1   2   4 5 4 5 21 21 21   4 5 6 7 1 3 2   6.0
1   2   4 5 5 4 21 21 21   4 5 6 7 1 3 2   6.0
1   2   4 21 1 -1 4 21 21   5 6 7 1 3 2 4   2.0
1   2   4 21 1 21 -1 4 21   6 7 1 3 2 4 5   2.0
1   2   4 21 1 21 21 -1 4   7 1 3 2 4 5 6   2.0
1   2   4 21 2 -2 4 21 21   5 6 7 1 3 2 4   2.0
1   2   4 21 2 21 -2 4 21   6 7 1 3 2 4 5   2.0
1   2   4 21 2 21 21 -2 4   7 1 3 2 4 5 6   2.0
1   2   4 21 3 -3 4 21 21   5 6 7 1 3 2 4   2.0
1   2   4 21 3 21 -3 4 21   6 7 1 3 2 4 5   2.0
1   2   4 21 3 21 21 -3 4   7 1 3 2 4 5 6   2.0
1   2   4 21 4 -1 1 21 21   5 6 7 1 3 2 4   2.0
1   2   4 21 4 -2 2 21 21   5 6 7 1 3 2 4   2.0
1   2   4 21 4 -3 3 21 21   5 6 7 1 3 2 4   2.0
1   2   4 21 4 -5 5 21 21   5 6 7 1 3 2 4   2.0
1   2   4 21 4 21 -1 1 21   6 7 1 3 2 4 5   2.0
1   2   4 21 4 21 -2 2 21   6 7 1 3 2 4 5   2.0
1   2   4 21 4 21 -3 3 21   6 7 1 3 2 4 5   2.0
1   2   4 21 4 21 -5 5 21   6 7 1 3 2 4 5   2.0
1   2   4 21 4 21 21 -1 1   7 1 3 2 4 5 6   2.0
1   2   4 21 4 21 21 -2 2   7 1 3 2 4 5 6   2.0
1   2   4 21 4 21 21 -3 3   7 1 3 2 4 5 6   2.0
1   2   4 21 4 21 21 -5 5   7 1 3 2 4 5 6   2.0
1   2   4 21 5 -5 4 21 21   5 6 7 1 3 2 4   2.0
1   2   4 21 5 21 -5 4 21   6 7 1 3 2 4 5   2.0
1   2   4 21 5 21 21 -5 4   7 1 3 2 4 5 6   2.0
1   2   5 1 1 5 21 21 21   4 5 6 7 1 3 2   6.0
1   2   5 1 5 1 21 21 21   4 5 6 7 1 3 2   6.0
1   2   5 2 2 5 21 21 21   4 5 6 7 1 3 2   6.0
1   2   5 2 5 2 21 21 21   4 5 6 7 1 3 2   6.0
1   2   5 3 3 5 21 21 21   4 5 6 7 1 3 2   6.0
1   2   5 3 5 3 21 21 21   4 5 6 7 1 3 2   6.0
1   2   5 4 4 5 21 21 21   4 5 6 7 1 3 2   6.0
1   2   5 4 5 4 21 21 21   4 5 6 7 1 3 2   6.0
1   2   5 21 1 -1 5 21 21   5 6 7 1 3 2 4   2.0
1   2   5 21 1 21 -1 5 21   6 7 1 3 2 4 5   2.0
1   2   5 21 1 21 21 -1 5   7 1 3 2 4 5 6   2.0
1   2   5 21 2 -2 5 21 21   5 6 7 1 3 2 4   2.0
1   2   5 21 2 21 -2 5 21   6 7 1 3 2 4 5   2.0
1   2   5 21 2 21 21 -2 5   7 1 3 2 4 5 6   2.0
1   2   5 21 3 -3 5 21 21   5 6 7 1 3 2 4   2.0
1   2   5 21 3 21 -3 5 21   6 7 1 3 2 4 5   2.0
1   2   5 21 3 21 21 -3 5   7 1 3 2 4 5 6   2.0
1   2   5 21 4 -4 5 21 21   5 6 7 1 3 2 4   2.0
1   2   5 21 4 21 -4 5 21   6 7 1 3 2 4 5   2.0
1   2   5 21 4 21 21 -4 5   7 1 3 2 4 5 6   2.0
1   2   5 21 5 -1 1 21 21   5 6 7 1 3 2 4   2.0
1   2   5 21 5 -2 2 21 21   5 6 7 1 3 2 4   2.0
1   2   5 21 5 -3 3 21 21   5 6 7 1 3 2 4   2.0
1   2   5 21 5 -4 4 21 21   5 6 7 1 3 2 4   2.0
1   2   5 21 5 21 -1 1 21   6 7 1 3 2 4 5   2.0
1   2   5 21 5 21 -2 2 21   6 7 1 3 2 4 5   2.0
1   2   5 21 5 21 -3 3 21   6 7 1 3 2 4 5   2.0
1   2   5 21 5 21 -4 4 21   6 7 1 3 2 4 5   2.0
1   2   5 21 5 21 21 -1 1   7 1 3 2 4 5 6   2.0
1   2   5 21 5 21 21 -2 2   7 1 3 2 4 5 6   2.0
1   2   5 21 5 21 21 -3 3   7 1 3 2 4 5 6   2.0
1   2   5 21 5 21 21 -4 4   7 1 3 2 4 5 6   2.0
1   2   21 -1 -1 -2 2 21 21   5 6 7 1 3 2 4   2.0
1   2   21 -1 -1 -3 3 21 21   5 6 7 1 3 2 4   2.0
1   2   21 -1 -1 -4 4 21 21   5 6 7 1 3 2 4   2.0
1   2   21 -1 -1 -5 5 21 21   5 6 7 1 3 2 4   2.0
1   2   21 -1 -1 21 -2 2 21   6 7 1 3 2 4 5   2.0
1   2   21 -1 -1 21 -3 3 21   6 7 1 3 2 4 5   2.0
1   2   21 -1 -1 21 -4 4 21   6 7 1 3 2 4 5   2.0
1   2   21 -1 -1 21 -5 5 21   6 7 1 3 2 4 5   2.0
1   2   21 -1 -1 21 21 -2 2   7 1 3 2 4 5 6   2.0
1   2   21 -1 -1 21 21 -3 3   7 1 3 2 4 5 6   2.0
1   2   21 -1 -1 21 21 -4 4   7 1 3 2 4 5 6   2.0
1   2   21 -1 -1 21 21 -5 5   7 1 3 2 4 5 6   2.0
1   2   21 -1 -2 -1 2 21 21   5 6 7 1 3 2 4   2.0
1   2   21 -1 -2 21 -1 2 21   6 7 1 3 2 4 5   2.0
1   2   21 -1 -2 21 21 -1 2   7 1 3 2 4 5 6   2.0
1   2   21 -1 -3 -1 3 21 21   5 6 7 1 3 2 4   2.0
1   2   21 -1 -3 21 -1 3 21   6 7 1 3 2 4 5   2.0
1   2   21 -1 -3 21 21 -1 3   7 1 3 2 4 5 6   2.0
1   2   21 -1 -4 -1 4 21 21   5 6 7 1 3 2 4   2.0
1   2   21 -1 -4 21 -1 4 21   6 7 1 3 2 4 5   2.0
1   2   21 -1 -4 21 21 -1 4   7 1 3 2 4 5 6   2.0
1   2   21 -1 -5 -1 5 21 21   5 6 7 1 3 2 4   2.0
1   2   21 -1 -5 21 -1 5 21   6 7 1 3 2 4 5   2.0
1   2   21 -1 -5 21 21 -1 5   7 1 3 2 4 5 6   2.0
1   2   21 -2 -1 -2 1 21 21   5 6 7 1 3 2 4   2.0
1   2   21 -2 -1 21 -2 1 21   6 7 1 3 2 4 5   2.0
1   2   21 -2 -1 21 21 -2 1   7 1 3 2 4 5 6   2.0
1   2   21 -2 -2 -1 1 21 21   5 6 7 1 3 2 4   2.0
1   2   21 -2 -2 -3 3 21 21   5 6 7 1 3 2 4   2.0
1   2   21 -2 -2 -4 4 21 21   5 6 7 1 3 2 4   2.0
1   2   21 -2 -2 -5 5 21 21   5 6 7 1 3 2 4   2.0
1   2   21 -2 -2 21 -1 1 21   6 7 1 3 2 4 5   2.0
1   2   21 -2 -2 21 -3 3 21   6 7 1 3 2 4 5   2.0
1   2   21 -2 -2 21 -4 4 21   6 7 1 3 2 4 5   2.0
1   2   21 -2 -2 21 -5 5 21   6 7 1 3 2 4 5   2.0
1   2   21 -2 -2 21 21 -1 1   7 1 3 2 4 5 6   2.0
1   2   21 -2 -2 21 21 -3 3   7 1 3 2 4 5 6   2.0
1   2   21 -2 -2 21 21 -4 4   7 1 3 2 4 5 6   2.0
1   2   21 -2 -2 21 21 -5 5   7 1 3 2 4 5 6   2.0
1   2   21 -2 -3 -2 3 21 21   5 6 7 1 3 2 4   2.0
1   2   21 -2 -3 21 -2 3 21   6 7 1 3 2 4 5   2.0
1   2   21 -2 -3 21 21 -2 3   7 1 3 2 4 5 6   2.0
1   2   21 -2 -4 -2 4 21 21   5 6 7 1 3 2 4   2.0
1   2   21 -2 -4 21 -2 4 21   6 7 1 3 2 4 5   2.0
1   2   21 -2 -4 21 21 -2 4   7 1 3 2 4 5 6   2.0
1   2   21 -2 -5 -2 5 21 21   5 6 7 1 3 2 4   2.0
1   2   21 -2 -5 21 -2 5 21   6 7 1 3 2 4 5   2.0
1   2   21 -2 -5 21 21 -2 5   7 1 3 2 4 5 6   2.0
1   2   21 -3 -1 -3 1 21 21   5 6 7 1 3 2 4   2.0
1   2   21 -3 -1 21 -3 1 21   6 7 1 3 2 4 5   2.0
1   2   21 -3 -1 21 21 -3 1   7 1 3 2 4 5 6   2.0
1   2   21 -3 -2 -3 2 21 21   5 6 7 1 3 2 4   2.0
1   2   21 -3 -2 21 -3 2 21   6 7 1 3 2 4 5   2.0
1   2   21 -3 -2 21 21 -3 2   7 1 3 2 4 5 6   2.0
1   2   21 -3 -3 -1 1 21 21   5 6 7 1 3 2 4   2.0
1   2   21 -3 -3 -2 2 21 21   5 6 7 1 3 2 4   2.0
1   2   21 -3 -3 -4 4 21 21   5 6 7 1 3 2 4   2.0
1   2   21 -3 -3 -5 5 21 21   5 6 7 1 3 2 4   2.0
1   2   21 -3 -3 21 -1 1 21   6 7 1 3 2 4 5   2.0
1   2   21 -3 -3 21 -2 2 21   6 7 1 3 2 4 5   2.0
1   2   21 -3 -3 21 -4 4 21   6 7 1 3 2 4 5   2.0
1   2   21 -3 -3 21 -5 5 21   6 7 1 3 2 4 5   2.0
1   2   21 -3 -3 21 21 -1 1   7 1 3 2 4 5 6   2.0
1   2   21 -3 -3 21 21 -2 2   7 1 3 2 4 5 6   2.0
1   2   21 -3 -3 21 21 -4 4   7 1 3 2 4 5 6   2.0
1   2   21 -3 -3 21 21 -5 5   7 1 3 2 4 5 6   2.0
1   2   21 -3 -4 -3 4 21 21   5 6 7 1 3 2 4   2.0
1   2   21 -3 -4 21 -3 4 21   6 7 1 3 2 4 5   2.0
1   2   21 -3 -4 21 21 -3 4   7 1 3 2 4 5 6   2.0
1   2   21 -3 -5 -3 5 21 21   5 6 7 1 3 2 4   2.0
1   2   21 -3 -5 21 -3 5 21   6 7 1 3 2 4 5   2.0
1   2   21 -3 -5 21 21 -3 5   7 1 3 2 4 5 6   2.0
1   2   21 -4 -1 -4 1 21 21   5 6 7 1 3 2 4   2.0
1   2   21 -4 -1 21 -4 1 21   6 7 1 3 2 4 5   2.0
1   2   21 -4 -1 21 21 -4 1   7 1 3 2 4 5 6   2.0
1   2   21 -4 -2 -4 2 21 21   5 6 7 1 3 2 4   2.0
1   2   21 -4 -2 21 -4 2 21   6 7 1 3 2 4 5   2.0
1   2   21 -4 -2 21 21 -4 2   7 1 3 2 4 5 6   2.0
1   2   21 -4 -3 -4 3 21 21   5 6 7 1 3 2 4   2.0
1   2   21 -4 -3 21 -4 3 21   6 7 1 3 2 4 5   2.0
1   2   21 -4 -3 21 21 -4 3   7 1 3 2 4 5 6   2.0
1   2   21 -4 -4 -1 1 21 21   5 6 7 1 3 2 4   2.0
1   2   21 -4 -4 -2 2 21 21   5 6 7 1 3 2 4   2.0
1   2   21 -4 -4 -3 3 21 21   5 6 7 1 3 2 4   2.0
1   2   21 -4 -4 -5 5 21 21   5 6 7 1 3 2 4   2.0
1   2   21 -4 -4 21 -1 1 21   6 7 1 3 2 4 5   2.0
1   2   21 -4 -4 21 -2 2 21   6 7 1 3 2 4 5   2.0
1   2   21 -4 -4 21 -3 3 21   6 7 1 3 2 4 5   2.0
1   2   21 -4 -4 21 -5 5 21   6 7 1 3 2 4 5   2.0
1   2   21 -4 -4 21 21 -1 1   7 1 3 2 4 5 6   2.0
1   2   21 -4 -4 21 21 -2 2   7 1 3 2 4 5 6   2.0
1   2   21 -4 -4 21 21 -3 3   7 1 3 2 4 5 6   2.0
1   2   21 -4 -4 21 21 -5 5   7 1 3 2 4 5 6   2.0
1   2   21 -4 -5 -4 5 21 21   5 6 7 1 3 2 4   2.0
1   2   21 -4 -5 21 -4 5 21   6 7 1 3 2 4 5   2.0
1   2   21 -4 -5 21 21 -4 5   7 1 3 2 4 5 6   2.0
1   2   21 -5 -1 -5 1 21 21   5 6 7 1 3 2 4   2.0
1   2   21 -5 -1 21 -5 1 21   6 7 1 3 2 4 5   2.0
1   2   21 -5 -1 21 21 -5 1   7 1 3 2 4 5 6   2.0
1   2   21 -5 -2 -5 2 21 21   5 6 7 1 3 2 4   2.0
1   2   21 -5 -2 21 -5 2 21   6 7 1 3 2 4 5   2.0
1   2   21 -5 -2 21 21 -5 2   7 1 3 2 4 5 6   2.0
1   2   21 -5 -3 -5 3 21 21   5 6 7 1 3 2 4   2.0
1   2   21 -5 -3 21 -5 3 21   6 7 1 3 2 4 5   2.0
1   2   21 -5 -3 21 21 -5 3   7 1 3 2 4 5 6   2.0
1   2   21 -5 -4 -5 4 21 21   5 6 7 1 3 2 4   2.0
1   2   21 -5 -4 21 -5 4 21   6 7 1 3 2 4 5   2.0
1   2   21 -5 -4 21 21 -5 4   7 1 3 2 4 5 6   2.0
1   2   21 -5 -5 -1 1 21 21   5 6 7 1 3 2 4   2.0
1   2   21 -5 -5 -2 2 21 21   5 6 7 1 3 2 4   2.0
1   2   21 -5 -5 -3 3 21 21   5 6 7 1 3 2 4   2.0
1   2   21 -5 -5 -4 4 21 21   5 6 7 1 3 2 4   2.0
1   2   21 -5 -5 21 -1 1 21   6 7 1 3 2 4 5   2.0
1   2   21 -5 -5 21 -2 2 21   6 7 1 3 2 4 5   2.0
1   2   21 -5 -5 21 -3 3 21   6 7 1 3 2 4 5   2.0
1   2   21 -5 -5 21 -4 4 21   6 7 1 3 2 4 5   2.0
1   2   21 -5 -5 21 21 -1 1   7 1 3 2 4 5 6   2.0
1   2   21 -5 -5 21 21 -2 2   7 1 3 2 4 5 6   2.0
1   2   21 -5 -5 21 21 -3 3   7 1 3 2 4 5 6   2.0
1   2   21 -5 -5 21 21 -4 4   7 1 3 2 4 5 6   2.0
1   2   21 1 21 1 -2 2 21   6 7 1 3 2 4 5   2.0
1   2   21 1 21 1 -3 3 21   6 7 1 3 2 4 5   2.0
1   2   21 1 21 1 -4 4 21   6 7 1 3 2 4 5   2.0
1   2   21 1 21 1 -5 5 21   6 7 1 3 2 4 5   2.0
1   2   21 1 21 1 21 -2 2   7 1 3 2 4 5 6   2.0
1   2   21 1 21 1 21 -3 3   7 1 3 2 4 5 6   2.0
1   2   21 1 21 1 21 -4 4   7 1 3 2 4 5 6   2.0
1   2   21 1 21 1 21 -5 5   7 1 3 2 4 5 6   2.0
1   2   21 1 21 2 -2 1 21   6 7 1 3 2 4 5   2.0
1   2   21 1 21 2 21 -2 1   7 1 3 2 4 5 6   2.0
1   2   21 1 21 3 -3 1 21   6 7 1 3 2 4 5   2.0
1   2   21 1 21 3 21 -3 1   7 1 3 2 4 5 6   2.0
1   2   21 1 21 4 -4 1 21   6 7 1 3 2 4 5   2.0
1   2   21 1 21 4 21 -4 1   7 1 3 2 4 5 6   2.0
1   2   21 1 21 5 -5 1 21   6 7 1 3 2 4 5   2.0
1   2   21 1 21 5 21 -5 1   7 1 3 2 4 5 6   2.0
1   2   21 2 21 1 -1 2 21   6 7 1 3 2 4 5   2.0
1   2   21 2 21 1 21 -1 2   7 1 3 2 4 5 6   2.0
1   2   21 2 21 2 -1 1 21   6 7 1 3 2 4 5   2.0
1   2   21 2 21 2 -3 3 21   6 7 1 3 2 4 5   2.0
1   2   21 2 21 2 -4 4 21   6 7 1 3 2 4 5   2.0
1   2   21 2 21 2 -5 5 21   6 7 1 3 2 4 5   2.0
1   2   21 2 21 2 21 -1 1   7 1 3 2 4 5 6   2.0
1   2   21 2 21 2 21 -3 3   7 1 3 2 4 5 6   2.0
1   2   21 2 21 2 21 -4 4   7 1 3 2 4 5 6   2.0
1   2   21 2 21 2 21 -5 5   7 1 3 2 4 5 6   2.0
1   2   21 2 21 3 -3 2 21   6 7 1 3 2 4 5   2.0
1   2   21 2 21 3 21 -3 2   7 1 3 2 4 5 6   2.0
1   2   21 2 21 4 -4 2 21   6 7 1 3 2 4 5   2.0
1   2   21 2 21 4 21 -4 2   7 1 3 2 4 5 6   2.0
1   2   21 2 21 5 -5 2 21   6 7 1 3 2 4 5   2.0
1   2   21 2 21 5 21 -5 2   7 1 3 2 4 5 6   2.0
1   2   21 3 21 1 -1 3 21   6 7 1 3 2 4 5   2.0
1   2   21 3 21 1 21 -1 3   7 1 3 2 4 5 6   2.0
1   2   21 3 21 2 -2 3 21   6 7 1 3 2 4 5   2.0
1   2   21 3 21 2 21 -2 3   7 1 3 2 4 5 6   2.0
1   2   21 3 21 3 -1 1 21   6 7 1 3 2 4 5   2.0
1   2   21 3 21 3 -2 2 21   6 7 1 3 2 4 5   2.0
1   2   21 3 21 3 -4 4 21   6 7 1 3 2 4 5   2.0
1   2   21 3 21 3 -5 5 21   6 7 1 3 2 4 5   2.0
1   2   21 3 21 3 21 -1 1   7 1 3 2 4 5 6   2.0
1   2   21 3 21 3 21 -2 2   7 1 3 2 4 5 6   2.0
1   2   21 3 21 3 21 -4 4   7 1 3 2 4 5 6   2.0
1   2   21 3 21 3 21 -5 5   7 1 3 2 4 5 6   2.0
1   2   21 3 21 4 -4 3 21   6 7 1 3 2 4 5   2.0
1   2   21 3 21 4 21 -4 3   7 1 3 2 4 5 6   2.0
1   2   21 3 21 5 -5 3 21   6 7 1 3 2 4 5   2.0
1   2   21 3 21 5 21 -5 3   7 1 3 2 4 5 6   2.0
1   2   21 4 21 1 -1 4 21   6 7 1 3 2 4 5   2.0
1   2   21 4 21 1 21 -1 4   7 1 3 2 4 5 6   2.0
1   2   21 4 21 2 -2 4 21   6 7 1 3 2 4 5   2.0
1   2   21 4 21 2 21 -2 4   7 1 3 2 4 5 6   2.0
1   2   21 4 21 3 -3 4 21   6 7 1 3 2 4 5   2.0
1   2   21 4 21 3 21 -3 4   7 1 3 2 4 5 6   2.0
1   2   21 4 21 4 -1 1 21   6 7 1 3 2 4 5   2.0
1   2   21 4 21 4 -2 2 21   6 7 1 3 2 4 5   2.0
1   2   21 4 21 4 -3 3 21   6 7 1 3 2 4 5   2.0
1   2   21 4 21 4 -5 5 21   6 7 1 3 2 4 5   2.0
1   2   21 4 21 4 21 -1 1   7 1 3 2 4 5 6   2.0
1   2   21 4 21 4 21 -2 2   7 1 3 2 4 5 6   2.0
1   2   21 4 21 4 21 -3 3   7 1 3 2 4 5 6   2.0
1   2   21 4 21 4 21 -5 5   7 1 3 2 4 5 6   2.0
1   2   21 4 21 5 -5 4 21   6 7 1 3 2 4 5   2.0
1   2   21 4 21 5 21 -5 4   7 1 3 2 4 5 6   2.0
1   2   21 5 21 1 -1 5 21   6 7 1 3 2 4 5   2.0
1   2   21 5 21 1 21 -1 5   7 1 3 2 4 5 6   2.0
1   2   21 5 21 2 -2 5 21   6 7 1 3 2 4 5   2.0
1   2   21 5 21 2 21 -2 5   7 1 3 2 4 5 6   2.0
1   2   21 5 21 3 -3 5 21   6 7 1 3 2 4 5   2.0
1   2   21 5 21 3 21 -3 5   7 1 3 2 4 5 6   2.0
1   2   21 5 21 4 -4 5 21   6 7 1 3 2 4 5   2.0
1   2   21 5 21 4 21 -4 5   7 1 3 2 4 5 6   2.0
1   2   21 5 21 5 -1 1 21   6 7 1 3 2 4 5   2.0
1   2   21 5 21 5 -2 2 21   6 7 1 3 2 4 5   2.0
1   2   21 5 21 5 -3 3 21   6 7 1 3 2 4 5   2.0
1   2   21 5 21 5 -4 4 21   6 7 1 3 2 4 5   2.0
1   2   21 5 21 5 21 -1 1   7 1 3 2 4 5 6   2.0
1   2   21 5 21 5 21 -2 2   7 1 3 2 4 5 6   2.0
1   2   21 5 21 5 21 -3 3   7 1 3 2 4 5 6   2.0
1   2   21 5 21 5 21 -4 4   7 1 3 2 4 5 6   2.0
1   2   21 21 21 -1 1 -2 2   7 1 3 2 4 5 6   1.0
1   2   21 21 21 -1 1 -3 3   7 1 3 2 4 5 6   1.0
1   2   21 21 21 -1 1 -4 4   7 1 3 2 4 5 6   1.0
1   2   21 21 21 -1 1 -5 5   7 1 3 2 4 5 6   1.0
1   2   21 21 21 -1 2 -2 1   7 1 3 2 4 5 6   1.0
1   2   21 21 21 -1 3 -3 1   7 1 3 2 4 5 6   1.0
1   2   21 21 21 -1 4 -4 1   7 1 3 2 4 5 6   1.0
1   2   21 21 21 -1 5 -5 1   7 1 3 2 4 5 6   1.0
1   2   21 21 21 -2 1 -1 2   7 1 3 2 4 5 6   1.0
1   2   21 21 21 -2 2 -1 1   7 1 3 2 4 5 6   1.0
1   2   21 21 21 -2 2 -3 3   7 1 3 2 4 5 6   1.0
1   2   21 21 21 -2 2 -4 4   7 1 3 2 4 5 6   1.0
1   2   21 21 21 -2 2 -5 5   7 1 3 2 4 5 6   1.0
1   2   21 21 21 -2 3 -3 2   7 1 3 2 4 5 6   1.0
1   2   21 21 21 -2 4 -4 2   7 1 3 2 4 5 6   1.0
1   2   21 21 21 -2 5 -5 2   7 1 3 2 4 5 6   1.0
1   2   21 21 21 -3 1 -1 3   7 1 3 2 4 5 6   1.0
1   2   21 21 21 -3 2 -2 3   7 1 3 2 4 5 6   1.0
1   2   21 21 21 -3 3 -1 1   7 1 3 2 4 5 6   1.0
1   2   21 21 21 -3 3 -2 2   7 1 3 2 4 5 6   1.0
1   2   21 21 21 -3 3 -4 4   7 1 3 2 4 5 6   1.0
1   2   21 21 21 -3 3 -5 5   7 1 3 2 4 5 6   1.0
1   2   21 21 21 -3 4 -4 3   7 1 3 2 4 5 6   1.0
1   2   21 21 21 -3 5 -5 3   7 1 3 2 4 5 6   1.0
1   2   21 21 21 -4 1 -1 4   7 1 3 2 4 5 6   1.0
1   2   21 21 21 -4 2 -2 4   7 1 3 2 4 5 6   1.0
1   2   21 21 21 -4 3 -3 4   7 1 3 2 4 5 6   1.0
1   2   21 21 21 -4 4 -1 1   7 1 3 2 4 5 6   1.0
1   2   21 21 21 -4 4 -2 2   7 1 3 2 4 5 6   1.0
1   2   21 21 21 -4 4 -3 3   7 1 3 2 4 5 6   1.0
1   2   21 21 21 -4 4 -5 5   7 1 3 2 4 5 6   1.0
1   2   21 21 21 -4 5 -5 4   7 1 3 2 4 5 6   1.0
1   2   21 21 21 -5 1 -1 5   7 1 3 2 4 5 6   1.0
1   2   21 21 21 -5 2 -2 5   7 1 3 2 4 5 6   1.0
1   2   21 21 21 -5 3 -3 5   7 1 3 2 4 5 6   1.0
1   2   21 21 21 -5 4 -4 5   7 1 3 2 4 5 6   1.0
1   2   21 21 21 -5 5 -1 1   7 1 3 2 4 5 6   1.0
1   2   21 21 21 -5 5 -2 2   7 1 3 2 4 5 6   1.0
1   2   21 21 21 -5 5 -3 3   7 1 3 2 4 5 6   1.0
1   2   21 21 21 -5 5 -4 4   7 1 3 2 4 5 6   1.0
1   2   -1 -1 -1 21 21 21 -1   1 3 2 4 5 6 7   12.0
1   2   -1 1 21 1 21 21 -1   1 3 2 4 5 6 7   6.0
1   2   -1 21 21 -1 1 21 -1   1 3 2 4 5 6 7   4.0
1   2   -1 21 21 21 -1 1 -1   1 3 2 4 5 6 7   4.0
1   2   -2 -2 -2 21 21 21 -2   1 3 2 4 5 6 7   12.0
1   2   -2 2 21 2 21 21 -2   1 3 2 4 5 6 7   6.0
1   2   -2 21 21 -2 2 21 -2   1 3 2 4 5 6 7   4.0
1   2   -2 21 21 21 -2 2 -2   1 3 2 4 5 6 7   4.0
1   2   -3 -3 -3 21 21 21 -3   1 3 2 4 5 6 7   12.0
1   2   -3 3 21 3 21 21 -3   1 3 2 4 5 6 7   6.0
1   2   -3 21 21 -3 3 21 -3   1 3 2 4 5 6 7   4.0
1   2   -3 21 21 21 -3 3 -3   1 3 2 4 5 6 7   4.0
1   2   -4 -4 -4 21 21 21 -4   1 3 2 4 5 6 7   12.0
1   2   -4 4 21 4 21 21 -4   1 3 2 4 5 6 7   6.0
1   2   -4 21 21 -4 4 21 -4   1 3 2 4 5 6 7   4.0
1   2   -4 21 21 21 -4 4 -4   1 3 2 4 5 6 7   4.0
1   2   -5 -5 -5 21 21 21 -5   1 3 2 4 5 6 7   12.0
1   2   -5 5 21 5 21 21 -5   1 3 2 4 5 6 7   6.0
1   2   -5 21 21 -5 5 21 -5   1 3 2 4 5 6 7   4.0
1   2   -5 21 21 21 -5 5 -5   1 3 2 4 5 6 7   4.0
1   2   1 1 1 1 21 21 21   4 5 6 7 1 3 2   12.0
1   2   1 21 1 -1 1 21 21   5 6 7 1 3 2 4   4.0
1   2   1 21 1 21 -1 1 21   6 7 1 3 2 4 5   4.0
1   2   1 21 1 21 21 -1 1   7 1 3 2 4 5 6   4.0
1   2   2 2 2 2 21 21 21   4 5 6 7 1 3 2   12.0
1   2   2 21 2 -2 2 21 21   5 6 7 1 3 2 4   4.0
1   2   2 21 2 21 -2 2 21   6 7 1 3 2 4 5   4.0
1   2   2 21 2 21 21 -2 2   7 1 3 2 4 5 6   4.0
1   2   3 3 3 3 21 21 21   4 5 6 7 1 3 2   12.0
1   2   3 21 3 -3 3 21 21   5 6 7 1 3 2 4   4.0
1   2   3 21 3 21 -3 3 21   6 7 1 3 2 4 5   4.0
1   2   3 21 3 21 21 -3 3   7 1 3 2 4 5 6   4.0
1   2   4 4 4 4 21 21 21   4 5 6 7 1 3 2   12.0
1   2   4 21 4 -4 4 21 21   5 6 7 1 3 2 4   4.0
1   2   4 21 4 21 -4 4 21   6 7 1 3 2 4 5   4.0
1   2   4 21 4 21 21 -4 4   7 1 3 2 4 5 6   4.0
1   2   5 5 5 5 21 21 21   4 5 6 7 1 3 2   12.0
1   2   5 21 5 -5 5 21 21   5 6 7 1 3 2 4   4.0
1   2   5 21 5 21 -5 5 21   6 7 1 3 2 4 5   4.0
1   2   5 21 5 21 21 -5 5   7 1 3 2 4 5 6   4.0
1   2   21 -1 -1 -1 1 21 21   5 6 7 1 3 2 4   4.0
1   2   21 -1 -1 21 -1 1 21   6 7 1 3 2 4 5   4.0
1   2   21 -1 -1 21 21 -1 1   7 1 3 2 4 5 6   4.0
1   2   21 -2 -2 -2 2 21 21   5 6 7 1 3 2 4   4.0
1   2   21 -2 -2 21 -2 2 21   6 7 1 3 2 4 5   4.0
1   2   21 -2 -2 21 21 -2 2   7 1 3 2 4 5 6   4.0
1   2   21 -3 -3 -3 3 21 21   5 6 7 1 3 2 4   4.0
1   2   21 -3 -3 21 -3 3 21   6 7 1 3 2 4 5   4.0
1   2   21 -3 -3 21 21 -3 3   7 1 3 2 4 5 6   4.0
1   2   21 -4 -4 -4 4 21 21   5 6 7 1 3 2 4   4.0
1   2   21 -4 -4 21 -4 4 21   6 7 1 3 2 4 5   4.0
1   2   21 -4 -4 21 21 -4 4   7 1 3 2 4 5 6   4.0
1   2   21 -5 -5 -5 5 21 21   5 6 7 1 3 2 4   4.0
1   2   21 -5 -5 21 -5 5 21   6 7 1 3 2 4 5   4.0
1   2   21 -5 -5 21 21 -5 5   7 1 3 2 4 5 6   4.0
1   2   21 1 21 1 -1 1 21   6 7 1 3 2 4 5   4.0
1   2   21 1 21 1 21 -1 1   7 1 3 2 4 5 6   4.0
1   2   21 2 21 2 -2 2 21   6 7 1 3 2 4 5   4.0
1   2   21 2 21 2 21 -2 2   7 1 3 2 4 5 6   4.0
1   2   21 3 21 3 -3 3 21   6 7 1 3 2 4 5   4.0
1   2   21 3 21 3 21 -3 3   7 1 3 2 4 5 6   4.0
1   2   21 4 21 4 -4 4 21   6 7 1 3 2 4 5   4.0
1   2   21 4 21 4 21 -4 4   7 1 3 2 4 5 6   4.0
1   2   21 5 21 5 -5 5 21   6 7 1 3 2 4 5   4.0
1   2   21 5 21 5 21 -5 5   7 1 3 2 4 5 6   4.0
1   2   21 21 21 -1 1 -1 1   7 1 3 2 4 5 6   4.0
1   2   21 21 21 -2 2 -2 2   7 1 3 2 4 5 6   4.0
1   2   21 21 21 -3 3 -3 3   7 1 3 2 4 5 6   4.0
1   2   21 21 21 -4 4 -4 4   7 1 3 2 4 5 6   4.0
1   2   21 21 21 -5 5 -5 5   7 1 3 2 4 5 6   4.0



3   666   1   1 3 4 2 5 6 7
1   3   21 21 21 21 21 21 21   1 3 4 2 5 6 7   120.0
1   3   -1 21 21 21 21 21 -1   1 3 4 2 5 6 7   24.0
1   3   -2 21 21 21 21 21 -2   1 3 4 2 5 6 7   24.0
1   3   -3 21 21 21 21 21 -3   1 3 4 2 5 6 7   24.0
1   3   -4 21 21 21 21 21 -4   1 3 4 2 5 6 7   24.0
1   3   -5 21 21 21 21 21 -5   1 3 4 2 5 6 7   24.0
1   3   1 21 1 21 21 21 21   3 4 2 5 6 7 1   24.0
1   3   2 21 2 21 21 21 21   3 4 2 5 6 7 1   24.0
1   3   3 21 3 21 21 21 21   3 4 2 5 6 7 1   24.0
1   3   4 21 4 21 21 21 21   3 4 2 5 6 7 1   24.0
1   3   5 21 5 21 21 21 21   3 4 2 5 6 7 1   24.0
1   3   21 -1 21 -1 21 21 21   2 5 6 7 1 3 4   24.0
1   3   21 -2 21 -2 21 21 21   2 5 6 7 1 3 4   24.0
1   3   21 -3 21 -3 21 21 21   2 5 6 7 1 3 4   24.0
1   3   21 -4 21 -4 21 21 21   2 5 6 7 1 3 4   24.0
1   3   21 -5 21 -5 21 21 21   2 5 6 7 1 3 4   24.0
1   3   21 1 21 21 1 21 21   5 6 7 1 3 4 2   24.0
1   3   21 2 21 21 2 21 21   5 6 7 1 3 4 2   24.0
1   3   21 3 21 21 3 21 21   5 6 7 1 3 4 2   24.0
1   3   21 4 21 21 4 21 21   5 6 7 1 3 4 2   24.0
1   3   21 5 21 21 5 21 21   5 6 7 1 3 4 2   24.0
1   3   21 21 -1 1 21 21 21   4 2 5 6 7 1 3   6.0
1   3   21 21 -2 2 21 21 21   4 2 5 6 7 1 3   6.0
1   3   21 21 -3 3 21 21 21   4 2 5 6 7 1 3   6.0
1   3   21 21 -4 4 21 21 21   4 2 5 6 7 1 3   6.0
1   3   21 21 -5 5 21 21 21   4 2 5 6 7 1 3   6.0
1   3   21 21 21 21 -1 1 21   6 7 1 3 4 2 5   6.0
1   3   21 21 21 21 -2 2 21   6 7 1 3 4 2 5   6.0
1   3   21 21 21 21 -3 3 21   6 7 1 3 4 2 5   6.0
1   3   21 21 21 21 -4 4 21   6 7 1 3 4 2 5   6.0
1   3   21 21 21 21 -5 5 21   6 7 1 3 4 2 5   6.0
1   3   21 21 21 21 21 -1 1   7 1 3 4 2 5 6   6.0
1   3   21 21 21 21 21 -2 2   7 1 3 4 2 5 6   6.0
1   3   21 21 21 21 21 -3 3   7 1 3 4 2 5 6   6.0
1   3   21 21 21 21 21 -4 4   7 1 3 4 2 5 6   6.0
1   3   21 21 21 21 21 -5 5   7 1 3 4 2 5 6   6.0
1   3   -1 -2 21 -1 21 21 -2   1 3 4 2 5 6 7   6.0
1   3   -1 -2 21 -2 21 21 -1   1 3 4 2 5 6 7   6.0
1   3   -1 -3 21 -1 21 21 -3   1 3 4 2 5 6 7   6.0
1   3   -1 -3 21 -3 21 21 -1   1 3 4 2 5 6 7   6.0
1   3   -1 -4 21 -1 21 21 -4   1 3 4 2 5 6 7   6.0
1   3   -1 -4 21 -4 21 21 -1   1 3 4 2 5 6 7   6.0
1   3   -1 -5 21 -1 21 21 -5   1 3 4 2 5 6 7   6.0
1   3   -1 -5 21 -5 21 21 -1   1 3 4 2 5 6 7   6.0
1   3   -1 1 21 21 2 21 -2   1 3 4 2 5 6 7   6.0
1   3   -1 1 21 21 3 21 -3   1 3 4 2 5 6 7   6.0
1   3   -1 1 21 21 4 21 -4   1 3 4 2 5 6 7   6.0
1   3   -1 1 21 21 5 21 -5   1 3 4 2 5 6 7   6.0
1   3   -1 2 21 21 2 21 -1   1 3 4 2 5 6 7   6.0
1   3   -1 3 21 21 3 21 -1   1 3 4 2 5 6 7   6.0
1   3   -1 4 21 21 4 21 -1   1 3 4 2 5 6 7   6.0
1   3   -1 5 21 21 5 21 -1   1 3 4 2 5 6 7   6.0
1   3   -1 21 -1 2 21 21 -2   1 3 4 2 5 6 7   2.0
1   3   -1 21 -1 3 21 21 -3   1 3 4 2 5 6 7   2.0
1   3   -1 21 -1 4 21 21 -4   1 3 4 2 5 6 7   2.0
1   3   -1 21 -1 5 21 21 -5   1 3 4 2 5 6 7   2.0
1   3   -1 21 -2 2 21 21 -1   1 3 4 2 5 6 7   2.0
1   3   -1 21 -3 3 21 21 -1   1 3 4 2 5 6 7   2.0
1   3   -1 21 -4 4 21 21 -1   1 3 4 2 5 6 7   2.0
1   3   -1 21 -5 5 21 21 -1   1 3 4 2 5 6 7   2.0
1   3   -1 21 21 21 -1 2 -2   1 3 4 2 5 6 7   2.0
1   3   -1 21 21 21 -1 3 -3   1 3 4 2 5 6 7   2.0
1   3   -1 21 21 21 -1 4 -4   1 3 4 2 5 6 7   2.0
1   3   -1 21 21 21 -1 5 -5   1 3 4 2 5 6 7   2.0
1   3   -1 21 21 21 -2 2 -1   1 3 4 2 5 6 7   2.0
1   3   -1 21 21 21 -3 3 -1   1 3 4 2 5 6 7   2.0
1   3   -1 21 21 21 -4 4 -1   1 3 4 2 5 6 7   2.0
1   3   -1 21 21 21 -5 5 -1   1 3 4 2 5 6 7   2.0
1   3   -2 -1 21 -1 21 21 -2   1 3 4 2 5 6 7   6.0
1   3   -2 -1 21 -2 21 21 -1   1 3 4 2 5 6 7   6.0
1   3   -2 -3 21 -2 21 21 -3   1 3 4 2 5 6 7   6.0
1   3   -2 -3 21 -3 21 21 -2   1 3 4 2 5 6 7   6.0
1   3   -2 -4 21 -2 21 21 -4   1 3 4 2 5 6 7   6.0
1   3   -2 -4 21 -4 21 21 -2   1 3 4 2 5 6 7   6.0
1   3   -2 -5 21 -2 21 21 -5   1 3 4 2 5 6 7   6.0
1   3   -2 -5 21 -5 21 21 -2   1 3 4 2 5 6 7   6.0
1   3   -2 1 21 21 1 21 -2   1 3 4 2 5 6 7   6.0
1   3   -2 2 21 21 1 21 -1   1 3 4 2 5 6 7   6.0
1   3   -2 2 21 21 3 21 -3   1 3 4 2 5 6 7   6.0
1   3   -2 2 21 21 4 21 -4   1 3 4 2 5 6 7   6.0
1   3   -2 2 21 21 5 21 -5   1 3 4 2 5 6 7   6.0
1   3   -2 3 21 21 3 21 -2   1 3 4 2 5 6 7   6.0
1   3   -2 4 21 21 4 21 -2   1 3 4 2 5 6 7   6.0
1   3   -2 5 21 21 5 21 -2   1 3 4 2 5 6 7   6.0
1   3   -2 21 -1 1 21 21 -2   1 3 4 2 5 6 7   2.0
1   3   -2 21 -2 1 21 21 -1   1 3 4 2 5 6 7   2.0
1   3   -2 21 -2 3 21 21 -3   1 3 4 2 5 6 7   2.0
1   3   -2 21 -2 4 21 21 -4   1 3 4 2 5 6 7   2.0
1   3   -2 21 -2 5 21 21 -5   1 3 4 2 5 6 7   2.0
1   3   -2 21 -3 3 21 21 -2   1 3 4 2 5 6 7   2.0
1   3   -2 21 -4 4 21 21 -2   1 3 4 2 5 6 7   2.0
1   3   -2 21 -5 5 21 21 -2   1 3 4 2 5 6 7   2.0
1   3   -2 21 21 21 -1 1 -2   1 3 4 2 5 6 7   2.0
1   3   -2 21 21 21 -2 1 -1   1 3 4 2 5 6 7   2.0
1   3   -2 21 21 21 -2 3 -3   1 3 4 2 5 6 7   2.0
1   3   -2 21 21 21 -2 4 -4   1 3 4 2 5 6 7   2.0
1   3   -2 21 21 21 -2 5 -5   1 3 4 2 5 6 7   2.0
1   3   -2 21 21 21 -3 3 -2   1 3 4 2 5 6 7   2.0
1   3   -2 21 21 21 -4 4 -2   1 3 4 2 5 6 7   2.0
1   3   -2 21 21 21 -5 5 -2   1 3 4 2 5 6 7   2.0
1   3   -3 -1 21 -1 21 21 -3   1 3 4 2 5 6 7   6.0
1   3   -3 -1 21 -3 21 21 -1   1 3 4 2 5 6 7   6.0
1   3   -3 -2 21 -2 21 21 -3   1 3 4 2 5 6 7   6.0
1   3   -3 -2 21 -3 21 21 -2   1 3 4 2 5 6 7   6.0
1   3   -3 -4 21 -3 21 21 -4   1 3 4 2 5 6 7   6.0
1   3   -3 -4 21 -4 21 21 -3   1 3 4 2 5 6 7   6.0
1   3   -3 -5 21 -3 21 21 -5   1 3 4 2 5 6 7   6.0
1   3   -3 -5 21 -5 21 21 -3   1 3 4 2 5 6 7   6.0
1   3   -3 1 21 21 1 21 -3   1 3 4 2 5 6 7   6.0
1   3   -3 2 21 21 2 21 -3   1 3 4 2 5 6 7   6.0
1   3   -3 3 21 21 1 21 -1   1 3 4 2 5 6 7   6.0
1   3   -3 3 21 21 2 21 -2   1 3 4 2 5 6 7   6.0
1   3   -3 3 21 21 4 21 -4   1 3 4 2 5 6 7   6.0
1   3   -3 3 21 21 5 21 -5   1 3 4 2 5 6 7   6.0
1   3   -3 4 21 21 4 21 -3   1 3 4 2 5 6 7   6.0
1   3   -3 5 21 21 5 21 -3   1 3 4 2 5 6 7   6.0
1   3   -3 21 -1 1 21 21 -3   1 3 4 2 5 6 7   2.0
1   3   -3 21 -2 2 21 21 -3   1 3 4 2 5 6 7   2.0
1   3   -3 21 -3 1 21 21 -1   1 3 4 2 5 6 7   2.0
1   3   -3 21 -3 2 21 21 -2   1 3 4 2 5 6 7   2.0
1   3   -3 21 -3 4 21 21 -4   1 3 4 2 5 6 7   2.0
1   3   -3 21 -3 5 21 21 -5   1 3 4 2 5 6 7   2.0
1   3   -3 21 -4 4 21 21 -3   1 3 4 2 5 6 7   2.0
1   3   -3 21 -5 5 21 21 -3   1 3 4 2 5 6 7   2.0
1   3   -3 21 21 21 -1 1 -3   1 3 4 2 5 6 7   2.0
1   3   -3 21 21 21 -2 2 -3   1 3 4 2 5 6 7   2.0
1   3   -3 21 21 21 -3 1 -1   1 3 4 2 5 6 7   2.0
1   3   -3 21 21 21 -3 2 -2   1 3 4 2 5 6 7   2.0
1   3   -3 21 21 21 -3 4 -4   1 3 4 2 5 6 7   2.0
1   3   -3 21 21 21 -3 5 -5   1 3 4 2 5 6 7   2.0
1   3   -3 21 21 21 -4 4 -3   1 3 4 2 5 6 7   2.0
1   3   -3 21 21 21 -5 5 -3   1 3 4 2 5 6 7   2.0
1   3   -4 -1 21 -1 21 21 -4   1 3 4 2 5 6 7   6.0
1   3   -4 -1 21 -4 21 21 -1   1 3 4 2 5 6 7   6.0
1   3   -4 -2 21 -2 21 21 -4   1 3 4 2 5 6 7   6.0
1   3   -4 -2 21 -4 21 21 -2   1 3 4 2 5 6 7   6.0
1   3   -4 -3 21 -3 21 21 -4   1 3 4 2 5 6 7   6.0
1   3   -4 -3 21 -4 21 21 -3   1 3 4 2 5 6 7   6.0
1   3   -4 -5 21 -4 21 21 -5   1 3 4 2 5 6 7   6.0
1   3   -4 -5 21 -5 21 21 -4   1 3 4 2 5 6 7   6.0
1   3   -4 1 21 21 1 21 -4   1 3 4 2 5 6 7   6.0
1   3   -4 2 21 21 2 21 -4   1 3 4 2 5 6 7   6.0
1   3   -4 3 21 21 3 21 -4   1 3 4 2 5 6 7   6.0
1   3   -4 4 21 21 1 21 -1   1 3 4 2 5 6 7   6.0
1   3   -4 4 21 21 2 21 -2   1 3 4 2 5 6 7   6.0
1   3   -4 4 21 21 3 21 -3   1 3 4 2 5 6 7   6.0
1   3   -4 4 21 21 5 21 -5   1 3 4 2 5 6 7   6.0
1   3   -4 5 21 21 5 21 -4   1 3 4 2 5 6 7   6.0
1   3   -4 21 -1 1 21 21 -4   1 3 4 2 5 6 7   2.0
1   3   -4 21 -2 2 21 21 -4   1 3 4 2 5 6 7   2.0
1   3   -4 21 -3 3 21 21 -4   1 3 4 2 5 6 7   2.0
1   3   -4 21 -4 1 21 21 -1   1 3 4 2 5 6 7   2.0
1   3   -4 21 -4 2 21 21 -2   1 3 4 2 5 6 7   2.0
1   3   -4 21 -4 3 21 21 -3   1 3 4 2 5 6 7   2.0
1   3   -4 21 -4 5 21 21 -5   1 3 4 2 5 6 7   2.0
1   3   -4 21 -5 5 21 21 -4   1 3 4 2 5 6 7   2.0
1   3   -4 21 21 21 -1 1 -4   1 3 4 2 5 6 7   2.0
1   3   -4 21 21 21 -2 2 -4   1 3 4 2 5 6 7   2.0
1   3   -4 21 21 21 -3 3 -4   1 3 4 2 5 6 7   2.0
1   3   -4 21 21 21 -4 1 -1   1 3 4 2 5 6 7   2.0
1   3   -4 21 21 21 -4 2 -2   1 3 4 2 5 6 7   2.0
1   3   -4 21 21 21 -4 3 -3   1 3 4 2 5 6 7   2.0
1   3   -4 21 21 21 -4 5 -5   1 3 4 2 5 6 7   2.0
1   3   -4 21 21 21 -5 5 -4   1 3 4 2 5 6 7   2.0
1   3   -5 -1 21 -1 21 21 -5   1 3 4 2 5 6 7   6.0
1   3   -5 -1 21 -5 21 21 -1   1 3 4 2 5 6 7   6.0
1   3   -5 -2 21 -2 21 21 -5   1 3 4 2 5 6 7   6.0
1   3   -5 -2 21 -5 21 21 -2   1 3 4 2 5 6 7   6.0
1   3   -5 -3 21 -3 21 21 -5   1 3 4 2 5 6 7   6.0
1   3   -5 -3 21 -5 21 21 -3   1 3 4 2 5 6 7   6.0
1   3   -5 -4 21 -4 21 21 -5   1 3 4 2 5 6 7   6.0
1   3   -5 -4 21 -5 21 21 -4   1 3 4 2 5 6 7   6.0
1   3   -5 1 21 21 1 21 -5   1 3 4 2 5 6 7   6.0
1   3   -5 2 21 21 2 21 -5   1 3 4 2 5 6 7   6.0
1   3   -5 3 21 21 3 21 -5   1 3 4 2 5 6 7   6.0
1   3   -5 4 21 21 4 21 -5   1 3 4 2 5 6 7   6.0
1   3   -5 5 21 21 1 21 -1   1 3 4 2 5 6 7   6.0
1   3   -5 5 21 21 2 21 -2   1 3 4 2 5 6 7   6.0
1   3   -5 5 21 21 3 21 -3   1 3 4 2 5 6 7   6.0
1   3   -5 5 21 21 4 21 -4   1 3 4 2 5 6 7   6.0
1   3   -5 21 -1 1 21 21 -5   1 3 4 2 5 6 7   2.0
1   3   -5 21 -2 2 21 21 -5   1 3 4 2 5 6 7   2.0
1   3   -5 21 -3 3 21 21 -5   1 3 4 2 5 6 7   2.0
1   3   -5 21 -4 4 21 21 -5   1 3 4 2 5 6 7   2.0
1   3   -5 21 -5 1 21 21 -1   1 3 4 2 5 6 7   2.0
1   3   -5 21 -5 2 21 21 -2   1 3 4 2 5 6 7   2.0
1   3   -5 21 -5 3 21 21 -3   1 3 4 2 5 6 7   2.0
1   3   -5 21 -5 4 21 21 -4   1 3 4 2 5 6 7   2.0
1   3   -5 21 21 21 -1 1 -5   1 3 4 2 5 6 7   2.0
1   3   -5 21 21 21 -2 2 -5   1 3 4 2 5 6 7   2.0
1   3   -5 21 21 21 -3 3 -5   1 3 4 2 5 6 7   2.0
1   3   -5 21 21 21 -4 4 -5   1 3 4 2 5 6 7   2.0
1   3   -5 21 21 21 -5 1 -1   1 3 4 2 5 6 7   2.0
1   3   -5 21 21 21 -5 2 -2   1 3 4 2 5 6 7   2.0
1   3   -5 21 21 21 -5 3 -3   1 3 4 2 5 6 7   2.0
1   3   -5 21 21 21 -5 4 -4   1 3 4 2 5 6 7   2.0
1   3   1 -1 2 -2 21 21 21   2 5 6 7 1 3 4   6.0
1   3   1 -1 3 -3 21 21 21   2 5 6 7 1 3 4   6.0
1   3   1 -1 4 -4 21 21 21   2 5 6 7 1 3 4   6.0
1   3   1 -1 5 -5 21 21 21   2 5 6 7 1 3 4   6.0
1   3   1 -2 1 -2 21 21 21   2 5 6 7 1 3 4   6.0
1   3   1 -3 1 -3 21 21 21   2 5 6 7 1 3 4   6.0
1   3   1 -4 1 -4 21 21 21   2 5 6 7 1 3 4   6.0
1   3   1 -5 1 -5 21 21 21   2 5 6 7 1 3 4   6.0
1   3   1 2 1 21 2 21 21   5 6 7 1 3 4 2   6.0
1   3   1 2 2 21 1 21 21   5 6 7 1 3 4 2   6.0
1   3   1 3 1 21 3 21 21   5 6 7 1 3 4 2   6.0
1   3   1 3 3 21 1 21 21   5 6 7 1 3 4 2   6.0
1   3   1 4 1 21 4 21 21   5 6 7 1 3 4 2   6.0
1   3   1 4 4 21 1 21 21   5 6 7 1 3 4 2   6.0
1   3   1 5 1 21 5 21 21   5 6 7 1 3 4 2   6.0
1   3   1 5 5 21 1 21 21   5 6 7 1 3 4 2   6.0
1   3   1 21 1 21 -2 2 21   6 7 1 3 4 2 5   2.0
1   3   1 21 1 21 -3 3 21   6 7 1 3 4 2 5   2.0
1   3   1 21 1 21 -4 4 21   6 7 1 3 4 2 5   2.0
1   3   1 21 1 21 -5 5 21   6 7 1 3 4 2 5   2.0
1   3   1 21 1 21 21 -2 2   7 1 3 4 2 5 6   2.0
1   3   1 21 1 21 21 -3 3   7 1 3 4 2 5 6   2.0
1   3   1 21 1 21 21 -4 4   7 1 3 4 2 5 6   2.0
1   3   1 21 1 21 21 -5 5   7 1 3 4 2 5 6   2.0
1   3   1 21 2 21 -2 1 21   6 7 1 3 4 2 5   2.0
1   3   1 21 2 21 21 -2 1   7 1 3 4 2 5 6   2.0
1   3   1 21 3 21 -3 1 21   6 7 1 3 4 2 5   2.0
1   3   1 21 3 21 21 -3 1   7 1 3 4 2 5 6   2.0
1   3   1 21 4 21 -4 1 21   6 7 1 3 4 2 5   2.0
1   3   1 21 4 21 21 -4 1   7 1 3 4 2 5 6   2.0
1   3   1 21 5 21 -5 1 21   6 7 1 3 4 2 5   2.0
1   3   1 21 5 21 21 -5 1   7 1 3 4 2 5 6   2.0
1   3   2 -1 2 -1 21 21 21   2 5 6 7 1 3 4   6.0
1   3   2 -2 1 -1 21 21 21   2 5 6 7 1 3 4   6.0
1   3   2 -2 3 -3 21 21 21   2 5 6 7 1 3 4   6.0
1   3   2 -2 4 -4 21 21 21   2 5 6 7 1 3 4   6.0
1   3   2 -2 5 -5 21 21 21   2 5 6 7 1 3 4   6.0
1   3   2 -3 2 -3 21 21 21   2 5 6 7 1 3 4   6.0
1   3   2 -4 2 -4 21 21 21   2 5 6 7 1 3 4   6.0
1   3   2 -5 2 -5 21 21 21   2 5 6 7 1 3 4   6.0
1   3   2 1 1 21 2 21 21   5 6 7 1 3 4 2   6.0
1   3   2 1 2 21 1 21 21   5 6 7 1 3 4 2   6.0
1   3   2 3 2 21 3 21 21   5 6 7 1 3 4 2   6.0
1   3   2 3 3 21 2 21 21   5 6 7 1 3 4 2   6.0
1   3   2 4 2 21 4 21 21   5 6 7 1 3 4 2   6.0
1   3   2 4 4 21 2 21 21   5 6 7 1 3 4 2   6.0
1   3   2 5 2 21 5 21 21   5 6 7 1 3 4 2   6.0
1   3   2 5 5 21 2 21 21   5 6 7 1 3 4 2   6.0
1   3   2 21 1 21 -1 2 21   6 7 1 3 4 2 5   2.0
1   3   2 21 1 21 21 -1 2   7 1 3 4 2 5 6   2.0
1   3   2 21 2 21 -1 1 21   6 7 1 3 4 2 5   2.0
1   3   2 21 2 21 -3 3 21   6 7 1 3 4 2 5   2.0
1   3   2 21 2 21 -4 4 21   6 7 1 3 4 2 5   2.0
1   3   2 21 2 21 -5 5 21   6 7 1 3 4 2 5   2.0
1   3   2 21 2 21 21 -1 1   7 1 3 4 2 5 6   2.0
1   3   2 21 2 21 21 -3 3   7 1 3 4 2 5 6   2.0
1   3   2 21 2 21 21 -4 4   7 1 3 4 2 5 6   2.0
1   3   2 21 2 21 21 -5 5   7 1 3 4 2 5 6   2.0
1   3   2 21 3 21 -3 2 21   6 7 1 3 4 2 5   2.0
1   3   2 21 3 21 21 -3 2   7 1 3 4 2 5 6   2.0
1   3   2 21 4 21 -4 2 21   6 7 1 3 4 2 5   2.0
1   3   2 21 4 21 21 -4 2   7 1 3 4 2 5 6   2.0
1   3   2 21 5 21 -5 2 21   6 7 1 3 4 2 5   2.0
1   3   2 21 5 21 21 -5 2   7 1 3 4 2 5 6   2.0
1   3   3 -1 3 -1 21 21 21   2 5 6 7 1 3 4   6.0
1   3   3 -2 3 -2 21 21 21   2 5 6 7 1 3 4   6.0
1   3   3 -3 1 -1 21 21 21   2 5 6 7 1 3 4   6.0
1   3   3 -3 2 -2 21 21 21   2 5 6 7 1 3 4   6.0
1   3   3 -3 4 -4 21 21 21   2 5 6 7 1 3 4   6.0
1   3   3 -3 5 -5 21 21 21   2 5 6 7 1 3 4   6.0
1   3   3 -4 3 -4 21 21 21   2 5 6 7 1 3 4   6.0
1   3   3 -5 3 -5 21 21 21   2 5 6 7 1 3 4   6.0
1   3   3 1 1 21 3 21 21   5 6 7 1 3 4 2   6.0
1   3   3 1 3 21 1 21 21   5 6 7 1 3 4 2   6.0
1   3   3 2 2 21 3 21 21   5 6 7 1 3 4 2   6.0
1   3   3 2 3 21 2 21 21   5 6 7 1 3 4 2   6.0
1   3   3 4 3 21 4 21 21   5 6 7 1 3 4 2   6.0
1   3   3 4 4 21 3 21 21   5 6 7 1 3 4 2   6.0
1   3   3 5 3 21 5 21 21   5 6 7 1 3 4 2   6.0
1   3   3 5 5 21 3 21 21   5 6 7 1 3 4 2   6.0
1   3   3 21 1 21 -1 3 21   6 7 1 3 4 2 5   2.0
1   3   3 21 1 21 21 -1 3   7 1 3 4 2 5 6   2.0
1   3   3 21 2 21 -2 3 21   6 7 1 3 4 2 5   2.0
1   3   3 21 2 21 21 -2 3   7 1 3 4 2 5 6   2.0
1   3   3 21 3 21 -1 1 21   6 7 1 3 4 2 5   2.0
1   3   3 21 3 21 -2 2 21   6 7 1 3 4 2 5   2.0
1   3   3 21 3 21 -4 4 21   6 7 1 3 4 2 5   2.0
1   3   3 21 3 21 -5 5 21   6 7 1 3 4 2 5   2.0
1   3   3 21 3 21 21 -1 1   7 1 3 4 2 5 6   2.0
1   3   3 21 3 21 21 -2 2   7 1 3 4 2 5 6   2.0
1   3   3 21 3 21 21 -4 4   7 1 3 4 2 5 6   2.0
1   3   3 21 3 21 21 -5 5   7 1 3 4 2 5 6   2.0
1   3   3 21 4 21 -4 3 21   6 7 1 3 4 2 5   2.0
1   3   3 21 4 21 21 -4 3   7 1 3 4 2 5 6   2.0
1   3   3 21 5 21 -5 3 21   6 7 1 3 4 2 5   2.0
1   3   3 21 5 21 21 -5 3   7 1 3 4 2 5 6   2.0
1   3   4 -1 4 -1 21 21 21   2 5 6 7 1 3 4   6.0
1   3   4 -2 4 -2 21 21 21   2 5 6 7 1 3 4   6.0
1   3   4 -3 4 -3 21 21 21   2 5 6 7 1 3 4   6.0
1   3   4 -4 1 -1 21 21 21   2 5 6 7 1 3 4   6.0
1   3   4 -4 2 -2 21 21 21   2 5 6 7 1 3 4   6.0
1   3   4 -4 3 -3 21 21 21   2 5 6 7 1 3 4   6.0
1   3   4 -4 5 -5 21 21 21   2 5 6 7 1 3 4   6.0
1   3   4 -5 4 -5 21 21 21   2 5 6 7 1 3 4   6.0
1   3   4 1 1 21 4 21 21   5 6 7 1 3 4 2   6.0
1   3   4 1 4 21 1 21 21   5 6 7 1 3 4 2   6.0
1   3   4 2 2 21 4 21 21   5 6 7 1 3 4 2   6.0
1   3   4 2 4 21 2 21 21   5 6 7 1 3 4 2   6.0
1   3   4 3 3 21 4 21 21   5 6 7 1 3 4 2   6.0
1   3   4 3 4 21 3 21 21   5 6 7 1 3 4 2   6.0
1   3   4 5 4 21 5 21 21   5 6 7 1 3 4 2   6.0
1   3   4 5 5 21 4 21 21   5 6 7 1 3 4 2   6.0
1   3   4 21 1 21 -1 4 21   6 7 1 3 4 2 5   2.0
1   3   4 21 1 21 21 -1 4   7 1 3 4 2 5 6   2.0
1   3   4 21 2 21 -2 4 21   6 7 1 3 4 2 5   2.0
1   3   4 21 2 21 21 -2 4   7 1 3 4 2 5 6   2.0
1   3   4 21 3 21 -3 4 21   6 7 1 3 4 2 5   2.0
1   3   4 21 3 21 21 -3 4   7 1 3 4 2 5 6   2.0
1   3   4 21 4 21 -1 1 21   6 7 1 3 4 2 5   2.0
1   3   4 21 4 21 -2 2 21   6 7 1 3 4 2 5   2.0
1   3   4 21 4 21 -3 3 21   6 7 1 3 4 2 5   2.0
1   3   4 21 4 21 -5 5 21   6 7 1 3 4 2 5   2.0
1   3   4 21 4 21 21 -1 1   7 1 3 4 2 5 6   2.0
1   3   4 21 4 21 21 -2 2   7 1 3 4 2 5 6   2.0
1   3   4 21 4 21 21 -3 3   7 1 3 4 2 5 6   2.0
1   3   4 21 4 21 21 -5 5   7 1 3 4 2 5 6   2.0
1   3   4 21 5 21 -5 4 21   6 7 1 3 4 2 5   2.0
1   3   4 21 5 21 21 -5 4   7 1 3 4 2 5 6   2.0
1   3   5 -1 5 -1 21 21 21   2 5 6 7 1 3 4   6.0
1   3   5 -2 5 -2 21 21 21   2 5 6 7 1 3 4   6.0
1   3   5 -3 5 -3 21 21 21   2 5 6 7 1 3 4   6.0
1   3   5 -4 5 -4 21 21 21   2 5 6 7 1 3 4   6.0
1   3   5 -5 1 -1 21 21 21   2 5 6 7 1 3 4   6.0
1   3   5 -5 2 -2 21 21 21   2 5 6 7 1 3 4   6.0
1   3   5 -5 3 -3 21 21 21   2 5 6 7 1 3 4   6.0
1   3   5 -5 4 -4 21 21 21   2 5 6 7 1 3 4   6.0
1   3   5 1 1 21 5 21 21   5 6 7 1 3 4 2   6.0
1   3   5 1 5 21 1 21 21   5 6 7 1 3 4 2   6.0
1   3   5 2 2 21 5 21 21   5 6 7 1 3 4 2   6.0
1   3   5 2 5 21 2 21 21   5 6 7 1 3 4 2   6.0
1   3   5 3 3 21 5 21 21   5 6 7 1 3 4 2   6.0
1   3   5 3 5 21 3 21 21   5 6 7 1 3 4 2   6.0
1   3   5 4 4 21 5 21 21   5 6 7 1 3 4 2   6.0
1   3   5 4 5 21 4 21 21   5 6 7 1 3 4 2   6.0
1   3   5 21 1 21 -1 5 21   6 7 1 3 4 2 5   2.0
1   3   5 21 1 21 21 -1 5   7 1 3 4 2 5 6   2.0
1   3   5 21 2 21 -2 5 21   6 7 1 3 4 2 5   2.0
1   3   5 21 2 21 21 -2 5   7 1 3 4 2 5 6   2.0
1   3   5 21 3 21 -3 5 21   6 7 1 3 4 2 5   2.0
1   3   5 21 3 21 21 -3 5   7 1 3 4 2 5 6   2.0
1   3   5 21 4 21 -4 5 21   6 7 1 3 4 2 5   2.0
1   3   5 21 4 21 21 -4 5   7 1 3 4 2 5 6   2.0
1   3   5 21 5 21 -1 1 21   6 7 1 3 4 2 5   2.0
1   3   5 21 5 21 -2 2 21   6 7 1 3 4 2 5   2.0
1   3   5 21 5 21 -3 3 21   6 7 1 3 4 2 5   2.0
1   3   5 21 5 21 -4 4 21   6 7 1 3 4 2 5   2.0
1   3   5 21 5 21 21 -1 1   7 1 3 4 2 5 6   2.0
1   3   5 21 5 21 21 -2 2   7 1 3 4 2 5 6   2.0
1   3   5 21 5 21 21 -3 3   7 1 3 4 2 5 6   2.0
1   3   5 21 5 21 21 -4 4   7 1 3 4 2 5 6   2.0
1   3   21 -1 21 -1 -2 2 21   6 7 1 3 4 2 5   2.0
1   3   21 -1 21 -1 -3 3 21   6 7 1 3 4 2 5   2.0
1   3   21 -1 21 -1 -4 4 21   6 7 1 3 4 2 5   2.0
1   3   21 -1 21 -1 -5 5 21   6 7 1 3 4 2 5   2.0
1   3   21 -1 21 -1 21 -2 2   7 1 3 4 2 5 6   2.0
1   3   21 -1 21 -1 21 -3 3   7 1 3 4 2 5 6   2.0
1   3   21 -1 21 -1 21 -4 4   7 1 3 4 2 5 6   2.0
1   3   21 -1 21 -1 21 -5 5   7 1 3 4 2 5 6   2.0
1   3   21 -1 21 -2 -1 2 21   6 7 1 3 4 2 5   2.0
1   3   21 -1 21 -2 21 -1 2   7 1 3 4 2 5 6   2.0
1   3   21 -1 21 -3 -1 3 21   6 7 1 3 4 2 5   2.0
1   3   21 -1 21 -3 21 -1 3   7 1 3 4 2 5 6   2.0
1   3   21 -1 21 -4 -1 4 21   6 7 1 3 4 2 5   2.0
1   3   21 -1 21 -4 21 -1 4   7 1 3 4 2 5 6   2.0
1   3   21 -1 21 -5 -1 5 21   6 7 1 3 4 2 5   2.0
1   3   21 -1 21 -5 21 -1 5   7 1 3 4 2 5 6   2.0
1   3   21 -2 21 -1 -2 1 21   6 7 1 3 4 2 5   2.0
1   3   21 -2 21 -1 21 -2 1   7 1 3 4 2 5 6   2.0
1   3   21 -2 21 -2 -1 1 21   6 7 1 3 4 2 5   2.0
1   3   21 -2 21 -2 -3 3 21   6 7 1 3 4 2 5   2.0
1   3   21 -2 21 -2 -4 4 21   6 7 1 3 4 2 5   2.0
1   3   21 -2 21 -2 -5 5 21   6 7 1 3 4 2 5   2.0
1   3   21 -2 21 -2 21 -1 1   7 1 3 4 2 5 6   2.0
1   3   21 -2 21 -2 21 -3 3   7 1 3 4 2 5 6   2.0
1   3   21 -2 21 -2 21 -4 4   7 1 3 4 2 5 6   2.0
1   3   21 -2 21 -2 21 -5 5   7 1 3 4 2 5 6   2.0
1   3   21 -2 21 -3 -2 3 21   6 7 1 3 4 2 5   2.0
1   3   21 -2 21 -3 21 -2 3   7 1 3 4 2 5 6   2.0
1   3   21 -2 21 -4 -2 4 21   6 7 1 3 4 2 5   2.0
1   3   21 -2 21 -4 21 -2 4   7 1 3 4 2 5 6   2.0
1   3   21 -2 21 -5 -2 5 21   6 7 1 3 4 2 5   2.0
1   3   21 -2 21 -5 21 -2 5   7 1 3 4 2 5 6   2.0
1   3   21 -3 21 -1 -3 1 21   6 7 1 3 4 2 5   2.0
1   3   21 -3 21 -1 21 -3 1   7 1 3 4 2 5 6   2.0
1   3   21 -3 21 -2 -3 2 21   6 7 1 3 4 2 5   2.0
1   3   21 -3 21 -2 21 -3 2   7 1 3 4 2 5 6   2.0
1   3   21 -3 21 -3 -1 1 21   6 7 1 3 4 2 5   2.0
1   3   21 -3 21 -3 -2 2 21   6 7 1 3 4 2 5   2.0
1   3   21 -3 21 -3 -4 4 21   6 7 1 3 4 2 5   2.0
1   3   21 -3 21 -3 -5 5 21   6 7 1 3 4 2 5   2.0
1   3   21 -3 21 -3 21 -1 1   7 1 3 4 2 5 6   2.0
1   3   21 -3 21 -3 21 -2 2   7 1 3 4 2 5 6   2.0
1   3   21 -3 21 -3 21 -4 4   7 1 3 4 2 5 6   2.0
1   3   21 -3 21 -3 21 -5 5   7 1 3 4 2 5 6   2.0
1   3   21 -3 21 -4 -3 4 21   6 7 1 3 4 2 5   2.0
1   3   21 -3 21 -4 21 -3 4   7 1 3 4 2 5 6   2.0
1   3   21 -3 21 -5 -3 5 21   6 7 1 3 4 2 5   2.0
1   3   21 -3 21 -5 21 -3 5   7 1 3 4 2 5 6   2.0
1   3   21 -4 21 -1 -4 1 21   6 7 1 3 4 2 5   2.0
1   3   21 -4 21 -1 21 -4 1   7 1 3 4 2 5 6   2.0
1   3   21 -4 21 -2 -4 2 21   6 7 1 3 4 2 5   2.0
1   3   21 -4 21 -2 21 -4 2   7 1 3 4 2 5 6   2.0
1   3   21 -4 21 -3 -4 3 21   6 7 1 3 4 2 5   2.0
1   3   21 -4 21 -3 21 -4 3   7 1 3 4 2 5 6   2.0
1   3   21 -4 21 -4 -1 1 21   6 7 1 3 4 2 5   2.0
1   3   21 -4 21 -4 -2 2 21   6 7 1 3 4 2 5   2.0
1   3   21 -4 21 -4 -3 3 21   6 7 1 3 4 2 5   2.0
1   3   21 -4 21 -4 -5 5 21   6 7 1 3 4 2 5   2.0
1   3   21 -4 21 -4 21 -1 1   7 1 3 4 2 5 6   2.0
1   3   21 -4 21 -4 21 -2 2   7 1 3 4 2 5 6   2.0
1   3   21 -4 21 -4 21 -3 3   7 1 3 4 2 5 6   2.0
1   3   21 -4 21 -4 21 -5 5   7 1 3 4 2 5 6   2.0
1   3   21 -4 21 -5 -4 5 21   6 7 1 3 4 2 5   2.0
1   3   21 -4 21 -5 21 -4 5   7 1 3 4 2 5 6   2.0
1   3   21 -5 21 -1 -5 1 21   6 7 1 3 4 2 5   2.0
1   3   21 -5 21 -1 21 -5 1   7 1 3 4 2 5 6   2.0
1   3   21 -5 21 -2 -5 2 21   6 7 1 3 4 2 5   2.0
1   3   21 -5 21 -2 21 -5 2   7 1 3 4 2 5 6   2.0
1   3   21 -5 21 -3 -5 3 21   6 7 1 3 4 2 5   2.0
1   3   21 -5 21 -3 21 -5 3   7 1 3 4 2 5 6   2.0
1   3   21 -5 21 -4 -5 4 21   6 7 1 3 4 2 5   2.0
1   3   21 -5 21 -4 21 -5 4   7 1 3 4 2 5 6   2.0
1   3   21 -5 21 -5 -1 1 21   6 7 1 3 4 2 5   2.0
1   3   21 -5 21 -5 -2 2 21   6 7 1 3 4 2 5   2.0
1   3   21 -5 21 -5 -3 3 21   6 7 1 3 4 2 5   2.0
1   3   21 -5 21 -5 -4 4 21   6 7 1 3 4 2 5   2.0
1   3   21 -5 21 -5 21 -1 1   7 1 3 4 2 5 6   2.0
1   3   21 -5 21 -5 21 -2 2   7 1 3 4 2 5 6   2.0
1   3   21 -5 21 -5 21 -3 3   7 1 3 4 2 5 6   2.0
1   3   21 -5 21 -5 21 -4 4   7 1 3 4 2 5 6   2.0
1   3   21 1 -2 1 2 21 21   5 6 7 1 3 4 2   2.0
1   3   21 1 -2 2 1 21 21   5 6 7 1 3 4 2   2.0
1   3   21 1 -3 1 3 21 21   5 6 7 1 3 4 2   2.0
1   3   21 1 -3 3 1 21 21   5 6 7 1 3 4 2   2.0
1   3   21 1 -4 1 4 21 21   5 6 7 1 3 4 2   2.0
1   3   21 1 -4 4 1 21 21   5 6 7 1 3 4 2   2.0
1   3   21 1 -5 1 5 21 21   5 6 7 1 3 4 2   2.0
1   3   21 1 -5 5 1 21 21   5 6 7 1 3 4 2   2.0
1   3   21 1 21 21 1 -2 2   7 1 3 4 2 5 6   2.0
1   3   21 1 21 21 1 -3 3   7 1 3 4 2 5 6   2.0
1   3   21 1 21 21 1 -4 4   7 1 3 4 2 5 6   2.0
1   3   21 1 21 21 1 -5 5   7 1 3 4 2 5 6   2.0
1   3   21 1 21 21 2 -2 1   7 1 3 4 2 5 6   2.0
1   3   21 1 21 21 3 -3 1   7 1 3 4 2 5 6   2.0
1   3   21 1 21 21 4 -4 1   7 1 3 4 2 5 6   2.0
1   3   21 1 21 21 5 -5 1   7 1 3 4 2 5 6   2.0
1   3   21 2 -1 1 2 21 21   5 6 7 1 3 4 2   2.0
1   3   21 2 -1 2 1 21 21   5 6 7 1 3 4 2   2.0
1   3   21 2 -3 2 3 21 21   5 6 7 1 3 4 2   2.0
1   3   21 2 -3 3 2 21 21   5 6 7 1 3 4 2   2.0
1   3   21 2 -4 2 4 21 21   5 6 7 1 3 4 2   2.0
1   3   21 2 -4 4 2 21 21   5 6 7 1 3 4 2   2.0
1   3   21 2 -5 2 5 21 21   5 6 7 1 3 4 2   2.0
1   3   21 2 -5 5 2 21 21   5 6 7 1 3 4 2   2.0
1   3   21 2 21 21 1 -1 2   7 1 3 4 2 5 6   2.0
1   3   21 2 21 21 2 -1 1   7 1 3 4 2 5 6   2.0
1   3   21 2 21 21 2 -3 3   7 1 3 4 2 5 6   2.0
1   3   21 2 21 21 2 -4 4   7 1 3 4 2 5 6   2.0
1   3   21 2 21 21 2 -5 5   7 1 3 4 2 5 6   2.0
1   3   21 2 21 21 3 -3 2   7 1 3 4 2 5 6   2.0
1   3   21 2 21 21 4 -4 2   7 1 3 4 2 5 6   2.0
1   3   21 2 21 21 5 -5 2   7 1 3 4 2 5 6   2.0
1   3   21 3 -1 1 3 21 21   5 6 7 1 3 4 2   2.0
1   3   21 3 -1 3 1 21 21   5 6 7 1 3 4 2   2.0
1   3   21 3 -2 2 3 21 21   5 6 7 1 3 4 2   2.0
1   3   21 3 -2 3 2 21 21   5 6 7 1 3 4 2   2.0
1   3   21 3 -4 3 4 21 21   5 6 7 1 3 4 2   2.0
1   3   21 3 -4 4 3 21 21   5 6 7 1 3 4 2   2.0
1   3   21 3 -5 3 5 21 21   5 6 7 1 3 4 2   2.0
1   3   21 3 -5 5 3 21 21   5 6 7 1 3 4 2   2.0
1   3   21 3 21 21 1 -1 3   7 1 3 4 2 5 6   2.0
1   3   21 3 21 21 2 -2 3   7 1 3 4 2 5 6   2.0
1   3   21 3 21 21 3 -1 1   7 1 3 4 2 5 6   2.0
1   3   21 3 21 21 3 -2 2   7 1 3 4 2 5 6   2.0
1   3   21 3 21 21 3 -4 4   7 1 3 4 2 5 6   2.0
1   3   21 3 21 21 3 -5 5   7 1 3 4 2 5 6   2.0
1   3   21 3 21 21 4 -4 3   7 1 3 4 2 5 6   2.0
1   3   21 3 21 21 5 -5 3   7 1 3 4 2 5 6   2.0
1   3   21 4 -1 1 4 21 21   5 6 7 1 3 4 2   2.0
1   3   21 4 -1 4 1 21 21   5 6 7 1 3 4 2   2.0
1   3   21 4 -2 2 4 21 21   5 6 7 1 3 4 2   2.0
1   3   21 4 -2 4 2 21 21   5 6 7 1 3 4 2   2.0
1   3   21 4 -3 3 4 21 21   5 6 7 1 3 4 2   2.0
1   3   21 4 -3 4 3 21 21   5 6 7 1 3 4 2   2.0
1   3   21 4 -5 4 5 21 21   5 6 7 1 3 4 2   2.0
1   3   21 4 -5 5 4 21 21   5 6 7 1 3 4 2   2.0
1   3   21 4 21 21 1 -1 4   7 1 3 4 2 5 6   2.0
1   3   21 4 21 21 2 -2 4   7 1 3 4 2 5 6   2.0
1   3   21 4 21 21 3 -3 4   7 1 3 4 2 5 6   2.0
1   3   21 4 21 21 4 -1 1   7 1 3 4 2 5 6   2.0
1   3   21 4 21 21 4 -2 2   7 1 3 4 2 5 6   2.0
1   3   21 4 21 21 4 -3 3   7 1 3 4 2 5 6   2.0
1   3   21 4 21 21 4 -5 5   7 1 3 4 2 5 6   2.0
1   3   21 4 21 21 5 -5 4   7 1 3 4 2 5 6   2.0
1   3   21 5 -1 1 5 21 21   5 6 7 1 3 4 2   2.0
1   3   21 5 -1 5 1 21 21   5 6 7 1 3 4 2   2.0
1   3   21 5 -2 2 5 21 21   5 6 7 1 3 4 2   2.0
1   3   21 5 -2 5 2 21 21   5 6 7 1 3 4 2   2.0
1   3   21 5 -3 3 5 21 21   5 6 7 1 3 4 2   2.0
1   3   21 5 -3 5 3 21 21   5 6 7 1 3 4 2   2.0
1   3   21 5 -4 4 5 21 21   5 6 7 1 3 4 2   2.0
1   3   21 5 -4 5 4 21 21   5 6 7 1 3 4 2   2.0
1   3   21 5 21 21 1 -1 5   7 1 3 4 2 5 6   2.0
1   3   21 5 21 21 2 -2 5   7 1 3 4 2 5 6   2.0
1   3   21 5 21 21 3 -3 5   7 1 3 4 2 5 6   2.0
1   3   21 5 21 21 4 -4 5   7 1 3 4 2 5 6   2.0
1   3   21 5 21 21 5 -1 1   7 1 3 4 2 5 6   2.0
1   3   21 5 21 21 5 -2 2   7 1 3 4 2 5 6   2.0
1   3   21 5 21 21 5 -3 3   7 1 3 4 2 5 6   2.0
1   3   21 5 21 21 5 -4 4   7 1 3 4 2 5 6   2.0
1   3   21 21 -1 1 -2 2 21   6 7 1 3 4 2 5   1.0
1   3   21 21 -1 1 -3 3 21   6 7 1 3 4 2 5   1.0
1   3   21 21 -1 1 -4 4 21   6 7 1 3 4 2 5   1.0
1   3   21 21 -1 1 -5 5 21   6 7 1 3 4 2 5   1.0
1   3   21 21 -1 1 21 -2 2   7 1 3 4 2 5 6   1.0
1   3   21 21 -1 1 21 -3 3   7 1 3 4 2 5 6   1.0
1   3   21 21 -1 1 21 -4 4   7 1 3 4 2 5 6   1.0
1   3   21 21 -1 1 21 -5 5   7 1 3 4 2 5 6   1.0
1   3   21 21 -1 2 -2 1 21   6 7 1 3 4 2 5   1.0
1   3   21 21 -1 2 21 -2 1   7 1 3 4 2 5 6   1.0
1   3   21 21 -1 3 -3 1 21   6 7 1 3 4 2 5   1.0
1   3   21 21 -1 3 21 -3 1   7 1 3 4 2 5 6   1.0
1   3   21 21 -1 4 -4 1 21   6 7 1 3 4 2 5   1.0
1   3   21 21 -1 4 21 -4 1   7 1 3 4 2 5 6   1.0
1   3   21 21 -1 5 -5 1 21   6 7 1 3 4 2 5   1.0
1   3   21 21 -1 5 21 -5 1   7 1 3 4 2 5 6   1.0
1   3   21 21 -2 1 -1 2 21   6 7 1 3 4 2 5   1.0
1   3   21 21 -2 1 21 -1 2   7 1 3 4 2 5 6   1.0
1   3   21 21 -2 2 -1 1 21   6 7 1 3 4 2 5   1.0
1   3   21 21 -2 2 -3 3 21   6 7 1 3 4 2 5   1.0
1   3   21 21 -2 2 -4 4 21   6 7 1 3 4 2 5   1.0
1   3   21 21 -2 2 -5 5 21   6 7 1 3 4 2 5   1.0
1   3   21 21 -2 2 21 -1 1   7 1 3 4 2 5 6   1.0
1   3   21 21 -2 2 21 -3 3   7 1 3 4 2 5 6   1.0
1   3   21 21 -2 2 21 -4 4   7 1 3 4 2 5 6   1.0
1   3   21 21 -2 2 21 -5 5   7 1 3 4 2 5 6   1.0
1   3   21 21 -2 3 -3 2 21   6 7 1 3 4 2 5   1.0
1   3   21 21 -2 3 21 -3 2   7 1 3 4 2 5 6   1.0
1   3   21 21 -2 4 -4 2 21   6 7 1 3 4 2 5   1.0
1   3   21 21 -2 4 21 -4 2   7 1 3 4 2 5 6   1.0
1   3   21 21 -2 5 -5 2 21   6 7 1 3 4 2 5   1.0
1   3   21 21 -2 5 21 -5 2   7 1 3 4 2 5 6   1.0
1   3   21 21 -3 1 -1 3 21   6 7 1 3 4 2 5   1.0
1   3   21 21 -3 1 21 -1 3   7 1 3 4 2 5 6   1.0
1   3   21 21 -3 2 -2 3 21   6 7 1 3 4 2 5   1.0
1   3   21 21 -3 2 21 -2 3   7 1 3 4 2 5 6   1.0
1   3   21 21 -3 3 -1 1 21   6 7 1 3 4 2 5   1.0
1   3   21 21 -3 3 -2 2 21   6 7 1 3 4 2 5   1.0
1   3   21 21 -3 3 -4 4 21   6 7 1 3 4 2 5   1.0
1   3   21 21 -3 3 -5 5 21   6 7 1 3 4 2 5   1.0
1   3   21 21 -3 3 21 -1 1   7 1 3 4 2 5 6   1.0
1   3   21 21 -3 3 21 -2 2   7 1 3 4 2 5 6   1.0
1   3   21 21 -3 3 21 -4 4   7 1 3 4 2 5 6   1.0
1   3   21 21 -3 3 21 -5 5   7 1 3 4 2 5 6   1.0
1   3   21 21 -3 4 -4 3 21   6 7 1 3 4 2 5   1.0
1   3   21 21 -3 4 21 -4 3   7 1 3 4 2 5 6   1.0
1   3   21 21 -3 5 -5 3 21   6 7 1 3 4 2 5   1.0
1   3   21 21 -3 5 21 -5 3   7 1 3 4 2 5 6   1.0
1   3   21 21 -4 1 -1 4 21   6 7 1 3 4 2 5   1.0
1   3   21 21 -4 1 21 -1 4   7 1 3 4 2 5 6   1.0
1   3   21 21 -4 2 -2 4 21   6 7 1 3 4 2 5   1.0
1   3   21 21 -4 2 21 -2 4   7 1 3 4 2 5 6   1.0
1   3   21 21 -4 3 -3 4 21   6 7 1 3 4 2 5   1.0
1   3   21 21 -4 3 21 -3 4   7 1 3 4 2 5 6   1.0
1   3   21 21 -4 4 -1 1 21   6 7 1 3 4 2 5   1.0
1   3   21 21 -4 4 -2 2 21   6 7 1 3 4 2 5   1.0
1   3   21 21 -4 4 -3 3 21   6 7 1 3 4 2 5   1.0
1   3   21 21 -4 4 -5 5 21   6 7 1 3 4 2 5   1.0
1   3   21 21 -4 4 21 -1 1   7 1 3 4 2 5 6   1.0
1   3   21 21 -4 4 21 -2 2   7 1 3 4 2 5 6   1.0
1   3   21 21 -4 4 21 -3 3   7 1 3 4 2 5 6   1.0
1   3   21 21 -4 4 21 -5 5   7 1 3 4 2 5 6   1.0
1   3   21 21 -4 5 -5 4 21   6 7 1 3 4 2 5   1.0
1   3   21 21 -4 5 21 -5 4   7 1 3 4 2 5 6   1.0
1   3   21 21 -5 1 -1 5 21   6 7 1 3 4 2 5   1.0
1   3   21 21 -5 1 21 -1 5   7 1 3 4 2 5 6   1.0
1   3   21 21 -5 2 -2 5 21   6 7 1 3 4 2 5   1.0
1   3   21 21 -5 2 21 -2 5   7 1 3 4 2 5 6   1.0
1   3   21 21 -5 3 -3 5 21   6 7 1 3 4 2 5   1.0
1   3   21 21 -5 3 21 -3 5   7 1 3 4 2 5 6   1.0
1   3   21 21 -5 4 -4 5 21   6 7 1 3 4 2 5   1.0
1   3   21 21 -5 4 21 -4 5   7 1 3 4 2 5 6   1.0
1   3   21 21 -5 5 -1 1 21   6 7 1 3 4 2 5   1.0
1   3   21 21 -5 5 -2 2 21   6 7 1 3 4 2 5   1.0
1   3   21 21 -5 5 -3 3 21   6 7 1 3 4 2 5   1.0
1   3   21 21 -5 5 -4 4 21   6 7 1 3 4 2 5   1.0
1   3   21 21 -5 5 21 -1 1   7 1 3 4 2 5 6   1.0
1   3   21 21 -5 5 21 -2 2   7 1 3 4 2 5 6   1.0
1   3   21 21 -5 5 21 -3 3   7 1 3 4 2 5 6   1.0
1   3   21 21 -5 5 21 -4 4   7 1 3 4 2 5 6   1.0
1   3   -1 -1 21 -1 21 21 -1   1 3 4 2 5 6 7   12.0
1   3   -1 1 21 21 1 21 -1   1 3 4 2 5 6 7   6.0
1   3   -1 21 -1 1 21 21 -1   1 3 4 2 5 6 7   4.0
1   3   -1 21 21 21 -1 1 -1   1 3 4 2 5 6 7   4.0
1   3   -2 -2 21 -2 21 21 -2   1 3 4 2 5 6 7   12.0
1   3   -2 2 21 21 2 21 -2   1 3 4 2 5 6 7   6.0
1   3   -2 21 -2 2 21 21 -2   1 3 4 2 5 6 7   4.0
1   3   -2 21 21 21 -2 2 -2   1 3 4 2 5 6 7   4.0
1   3   -3 -3 21 -3 21 21 -3   1 3 4 2 5 6 7   12.0
1   3   -3 3 21 21 3 21 -3   1 3 4 2 5 6 7   6.0
1   3   -3 21 -3 3 21 21 -3   1 3 4 2 5 6 7   4.0
1   3   -3 21 21 21 -3 3 -3   1 3 4 2 5 6 7   4.0
1   3   -4 -4 21 -4 21 21 -4   1 3 4 2 5 6 7   12.0
1   3   -4 4 21 21 4 21 -4   1 3 4 2 5 6 7   6.0
1   3   -4 21 -4 4 21 21 -4   1 3 4 2 5 6 7   4.0
1   3   -4 21 21 21 -4 4 -4   1 3 4 2 5 6 7   4.0
1   3   -5 -5 21 -5 21 21 -5   1 3 4 2 5 6 7   12.0
1   3   -5 5 21 21 5 21 -5   1 3 4 2 5 6 7   6.0
1   3   -5 21 -5 5 21 21 -5   1 3 4 2 5 6 7   4.0
1   3   -5 21 21 21 -5 5 -5   1 3 4 2 5 6 7   4.0
1   3   1 -1 1 -1 21 21 21   2 5 6 7 1 3 4   6.0
1   3   1 1 1 21 1 21 21   5 6 7 1 3 4 2   12.0
1   3   1 21 1 21 -1 1 21   6 7 1 3 4 2 5   4.0
1   3   1 21 1 21 21 -1 1   7 1 3 4 2 5 6   4.0
1   3   2 -2 2 -2 21 21 21   2 5 6 7 1 3 4   6.0
1   3   2 2 2 21 2 21 21   5 6 7 1 3 4 2   12.0
1   3   2 21 2 21 -2 2 21   6 7 1 3 4 2 5   4.0
1   3   2 21 2 21 21 -2 2   7 1 3 4 2 5 6   4.0
1   3   3 -3 3 -3 21 21 21   2 5 6 7 1 3 4   6.0
1   3   3 3 3 21 3 21 21   5 6 7 1 3 4 2   12.0
1   3   3 21 3 21 -3 3 21   6 7 1 3 4 2 5   4.0
1   3   3 21 3 21 21 -3 3   7 1 3 4 2 5 6   4.0
1   3   4 -4 4 -4 21 21 21   2 5 6 7 1 3 4   6.0
1   3   4 4 4 21 4 21 21   5 6 7 1 3 4 2   12.0
1   3   4 21 4 21 -4 4 21   6 7 1 3 4 2 5   4.0
1   3   4 21 4 21 21 -4 4   7 1 3 4 2 5 6   4.0
1   3   5 -5 5 -5 21 21 21   2 5 6 7 1 3 4   6.0
1   3   5 5 5 21 5 21 21   5 6 7 1 3 4 2   12.0
1   3   5 21 5 21 -5 5 21   6 7 1 3 4 2 5   4.0
1   3   5 21 5 21 21 -5 5   7 1 3 4 2 5 6   4.0
1   3   21 -1 21 -1 -1 1 21   6 7 1 3 4 2 5   4.0
1   3   21 -1 21 -1 21 -1 1   7 1 3 4 2 5 6   4.0
1   3   21 -2 21 -2 -2 2 21   6 7 1 3 4 2 5   4.0
1   3   21 -2 21 -2 21 -2 2   7 1 3 4 2 5 6   4.0
1   3   21 -3 21 -3 -3 3 21   6 7 1 3 4 2 5   4.0
1   3   21 -3 21 -3 21 -3 3   7 1 3 4 2 5 6   4.0
1   3   21 -4 21 -4 -4 4 21   6 7 1 3 4 2 5   4.0
1   3   21 -4 21 -4 21 -4 4   7 1 3 4 2 5 6   4.0
1   3   21 -5 21 -5 -5 5 21   6 7 1 3 4 2 5   4.0
1   3   21 -5 21 -5 21 -5 5   7 1 3 4 2 5 6   4.0
1   3   21 1 -1 1 1 21 21   5 6 7 1 3 4 2   4.0
1   3   21 1 21 21 1 -1 1   7 1 3 4 2 5 6   4.0
1   3   21 2 -2 2 2 21 21   5 6 7 1 3 4 2   4.0
1   3   21 2 21 21 2 -2 2   7 1 3 4 2 5 6   4.0
1   3   21 3 -3 3 3 21 21   5 6 7 1 3 4 2   4.0
1   3   21 3 21 21 3 -3 3   7 1 3 4 2 5 6   4.0
1   3   21 4 -4 4 4 21 21   5 6 7 1 3 4 2   4.0
1   3   21 4 21 21 4 -4 4   7 1 3 4 2 5 6   4.0
1   3   21 5 -5 5 5 21 21   5 6 7 1 3 4 2   4.0
1   3   21 5 21 21 5 -5 5   7 1 3 4 2 5 6   4.0
1   3   21 21 -1 1 -1 1 21   6 7 1 3 4 2 5   4.0
1   3   21 21 -1 1 21 -1 1   7 1 3 4 2 5 6   4.0
1   3   21 21 -2 2 -2 2 21   6 7 1 3 4 2 5   4.0
1   3   21 21 -2 2 21 -2 2   7 1 3 4 2 5 6   4.0
1   3   21 21 -3 3 -3 3 21   6 7 1 3 4 2 5   4.0
1   3   21 21 -3 3 21 -3 3   7 1 3 4 2 5 6   4.0
1   3   21 21 -4 4 -4 4 21   6 7 1 3 4 2 5   4.0
1   3   21 21 -4 4 21 -4 4   7 1 3 4 2 5 6   4.0
1   3   21 21 -5 5 -5 5 21   6 7 1 3 4 2 5   4.0
1   3   21 21 -5 5 21 -5 5   7 1 3 4 2 5 6   4.0



4   666   1   1 3 4 5 2 6 7
1   4   21 21 21 21 21 21 21   1 3 4 5 2 6 7   120.0
1   4   -1 21 21 21 21 21 -1   1 3 4 5 2 6 7   24.0
1   4   -2 21 21 21 21 21 -2   1 3 4 5 2 6 7   24.0
1   4   -3 21 21 21 21 21 -3   1 3 4 5 2 6 7   24.0
1   4   -4 21 21 21 21 21 -4   1 3 4 5 2 6 7   24.0
1   4   -5 21 21 21 21 21 -5   1 3 4 5 2 6 7   24.0
1   4   1 21 1 21 21 21 21   3 4 5 2 6 7 1   24.0
1   4   2 21 2 21 21 21 21   3 4 5 2 6 7 1   24.0
1   4   3 21 3 21 21 21 21   3 4 5 2 6 7 1   24.0
1   4   4 21 4 21 21 21 21   3 4 5 2 6 7 1   24.0
1   4   5 21 5 21 21 21 21   3 4 5 2 6 7 1   24.0
1   4   21 -1 21 21 -1 21 21   2 6 7 1 3 4 5   24.0
1   4   21 -2 21 21 -2 21 21   2 6 7 1 3 4 5   24.0
1   4   21 -3 21 21 -3 21 21   2 6 7 1 3 4 5   24.0
1   4   21 -4 21 21 -4 21 21   2 6 7 1 3 4 5   24.0
1   4   21 -5 21 21 -5 21 21   2 6 7 1 3 4 5   24.0
1   4   21 1 21 21 21 1 21   6 7 1 3 4 5 2   24.0
1   4   21 2 21 21 21 2 21   6 7 1 3 4 5 2   24.0
1   4   21 3 21 21 21 3 21   6 7 1 3 4 5 2   24.0
1   4   21 4 21 21 21 4 21   6 7 1 3 4 5 2   24.0
1   4   21 5 21 21 21 5 21   6 7 1 3 4 5 2   24.0
1   4   21 21 -1 1 21 21 21   4 5 2 6 7 1 3   6.0
1   4   21 21 -2 2 21 21 21   4 5 2 6 7 1 3   6.0
1   4   21 21 -3 3 21 21 21   4 5 2 6 7 1 3   6.0
1   4   21 21 -4 4 21 21 21   4 5 2 6 7 1 3   6.0
1   4   21 21 -5 5 21 21 21   4 5 2 6 7 1 3   6.0
1   4   21 21 21 -1 1 21 21   5 2 6 7 1 3 4   6.0
1   4   21 21 21 -2 2 21 21   5 2 6 7 1 3 4   6.0
1   4   21 21 21 -3 3 21 21   5 2 6 7 1 3 4   6.0
1   4   21 21 21 -4 4 21 21   5 2 6 7 1 3 4   6.0
1   4   21 21 21 -5 5 21 21   5 2 6 7 1 3 4   6.0
1   4   21 21 21 21 21 -1 1   7 1 3 4 5 2 6   6.0
1   4   21 21 21 21 21 -2 2   7 1 3 4 5 2 6   6.0
1   4   21 21 21 21 21 -3 3   7 1 3 4 5 2 6   6.0
1   4   21 21 21 21 21 -4 4   7 1 3 4 5 2 6   6.0
1   4   21 21 21 21 21 -5 5   7 1 3 4 5 2 6   6.0
1   4   -1 -2 21 21 -1 21 -2   1 3 4 5 2 6 7   6.0
1   4   -1 -2 21 21 -2 21 -1   1 3 4 5 2 6 7   6.0
1   4   -1 -3 21 21 -1 21 -3   1 3 4 5 2 6 7   6.0
1   4   -1 -3 21 21 -3 21 -1   1 3 4 5 2 6 7   6.0
1   4   -1 -4 21 21 -1 21 -4   1 3 4 5 2 6 7   6.0
1   4   -1 -4 21 21 -4 21 -1   1 3 4 5 2 6 7   6.0
1   4   -1 -5 21 21 -1 21 -5   1 3 4 5 2 6 7   6.0
1   4   -1 -5 21 21 -5 21 -1   1 3 4 5 2 6 7   6.0
1   4   -1 1 21 21 21 2 -2   1 3 4 5 2 6 7   6.0
1   4   -1 1 21 21 21 3 -3   1 3 4 5 2 6 7   6.0
1   4   -1 1 21 21 21 4 -4   1 3 4 5 2 6 7   6.0
1   4   -1 1 21 21 21 5 -5   1 3 4 5 2 6 7   6.0
1   4   -1 2 21 21 21 2 -1   1 3 4 5 2 6 7   6.0
1   4   -1 3 21 21 21 3 -1   1 3 4 5 2 6 7   6.0
1   4   -1 4 21 21 21 4 -1   1 3 4 5 2 6 7   6.0
1   4   -1 5 21 21 21 5 -1   1 3 4 5 2 6 7   6.0
1   4   -1 21 -1 2 21 21 -2   1 3 4 5 2 6 7   2.0
1   4   -1 21 -1 3 21 21 -3   1 3 4 5 2 6 7   2.0
1   4   -1 21 -1 4 21 21 -4   1 3 4 5 2 6 7   2.0
1   4   -1 21 -1 5 21 21 -5   1 3 4 5 2 6 7   2.0
1   4   -1 21 -2 2 21 21 -1   1 3 4 5 2 6 7   2.0
1   4   -1 21 -3 3 21 21 -1   1 3 4 5 2 6 7   2.0
1   4   -1 21 -4 4 21 21 -1   1 3 4 5 2 6 7   2.0
1   4   -1 21 -5 5 21 21 -1   1 3 4 5 2 6 7   2.0
1   4   -1 21 21 -1 2 21 -2   1 3 4 5 2 6 7   2.0
1   4   -1 21 21 -1 3 21 -3   1 3 4 5 2 6 7   2.0
1   4   -1 21 21 -1 4 21 -4   1 3 4 5 2 6 7   2.0
1   4   -1 21 21 -1 5 21 -5   1 3 4 5 2 6 7   2.0
1   4   -1 21 21 -2 2 21 -1   1 3 4 5 2 6 7   2.0
1   4   -1 21 21 -3 3 21 -1   1 3 4 5 2 6 7   2.0
1   4   -1 21 21 -4 4 21 -1   1 3 4 5 2 6 7   2.0
1   4   -1 21 21 -5 5 21 -1   1 3 4 5 2 6 7   2.0
1   4   -2 -1 21 21 -1 21 -2   1 3 4 5 2 6 7   6.0
1   4   -2 -1 21 21 -2 21 -1   1 3 4 5 2 6 7   6.0
1   4   -2 -3 21 21 -2 21 -3   1 3 4 5 2 6 7   6.0
1   4   -2 -3 21 21 -3 21 -2   1 3 4 5 2 6 7   6.0
1   4   -2 -4 21 21 -2 21 -4   1 3 4 5 2 6 7   6.0
1   4   -2 -4 21 21 -4 21 -2   1 3 4 5 2 6 7   6.0
1   4   -2 -5 21 21 -2 21 -5   1 3 4 5 2 6 7   6.0
1   4   -2 -5 21 21 -5 21 -2   1 3 4 5 2 6 7   6.0
1   4   -2 1 21 21 21 1 -2   1 3 4 5 2 6 7   6.0
1   4   -2 2 21 21 21 1 -1   1 3 4 5 2 6 7   6.0
1   4   -2 2 21 21 21 3 -3   1 3 4 5 2 6 7   6.0
1   4   -2 2 21 21 21 4 -4   1 3 4 5 2 6 7   6.0
1   4   -2 2 21 21 21 5 -5   1 3 4 5 2 6 7   6.0
1   4   -2 3 21 21 21 3 -2   1 3 4 5 2 6 7   6.0
1   4   -2 4 21 21 21 4 -2   1 3 4 5 2 6 7   6.0
1   4   -2 5 21 21 21 5 -2   1 3 4 5 2 6 7   6.0
1   4   -2 21 -1 1 21 21 -2   1 3 4 5 2 6 7   2.0
1   4   -2 21 -2 1 21 21 -1   1 3 4 5 2 6 7   2.0
1   4   -2 21 -2 3 21 21 -3   1 3 4 5 2 6 7   2.0
1   4   -2 21 -2 4 21 21 -4   1 3 4 5 2 6 7   2.0
1   4   -2 21 -2 5 21 21 -5   1 3 4 5 2 6 7   2.0
1   4   -2 21 -3 3 21 21 -2   1 3 4 5 2 6 7   2.0
1   4   -2 21 -4 4 21 21 -2   1 3 4 5 2 6 7   2.0
1   4   -2 21 -5 5 21 21 -2   1 3 4 5 2 6 7   2.0
1   4   -2 21 21 -1 1 21 -2   1 3 4 5 2 6 7   2.0
1   4   -2 21 21 -2 1 21 -1   1 3 4 5 2 6 7   2.0
1   4   -2 21 21 -2 3 21 -3   1 3 4 5 2 6 7   2.0
1   4   -2 21 21 -2 4 21 -4   1 3 4 5 2 6 7   2.0
1   4   -2 21 21 -2 5 21 -5   1 3 4 5 2 6 7   2.0
1   4   -2 21 21 -3 3 21 -2   1 3 4 5 2 6 7   2.0
1   4   -2 21 21 -4 4 21 -2   1 3 4 5 2 6 7   2.0
1   4   -2 21 21 -5 5 21 -2   1 3 4 5 2 6 7   2.0
1   4   -3 -1 21 21 -1 21 -3   1 3 4 5 2 6 7   6.0
1   4   -3 -1 21 21 -3 21 -1   1 3 4 5 2 6 7   6.0
1   4   -3 -2 21 21 -2 21 -3   1 3 4 5 2 6 7   6.0
1   4   -3 -2 21 21 -3 21 -2   1 3 4 5 2 6 7   6.0
1   4   -3 -4 21 21 -3 21 -4   1 3 4 5 2 6 7   6.0
1   4   -3 -4 21 21 -4 21 -3   1 3 4 5 2 6 7   6.0
1   4   -3 -5 21 21 -3 21 -5   1 3 4 5 2 6 7   6.0
1   4   -3 -5 21 21 -5 21 -3   1 3 4 5 2 6 7   6.0
1   4   -3 1 21 21 21 1 -3   1 3 4 5 2 6 7   6.0
1   4   -3 2 21 21 21 2 -3   1 3 4 5 2 6 7   6.0
1   4   -3 3 21 21 21 1 -1   1 3 4 5 2 6 7   6.0
1   4   -3 3 21 21 21 2 -2   1 3 4 5 2 6 7   6.0
1   4   -3 3 21 21 21 4 -4   1 3 4 5 2 6 7   6.0
1   4   -3 3 21 21 21 5 -5   1 3 4 5 2 6 7   6.0
1   4   -3 4 21 21 21 4 -3   1 3 4 5 2 6 7   6.0
1   4   -3 5 21 21 21 5 -3   1 3 4 5 2 6 7   6.0
1   4   -3 21 -1 1 21 21 -3   1 3 4 5 2 6 7   2.0
1   4   -3 21 -2 2 21 21 -3   1 3 4 5 2 6 7   2.0
1   4   -3 21 -3 1 21 21 -1   1 3 4 5 2 6 7   2.0
1   4   -3 21 -3 2 21 21 -2   1 3 4 5 2 6 7   2.0
1   4   -3 21 -3 4 21 21 -4   1 3 4 5 2 6 7   2.0
1   4   -3 21 -3 5 21 21 -5   1 3 4 5 2 6 7   2.0
1   4   -3 21 -4 4 21 21 -3   1 3 4 5 2 6 7   2.0
1   4   -3 21 -5 5 21 21 -3   1 3 4 5 2 6 7   2.0
1   4   -3 21 21 -1 1 21 -3   1 3 4 5 2 6 7   2.0
1   4   -3 21 21 -2 2 21 -3   1 3 4 5 2 6 7   2.0
1   4   -3 21 21 -3 1 21 -1   1 3 4 5 2 6 7   2.0
1   4   -3 21 21 -3 2 21 -2   1 3 4 5 2 6 7   2.0
1   4   -3 21 21 -3 4 21 -4   1 3 4 5 2 6 7   2.0
1   4   -3 21 21 -3 5 21 -5   1 3 4 5 2 6 7   2.0
1   4   -3 21 21 -4 4 21 -3   1 3 4 5 2 6 7   2.0
1   4   -3 21 21 -5 5 21 -3   1 3 4 5 2 6 7   2.0
1   4   -4 -1 21 21 -1 21 -4   1 3 4 5 2 6 7   6.0
1   4   -4 -1 21 21 -4 21 -1   1 3 4 5 2 6 7   6.0
1   4   -4 -2 21 21 -2 21 -4   1 3 4 5 2 6 7   6.0
1   4   -4 -2 21 21 -4 21 -2   1 3 4 5 2 6 7   6.0
1   4   -4 -3 21 21 -3 21 -4   1 3 4 5 2 6 7   6.0
1   4   -4 -3 21 21 -4 21 -3   1 3 4 5 2 6 7   6.0
1   4   -4 -5 21 21 -4 21 -5   1 3 4 5 2 6 7   6.0
1   4   -4 -5 21 21 -5 21 -4   1 3 4 5 2 6 7   6.0
1   4   -4 1 21 21 21 1 -4   1 3 4 5 2 6 7   6.0
1   4   -4 2 21 21 21 2 -4   1 3 4 5 2 6 7   6.0
1   4   -4 3 21 21 21 3 -4   1 3 4 5 2 6 7   6.0
1   4   -4 4 21 21 21 1 -1   1 3 4 5 2 6 7   6.0
1   4   -4 4 21 21 21 2 -2   1 3 4 5 2 6 7   6.0
1   4   -4 4 21 21 21 3 -3   1 3 4 5 2 6 7   6.0
1   4   -4 4 21 21 21 5 -5   1 3 4 5 2 6 7   6.0
1   4   -4 5 21 21 21 5 -4   1 3 4 5 2 6 7   6.0
1   4   -4 21 -1 1 21 21 -4   1 3 4 5 2 6 7   2.0
1   4   -4 21 -2 2 21 21 -4   1 3 4 5 2 6 7   2.0
1   4   -4 21 -3 3 21 21 -4   1 3 4 5 2 6 7   2.0
1   4   -4 21 -4 1 21 21 -1   1 3 4 5 2 6 7   2.0
1   4   -4 21 -4 2 21 21 -2   1 3 4 5 2 6 7   2.0
1   4   -4 21 -4 3 21 21 -3   1 3 4 5 2 6 7   2.0
1   4   -4 21 -4 5 21 21 -5   1 3 4 5 2 6 7   2.0
1   4   -4 21 -5 5 21 21 -4   1 3 4 5 2 6 7   2.0
1   4   -4 21 21 -1 1 21 -4   1 3 4 5 2 6 7   2.0
1   4   -4 21 21 -2 2 21 -4   1 3 4 5 2 6 7   2.0
1   4   -4 21 21 -3 3 21 -4   1 3 4 5 2 6 7   2.0
1   4   -4 21 21 -4 1 21 -1   1 3 4 5 2 6 7   2.0
1   4   -4 21 21 -4 2 21 -2   1 3 4 5 2 6 7   2.0
1   4   -4 21 21 -4 3 21 -3   1 3 4 5 2 6 7   2.0
1   4   -4 21 21 -4 5 21 -5   1 3 4 5 2 6 7   2.0
1   4   -4 21 21 -5 5 21 -4   1 3 4 5 2 6 7   2.0
1   4   -5 -1 21 21 -1 21 -5   1 3 4 5 2 6 7   6.0
1   4   -5 -1 21 21 -5 21 -1   1 3 4 5 2 6 7   6.0
1   4   -5 -2 21 21 -2 21 -5   1 3 4 5 2 6 7   6.0
1   4   -5 -2 21 21 -5 21 -2   1 3 4 5 2 6 7   6.0
1   4   -5 -3 21 21 -3 21 -5   1 3 4 5 2 6 7   6.0
1   4   -5 -3 21 21 -5 21 -3   1 3 4 5 2 6 7   6.0
1   4   -5 -4 21 21 -4 21 -5   1 3 4 5 2 6 7   6.0
1   4   -5 -4 21 21 -5 21 -4   1 3 4 5 2 6 7   6.0
1   4   -5 1 21 21 21 1 -5   1 3 4 5 2 6 7   6.0
1   4   -5 2 21 21 21 2 -5   1 3 4 5 2 6 7   6.0
1   4   -5 3 21 21 21 3 -5   1 3 4 5 2 6 7   6.0
1   4   -5 4 21 21 21 4 -5   1 3 4 5 2 6 7   6.0
1   4   -5 5 21 21 21 1 -1   1 3 4 5 2 6 7   6.0
1   4   -5 5 21 21 21 2 -2   1 3 4 5 2 6 7   6.0
1   4   -5 5 21 21 21 3 -3   1 3 4 5 2 6 7   6.0
1   4   -5 5 21 21 21 4 -4   1 3 4 5 2 6 7   6.0
1   4   -5 21 -1 1 21 21 -5   1 3 4 5 2 6 7   2.0
1   4   -5 21 -2 2 21 21 -5   1 3 4 5 2 6 7   2.0
1   4   -5 21 -3 3 21 21 -5   1 3 4 5 2 6 7   2.0
1   4   -5 21 -4 4 21 21 -5   1 3 4 5 2 6 7   2.0
1   4   -5 21 -5 1 21 21 -1   1 3 4 5 2 6 7   2.0
1   4   -5 21 -5 2 21 21 -2   1 3 4 5 2 6 7   2.0
1   4   -5 21 -5 3 21 21 -3   1 3 4 5 2 6 7   2.0
1   4   -5 21 -5 4 21 21 -4   1 3 4 5 2 6 7   2.0
1   4   -5 21 21 -1 1 21 -5   1 3 4 5 2 6 7   2.0
1   4   -5 21 21 -2 2 21 -5   1 3 4 5 2 6 7   2.0
1   4   -5 21 21 -3 3 21 -5   1 3 4 5 2 6 7   2.0
1   4   -5 21 21 -4 4 21 -5   1 3 4 5 2 6 7   2.0
1   4   -5 21 21 -5 1 21 -1   1 3 4 5 2 6 7   2.0
1   4   -5 21 21 -5 2 21 -2   1 3 4 5 2 6 7   2.0
1   4   -5 21 21 -5 3 21 -3   1 3 4 5 2 6 7   2.0
1   4   -5 21 21 -5 4 21 -4   1 3 4 5 2 6 7   2.0
1   4   1 -1 2 21 -2 21 21   2 6 7 1 3 4 5   6.0
1   4   1 -1 3 21 -3 21 21   2 6 7 1 3 4 5   6.0
1   4   1 -1 4 21 -4 21 21   2 6 7 1 3 4 5   6.0
1   4   1 -1 5 21 -5 21 21   2 6 7 1 3 4 5   6.0
1   4   1 -2 1 21 -2 21 21   2 6 7 1 3 4 5   6.0
1   4   1 -3 1 21 -3 21 21   2 6 7 1 3 4 5   6.0
1   4   1 -4 1 21 -4 21 21   2 6 7 1 3 4 5   6.0
1   4   1 -5 1 21 -5 21 21   2 6 7 1 3 4 5   6.0
1   4   1 2 1 21 21 2 21   6 7 1 3 4 5 2   6.0
1   4   1 2 2 21 21 1 21   6 7 1 3 4 5 2   6.0
1   4   1 3 1 21 21 3 21   6 7 1 3 4 5 2   6.0
1   4   1 3 3 21 21 1 21   6 7 1 3 4 5 2   6.0
1   4   1 4 1 21 21 4 21   6 7 1 3 4 5 2   6.0
1   4   1 4 4 21 21 1 21   6 7 1 3 4 5 2   6.0
1   4   1 5 1 21 21 5 21   6 7 1 3 4 5 2   6.0
1   4   1 5 5 21 21 1 21   6 7 1 3 4 5 2   6.0
1   4   1 21 1 -2 2 21 21   5 2 6 7 1 3 4   2.0
1   4   1 21 1 -3 3 21 21   5 2 6 7 1 3 4   2.0
1   4   1 21 1 -4 4 21 21   5 2 6 7 1 3 4   2.0
1   4   1 21 1 -5 5 21 21   5 2 6 7 1 3 4   2.0
1   4   1 21 1 21 21 -2 2   7 1 3 4 5 2 6   2.0
1   4   1 21 1 21 21 -3 3   7 1 3 4 5 2 6   2.0
1   4   1 21 1 21 21 -4 4   7 1 3 4 5 2 6   2.0
1   4   1 21 1 21 21 -5 5   7 1 3 4 5 2 6   2.0
1   4   1 21 2 -2 1 21 21   5 2 6 7 1 3 4   2.0
1   4   1 21 2 21 21 -2 1   7 1 3 4 5 2 6   2.0
1   4   1 21 3 -3 1 21 21   5 2 6 7 1 3 4   2.0
1   4   1 21 3 21 21 -3 1   7 1 3 4 5 2 6   2.0
1   4   1 21 4 -4 1 21 21   5 2 6 7 1 3 4   2.0
1   4   1 21 4 21 21 -4 1   7 1 3 4 5 2 6   2.0
1   4   1 21 5 -5 1 21 21   5 2 6 7 1 3 4   2.0
1   4   1 21 5 21 21 -5 1   7 1 3 4 5 2 6   2.0
1   4   2 -1 2 21 -1 21 21   2 6 7 1 3 4 5   6.0
1   4   2 -2 1 21 -1 21 21   2 6 7 1 3 4 5   6.0
1   4   2 -2 3 21 -3 21 21   2 6 7 1 3 4 5   6.0
1   4   2 -2 4 21 -4 21 21   2 6 7 1 3 4 5   6.0
1   4   2 -2 5 21 -5 21 21   2 6 7 1 3 4 5   6.0
1   4   2 -3 2 21 -3 21 21   2 6 7 1 3 4 5   6.0
1   4   2 -4 2 21 -4 21 21   2 6 7 1 3 4 5   6.0
1   4   2 -5 2 21 -5 21 21   2 6 7 1 3 4 5   6.0
1   4   2 1 1 21 21 2 21   6 7 1 3 4 5 2   6.0
1   4   2 1 2 21 21 1 21   6 7 1 3 4 5 2   6.0
1   4   2 3 2 21 21 3 21   6 7 1 3 4 5 2   6.0
1   4   2 3 3 21 21 2 21   6 7 1 3 4 5 2   6.0
1   4   2 4 2 21 21 4 21   6 7 1 3 4 5 2   6.0
1   4   2 4 4 21 21 2 21   6 7 1 3 4 5 2   6.0
1   4   2 5 2 21 21 5 21   6 7 1 3 4 5 2   6.0
1   4   2 5 5 21 21 2 21   6 7 1 3 4 5 2   6.0
1   4   2 21 1 -1 2 21 21   5 2 6 7 1 3 4   2.0
1   4   2 21 1 21 21 -1 2   7 1 3 4 5 2 6   2.0
1   4   2 21 2 -1 1 21 21   5 2 6 7 1 3 4   2.0
1   4   2 21 2 -3 3 21 21   5 2 6 7 1 3 4   2.0
1   4   2 21 2 -4 4 21 21   5 2 6 7 1 3 4   2.0
1   4   2 21 2 -5 5 21 21   5 2 6 7 1 3 4   2.0
1   4   2 21 2 21 21 -1 1   7 1 3 4 5 2 6   2.0
1   4   2 21 2 21 21 -3 3   7 1 3 4 5 2 6   2.0
1   4   2 21 2 21 21 -4 4   7 1 3 4 5 2 6   2.0
1   4   2 21 2 21 21 -5 5   7 1 3 4 5 2 6   2.0
1   4   2 21 3 -3 2 21 21   5 2 6 7 1 3 4   2.0
1   4   2 21 3 21 21 -3 2   7 1 3 4 5 2 6   2.0
1   4   2 21 4 -4 2 21 21   5 2 6 7 1 3 4   2.0
1   4   2 21 4 21 21 -4 2   7 1 3 4 5 2 6   2.0
1   4   2 21 5 -5 2 21 21   5 2 6 7 1 3 4   2.0
1   4   2 21 5 21 21 -5 2   7 1 3 4 5 2 6   2.0
1   4   3 -1 3 21 -1 21 21   2 6 7 1 3 4 5   6.0
1   4   3 -2 3 21 -2 21 21   2 6 7 1 3 4 5   6.0
1   4   3 -3 1 21 -1 21 21   2 6 7 1 3 4 5   6.0
1   4   3 -3 2 21 -2 21 21   2 6 7 1 3 4 5   6.0
1   4   3 -3 4 21 -4 21 21   2 6 7 1 3 4 5   6.0
1   4   3 -3 5 21 -5 21 21   2 6 7 1 3 4 5   6.0
1   4   3 -4 3 21 -4 21 21   2 6 7 1 3 4 5   6.0
1   4   3 -5 3 21 -5 21 21   2 6 7 1 3 4 5   6.0
1   4   3 1 1 21 21 3 21   6 7 1 3 4 5 2   6.0
1   4   3 1 3 21 21 1 21   6 7 1 3 4 5 2   6.0
1   4   3 2 2 21 21 3 21   6 7 1 3 4 5 2   6.0
1   4   3 2 3 21 21 2 21   6 7 1 3 4 5 2   6.0
1   4   3 4 3 21 21 4 21   6 7 1 3 4 5 2   6.0
1   4   3 4 4 21 21 3 21   6 7 1 3 4 5 2   6.0
1   4   3 5 3 21 21 5 21   6 7 1 3 4 5 2   6.0
1   4   3 5 5 21 21 3 21   6 7 1 3 4 5 2   6.0
1   4   3 21 1 -1 3 21 21   5 2 6 7 1 3 4   2.0
1   4   3 21 1 21 21 -1 3   7 1 3 4 5 2 6   2.0
1   4   3 21 2 -2 3 21 21   5 2 6 7 1 3 4   2.0
1   4   3 21 2 21 21 -2 3   7 1 3 4 5 2 6   2.0
1   4   3 21 3 -1 1 21 21   5 2 6 7 1 3 4   2.0
1   4   3 21 3 -2 2 21 21   5 2 6 7 1 3 4   2.0
1   4   3 21 3 -4 4 21 21   5 2 6 7 1 3 4   2.0
1   4   3 21 3 -5 5 21 21   5 2 6 7 1 3 4   2.0
1   4   3 21 3 21 21 -1 1   7 1 3 4 5 2 6   2.0
1   4   3 21 3 21 21 -2 2   7 1 3 4 5 2 6   2.0
1   4   3 21 3 21 21 -4 4   7 1 3 4 5 2 6   2.0
1   4   3 21 3 21 21 -5 5   7 1 3 4 5 2 6   2.0
1   4   3 21 4 -4 3 21 21   5 2 6 7 1 3 4   2.0
1   4   3 21 4 21 21 -4 3   7 1 3 4 5 2 6   2.0
1   4   3 21 5 -5 3 21 21   5 2 6 7 1 3 4   2.0
1   4   3 21 5 21 21 -5 3   7 1 3 4 5 2 6   2.0
1   4   4 -1 4 21 -1 21 21   2 6 7 1 3 4 5   6.0
1   4   4 -2 4 21 -2 21 21   2 6 7 1 3 4 5   6.0
1   4   4 -3 4 21 -3 21 21   2 6 7 1 3 4 5   6.0
1   4   4 -4 1 21 -1 21 21   2 6 7 1 3 4 5   6.0
1   4   4 -4 2 21 -2 21 21   2 6 7 1 3 4 5   6.0
1   4   4 -4 3 21 -3 21 21   2 6 7 1 3 4 5   6.0
1   4   4 -4 5 21 -5 21 21   2 6 7 1 3 4 5   6.0
1   4   4 -5 4 21 -5 21 21   2 6 7 1 3 4 5   6.0
1   4   4 1 1 21 21 4 21   6 7 1 3 4 5 2   6.0
1   4   4 1 4 21 21 1 21   6 7 1 3 4 5 2   6.0
1   4   4 2 2 21 21 4 21   6 7 1 3 4 5 2   6.0
1   4   4 2 4 21 21 2 21   6 7 1 3 4 5 2   6.0
1   4   4 3 3 21 21 4 21   6 7 1 3 4 5 2   6.0
1   4   4 3 4 21 21 3 21   6 7 1 3 4 5 2   6.0
1   4   4 5 4 21 21 5 21   6 7 1 3 4 5 2   6.0
1   4   4 5 5 21 21 4 21   6 7 1 3 4 5 2   6.0
1   4   4 21 1 -1 4 21 21   5 2 6 7 1 3 4   2.0
1   4   4 21 1 21 21 -1 4   7 1 3 4 5 2 6   2.0
1   4   4 21 2 -2 4 21 21   5 2 6 7 1 3 4   2.0
1   4   4 21 2 21 21 -2 4   7 1 3 4 5 2 6   2.0
1   4   4 21 3 -3 4 21 21   5 2 6 7 1 3 4   2.0
1   4   4 21 3 21 21 -3 4   7 1 3 4 5 2 6   2.0
1   4   4 21 4 -1 1 21 21   5 2 6 7 1 3 4   2.0
1   4   4 21 4 -2 2 21 21   5 2 6 7 1 3 4   2.0
1   4   4 21 4 -3 3 21 21   5 2 6 7 1 3 4   2.0
1   4   4 21 4 -5 5 21 21   5 2 6 7 1 3 4   2.0
1   4   4 21 4 21 21 -1 1   7 1 3 4 5 2 6   2.0
1   4   4 21 4 21 21 -2 2   7 1 3 4 5 2 6   2.0
1   4   4 21 4 21 21 -3 3   7 1 3 4 5 2 6   2.0
1   4   4 21 4 21 21 -5 5   7 1 3 4 5 2 6   2.0
1   4   4 21 5 -5 4 21 21   5 2 6 7 1 3 4   2.0
1   4   4 21 5 21 21 -5 4   7 1 3 4 5 2 6   2.0
1   4   5 -1 5 21 -1 21 21   2 6 7 1 3 4 5   6.0
1   4   5 -2 5 21 -2 21 21   2 6 7 1 3 4 5   6.0
1   4   5 -3 5 21 -3 21 21   2 6 7 1 3 4 5   6.0
1   4   5 -4 5 21 -4 21 21   2 6 7 1 3 4 5   6.0
1   4   5 -5 1 21 -1 21 21   2 6 7 1 3 4 5   6.0
1   4   5 -5 2 21 -2 21 21   2 6 7 1 3 4 5   6.0
1   4   5 -5 3 21 -3 21 21   2 6 7 1 3 4 5   6.0
1   4   5 -5 4 21 -4 21 21   2 6 7 1 3 4 5   6.0
1   4   5 1 1 21 21 5 21   6 7 1 3 4 5 2   6.0
1   4   5 1 5 21 21 1 21   6 7 1 3 4 5 2   6.0
1   4   5 2 2 21 21 5 21   6 7 1 3 4 5 2   6.0
1   4   5 2 5 21 21 2 21   6 7 1 3 4 5 2   6.0
1   4   5 3 3 21 21 5 21   6 7 1 3 4 5 2   6.0
1   4   5 3 5 21 21 3 21   6 7 1 3 4 5 2   6.0
1   4   5 4 4 21 21 5 21   6 7 1 3 4 5 2   6.0
1   4   5 4 5 21 21 4 21   6 7 1 3 4 5 2   6.0
1   4   5 21 1 -1 5 21 21   5 2 6 7 1 3 4   2.0
1   4   5 21 1 21 21 -1 5   7 1 3 4 5 2 6   2.0
1   4   5 21 2 -2 5 21 21   5 2 6 7 1 3 4   2.0
1   4   5 21 2 21 21 -2 5   7 1 3 4 5 2 6   2.0
1   4   5 21 3 -3 5 21 21   5 2 6 7 1 3 4   2.0
1   4   5 21 3 21 21 -3 5   7 1 3 4 5 2 6   2.0
1   4   5 21 4 -4 5 21 21   5 2 6 7 1 3 4   2.0
1   4   5 21 4 21 21 -4 5   7 1 3 4 5 2 6   2.0
1   4   5 21 5 -1 1 21 21   5 2 6 7 1 3 4   2.0
1   4   5 21 5 -2 2 21 21   5 2 6 7 1 3 4   2.0
1   4   5 21 5 -3 3 21 21   5 2 6 7 1 3 4   2.0
1   4   5 21 5 -4 4 21 21   5 2 6 7 1 3 4   2.0
1   4   5 21 5 21 21 -1 1   7 1 3 4 5 2 6   2.0
1   4   5 21 5 21 21 -2 2   7 1 3 4 5 2 6   2.0
1   4   5 21 5 21 21 -3 3   7 1 3 4 5 2 6   2.0
1   4   5 21 5 21 21 -4 4   7 1 3 4 5 2 6   2.0
1   4   21 -1 -1 2 -2 21 21   2 6 7 1 3 4 5   2.0
1   4   21 -1 -1 3 -3 21 21   2 6 7 1 3 4 5   2.0
1   4   21 -1 -1 4 -4 21 21   2 6 7 1 3 4 5   2.0
1   4   21 -1 -1 5 -5 21 21   2 6 7 1 3 4 5   2.0
1   4   21 -1 -2 2 -1 21 21   2 6 7 1 3 4 5   2.0
1   4   21 -1 -3 3 -1 21 21   2 6 7 1 3 4 5   2.0
1   4   21 -1 -4 4 -1 21 21   2 6 7 1 3 4 5   2.0
1   4   21 -1 -5 5 -1 21 21   2 6 7 1 3 4 5   2.0
1   4   21 -1 21 21 -1 -2 2   7 1 3 4 5 2 6   2.0
1   4   21 -1 21 21 -1 -3 3   7 1 3 4 5 2 6   2.0
1   4   21 -1 21 21 -1 -4 4   7 1 3 4 5 2 6   2.0
1   4   21 -1 21 21 -1 -5 5   7 1 3 4 5 2 6   2.0
1   4   21 -1 21 21 -2 -1 2   7 1 3 4 5 2 6   2.0
1   4   21 -1 21 21 -3 -1 3   7 1 3 4 5 2 6   2.0
1   4   21 -1 21 21 -4 -1 4   7 1 3 4 5 2 6   2.0
1   4   21 -1 21 21 -5 -1 5   7 1 3 4 5 2 6   2.0
1   4   21 -2 -1 1 -2 21 21   2 6 7 1 3 4 5   2.0
1   4   21 -2 -2 1 -1 21 21   2 6 7 1 3 4 5   2.0
1   4   21 -2 -2 3 -3 21 21   2 6 7 1 3 4 5   2.0
1   4   21 -2 -2 4 -4 21 21   2 6 7 1 3 4 5   2.0
1   4   21 -2 -2 5 -5 21 21   2 6 7 1 3 4 5   2.0
1   4   21 -2 -3 3 -2 21 21   2 6 7 1 3 4 5   2.0
1   4   21 -2 -4 4 -2 21 21   2 6 7 1 3 4 5   2.0
1   4   21 -2 -5 5 -2 21 21   2 6 7 1 3 4 5   2.0
1   4   21 -2 21 21 -1 -2 1   7 1 3 4 5 2 6   2.0
1   4   21 -2 21 21 -2 -1 1   7 1 3 4 5 2 6   2.0
1   4   21 -2 21 21 -2 -3 3   7 1 3 4 5 2 6   2.0
1   4   21 -2 21 21 -2 -4 4   7 1 3 4 5 2 6   2.0
1   4   21 -2 21 21 -2 -5 5   7 1 3 4 5 2 6   2.0
1   4   21 -2 21 21 -3 -2 3   7 1 3 4 5 2 6   2.0
1   4   21 -2 21 21 -4 -2 4   7 1 3 4 5 2 6   2.0
1   4   21 -2 21 21 -5 -2 5   7 1 3 4 5 2 6   2.0
1   4   21 -3 -1 1 -3 21 21   2 6 7 1 3 4 5   2.0
1   4   21 -3 -2 2 -3 21 21   2 6 7 1 3 4 5   2.0
1   4   21 -3 -3 1 -1 21 21   2 6 7 1 3 4 5   2.0
1   4   21 -3 -3 2 -2 21 21   2 6 7 1 3 4 5   2.0
1   4   21 -3 -3 4 -4 21 21   2 6 7 1 3 4 5   2.0
1   4   21 -3 -3 5 -5 21 21   2 6 7 1 3 4 5   2.0
1   4   21 -3 -4 4 -3 21 21   2 6 7 1 3 4 5   2.0
1   4   21 -3 -5 5 -3 21 21   2 6 7 1 3 4 5   2.0
1   4   21 -3 21 21 -1 -3 1   7 1 3 4 5 2 6   2.0
1   4   21 -3 21 21 -2 -3 2   7 1 3 4 5 2 6   2.0
1   4   21 -3 21 21 -3 -1 1   7 1 3 4 5 2 6   2.0
1   4   21 -3 21 21 -3 -2 2   7 1 3 4 5 2 6   2.0
1   4   21 -3 21 21 -3 -4 4   7 1 3 4 5 2 6   2.0
1   4   21 -3 21 21 -3 -5 5   7 1 3 4 5 2 6   2.0
1   4   21 -3 21 21 -4 -3 4   7 1 3 4 5 2 6   2.0
1   4   21 -3 21 21 -5 -3 5   7 1 3 4 5 2 6   2.0
1   4   21 -4 -1 1 -4 21 21   2 6 7 1 3 4 5   2.0
1   4   21 -4 -2 2 -4 21 21   2 6 7 1 3 4 5   2.0
1   4   21 -4 -3 3 -4 21 21   2 6 7 1 3 4 5   2.0
1   4   21 -4 -4 1 -1 21 21   2 6 7 1 3 4 5   2.0
1   4   21 -4 -4 2 -2 21 21   2 6 7 1 3 4 5   2.0
1   4   21 -4 -4 3 -3 21 21   2 6 7 1 3 4 5   2.0
1   4   21 -4 -4 5 -5 21 21   2 6 7 1 3 4 5   2.0
1   4   21 -4 -5 5 -4 21 21   2 6 7 1 3 4 5   2.0
1   4   21 -4 21 21 -1 -4 1   7 1 3 4 5 2 6   2.0
1   4   21 -4 21 21 -2 -4 2   7 1 3 4 5 2 6   2.0
1   4   21 -4 21 21 -3 -4 3   7 1 3 4 5 2 6   2.0
1   4   21 -4 21 21 -4 -1 1   7 1 3 4 5 2 6   2.0
1   4   21 -4 21 21 -4 -2 2   7 1 3 4 5 2 6   2.0
1   4   21 -4 21 21 -4 -3 3   7 1 3 4 5 2 6   2.0
1   4   21 -4 21 21 -4 -5 5   7 1 3 4 5 2 6   2.0
1   4   21 -4 21 21 -5 -4 5   7 1 3 4 5 2 6   2.0
1   4   21 -5 -1 1 -5 21 21   2 6 7 1 3 4 5   2.0
1   4   21 -5 -2 2 -5 21 21   2 6 7 1 3 4 5   2.0
1   4   21 -5 -3 3 -5 21 21   2 6 7 1 3 4 5   2.0
1   4   21 -5 -4 4 -5 21 21   2 6 7 1 3 4 5   2.0
1   4   21 -5 -5 1 -1 21 21   2 6 7 1 3 4 5   2.0
1   4   21 -5 -5 2 -2 21 21   2 6 7 1 3 4 5   2.0
1   4   21 -5 -5 3 -3 21 21   2 6 7 1 3 4 5   2.0
1   4   21 -5 -5 4 -4 21 21   2 6 7 1 3 4 5   2.0
1   4   21 -5 21 21 -1 -5 1   7 1 3 4 5 2 6   2.0
1   4   21 -5 21 21 -2 -5 2   7 1 3 4 5 2 6   2.0
1   4   21 -5 21 21 -3 -5 3   7 1 3 4 5 2 6   2.0
1   4   21 -5 21 21 -4 -5 4   7 1 3 4 5 2 6   2.0
1   4   21 -5 21 21 -5 -1 1   7 1 3 4 5 2 6   2.0
1   4   21 -5 21 21 -5 -2 2   7 1 3 4 5 2 6   2.0
1   4   21 -5 21 21 -5 -3 3   7 1 3 4 5 2 6   2.0
1   4   21 -5 21 21 -5 -4 4   7 1 3 4 5 2 6   2.0
1   4   21 1 -2 1 21 2 21   6 7 1 3 4 5 2   2.0
1   4   21 1 -2 2 21 1 21   6 7 1 3 4 5 2   2.0
1   4   21 1 -3 1 21 3 21   6 7 1 3 4 5 2   2.0
1   4   21 1 -3 3 21 1 21   6 7 1 3 4 5 2   2.0
1   4   21 1 -4 1 21 4 21   6 7 1 3 4 5 2   2.0
1   4   21 1 -4 4 21 1 21   6 7 1 3 4 5 2   2.0
1   4   21 1 -5 1 21 5 21   6 7 1 3 4 5 2   2.0
1   4   21 1 -5 5 21 1 21   6 7 1 3 4 5 2   2.0
1   4   21 1 21 -2 1 2 21   6 7 1 3 4 5 2   2.0
1   4   21 1 21 -2 2 1 21   6 7 1 3 4 5 2   2.0
1   4   21 1 21 -3 1 3 21   6 7 1 3 4 5 2   2.0
1   4   21 1 21 -3 3 1 21   6 7 1 3 4 5 2   2.0
1   4   21 1 21 -4 1 4 21   6 7 1 3 4 5 2   2.0
1   4   21 1 21 -4 4 1 21   6 7 1 3 4 5 2   2.0
1   4   21 1 21 -5 1 5 21   6 7 1 3 4 5 2   2.0
1   4   21 1 21 -5 5 1 21   6 7 1 3 4 5 2   2.0
1   4   21 2 -1 1 21 2 21   6 7 1 3 4 5 2   2.0
1   4   21 2 -1 2 21 1 21   6 7 1 3 4 5 2   2.0
1   4   21 2 -3 2 21 3 21   6 7 1 3 4 5 2   2.0
1   4   21 2 -3 3 21 2 21   6 7 1 3 4 5 2   2.0
1   4   21 2 -4 2 21 4 21   6 7 1 3 4 5 2   2.0
1   4   21 2 -4 4 21 2 21   6 7 1 3 4 5 2   2.0
1   4   21 2 -5 2 21 5 21   6 7 1 3 4 5 2   2.0
1   4   21 2 -5 5 21 2 21   6 7 1 3 4 5 2   2.0
1   4   21 2 21 -1 1 2 21   6 7 1 3 4 5 2   2.0
1   4   21 2 21 -1 2 1 21   6 7 1 3 4 5 2   2.0
1   4   21 2 21 -3 2 3 21   6 7 1 3 4 5 2   2.0
1   4   21 2 21 -3 3 2 21   6 7 1 3 4 5 2   2.0
1   4   21 2 21 -4 2 4 21   6 7 1 3 4 5 2   2.0
1   4   21 2 21 -4 4 2 21   6 7 1 3 4 5 2   2.0
1   4   21 2 21 -5 2 5 21   6 7 1 3 4 5 2   2.0
1   4   21 2 21 -5 5 2 21   6 7 1 3 4 5 2   2.0
1   4   21 3 -1 1 21 3 21   6 7 1 3 4 5 2   2.0
1   4   21 3 -1 3 21 1 21   6 7 1 3 4 5 2   2.0
1   4   21 3 -2 2 21 3 21   6 7 1 3 4 5 2   2.0
1   4   21 3 -2 3 21 2 21   6 7 1 3 4 5 2   2.0
1   4   21 3 -4 3 21 4 21   6 7 1 3 4 5 2   2.0
1   4   21 3 -4 4 21 3 21   6 7 1 3 4 5 2   2.0
1   4   21 3 -5 3 21 5 21   6 7 1 3 4 5 2   2.0
1   4   21 3 -5 5 21 3 21   6 7 1 3 4 5 2   2.0
1   4   21 3 21 -1 1 3 21   6 7 1 3 4 5 2   2.0
1   4   21 3 21 -1 3 1 21   6 7 1 3 4 5 2   2.0
1   4   21 3 21 -2 2 3 21   6 7 1 3 4 5 2   2.0
1   4   21 3 21 -2 3 2 21   6 7 1 3 4 5 2   2.0
1   4   21 3 21 -4 3 4 21   6 7 1 3 4 5 2   2.0
1   4   21 3 21 -4 4 3 21   6 7 1 3 4 5 2   2.0
1   4   21 3 21 -5 3 5 21   6 7 1 3 4 5 2   2.0
1   4   21 3 21 -5 5 3 21   6 7 1 3 4 5 2   2.0
1   4   21 4 -1 1 21 4 21   6 7 1 3 4 5 2   2.0
1   4   21 4 -1 4 21 1 21   6 7 1 3 4 5 2   2.0
1   4   21 4 -2 2 21 4 21   6 7 1 3 4 5 2   2.0
1   4   21 4 -2 4 21 2 21   6 7 1 3 4 5 2   2.0
1   4   21 4 -3 3 21 4 21   6 7 1 3 4 5 2   2.0
1   4   21 4 -3 4 21 3 21   6 7 1 3 4 5 2   2.0
1   4   21 4 -5 4 21 5 21   6 7 1 3 4 5 2   2.0
1   4   21 4 -5 5 21 4 21   6 7 1 3 4 5 2   2.0
1   4   21 4 21 -1 1 4 21   6 7 1 3 4 5 2   2.0
1   4   21 4 21 -1 4 1 21   6 7 1 3 4 5 2   2.0
1   4   21 4 21 -2 2 4 21   6 7 1 3 4 5 2   2.0
1   4   21 4 21 -2 4 2 21   6 7 1 3 4 5 2   2.0
1   4   21 4 21 -3 3 4 21   6 7 1 3 4 5 2   2.0
1   4   21 4 21 -3 4 3 21   6 7 1 3 4 5 2   2.0
1   4   21 4 21 -5 4 5 21   6 7 1 3 4 5 2   2.0
1   4   21 4 21 -5 5 4 21   6 7 1 3 4 5 2   2.0
1   4   21 5 -1 1 21 5 21   6 7 1 3 4 5 2   2.0
1   4   21 5 -1 5 21 1 21   6 7 1 3 4 5 2   2.0
1   4   21 5 -2 2 21 5 21   6 7 1 3 4 5 2   2.0
1   4   21 5 -2 5 21 2 21   6 7 1 3 4 5 2   2.0
1   4   21 5 -3 3 21 5 21   6 7 1 3 4 5 2   2.0
1   4   21 5 -3 5 21 3 21   6 7 1 3 4 5 2   2.0
1   4   21 5 -4 4 21 5 21   6 7 1 3 4 5 2   2.0
1   4   21 5 -4 5 21 4 21   6 7 1 3 4 5 2   2.0
1   4   21 5 21 -1 1 5 21   6 7 1 3 4 5 2   2.0
1   4   21 5 21 -1 5 1 21   6 7 1 3 4 5 2   2.0
1   4   21 5 21 -2 2 5 21   6 7 1 3 4 5 2   2.0
1   4   21 5 21 -2 5 2 21   6 7 1 3 4 5 2   2.0
1   4   21 5 21 -3 3 5 21   6 7 1 3 4 5 2   2.0
1   4   21 5 21 -3 5 3 21   6 7 1 3 4 5 2   2.0
1   4   21 5 21 -4 4 5 21   6 7 1 3 4 5 2   2.0
1   4   21 5 21 -4 5 4 21   6 7 1 3 4 5 2   2.0
1   4   21 21 -1 1 21 -2 2   7 1 3 4 5 2 6   1.0
1   4   21 21 -1 1 21 -3 3   7 1 3 4 5 2 6   1.0
1   4   21 21 -1 1 21 -4 4   7 1 3 4 5 2 6   1.0
1   4   21 21 -1 1 21 -5 5   7 1 3 4 5 2 6   1.0
1   4   21 21 -1 2 21 -2 1   7 1 3 4 5 2 6   1.0
1   4   21 21 -1 3 21 -3 1   7 1 3 4 5 2 6   1.0
1   4   21 21 -1 4 21 -4 1   7 1 3 4 5 2 6   1.0
1   4   21 21 -1 5 21 -5 1   7 1 3 4 5 2 6   1.0
1   4   21 21 -2 1 21 -1 2   7 1 3 4 5 2 6   1.0
1   4   21 21 -2 2 21 -1 1   7 1 3 4 5 2 6   1.0
1   4   21 21 -2 2 21 -3 3   7 1 3 4 5 2 6   1.0
1   4   21 21 -2 2 21 -4 4   7 1 3 4 5 2 6   1.0
1   4   21 21 -2 2 21 -5 5   7 1 3 4 5 2 6   1.0
1   4   21 21 -2 3 21 -3 2   7 1 3 4 5 2 6   1.0
1   4   21 21 -2 4 21 -4 2   7 1 3 4 5 2 6   1.0
1   4   21 21 -2 5 21 -5 2   7 1 3 4 5 2 6   1.0
1   4   21 21 -3 1 21 -1 3   7 1 3 4 5 2 6   1.0
1   4   21 21 -3 2 21 -2 3   7 1 3 4 5 2 6   1.0
1   4   21 21 -3 3 21 -1 1   7 1 3 4 5 2 6   1.0
1   4   21 21 -3 3 21 -2 2   7 1 3 4 5 2 6   1.0
1   4   21 21 -3 3 21 -4 4   7 1 3 4 5 2 6   1.0
1   4   21 21 -3 3 21 -5 5   7 1 3 4 5 2 6   1.0
1   4   21 21 -3 4 21 -4 3   7 1 3 4 5 2 6   1.0
1   4   21 21 -3 5 21 -5 3   7 1 3 4 5 2 6   1.0
1   4   21 21 -4 1 21 -1 4   7 1 3 4 5 2 6   1.0
1   4   21 21 -4 2 21 -2 4   7 1 3 4 5 2 6   1.0
1   4   21 21 -4 3 21 -3 4   7 1 3 4 5 2 6   1.0
1   4   21 21 -4 4 21 -1 1   7 1 3 4 5 2 6   1.0
1   4   21 21 -4 4 21 -2 2   7 1 3 4 5 2 6   1.0
1   4   21 21 -4 4 21 -3 3   7 1 3 4 5 2 6   1.0
1   4   21 21 -4 4 21 -5 5   7 1 3 4 5 2 6   1.0
1   4   21 21 -4 5 21 -5 4   7 1 3 4 5 2 6   1.0
1   4   21 21 -5 1 21 -1 5   7 1 3 4 5 2 6   1.0
1   4   21 21 -5 2 21 -2 5   7 1 3 4 5 2 6   1.0
1   4   21 21 -5 3 21 -3 5   7 1 3 4 5 2 6   1.0
1   4   21 21 -5 4 21 -4 5   7 1 3 4 5 2 6   1.0
1   4   21 21 -5 5 21 -1 1   7 1 3 4 5 2 6   1.0
1   4   21 21 -5 5 21 -2 2   7 1 3 4 5 2 6   1.0
1   4   21 21 -5 5 21 -3 3   7 1 3 4 5 2 6   1.0
1   4   21 21 -5 5 21 -4 4   7 1 3 4 5 2 6   1.0
1   4   21 21 21 -1 1 -2 2   7 1 3 4 5 2 6   1.0
1   4   21 21 21 -1 1 -3 3   7 1 3 4 5 2 6   1.0
1   4   21 21 21 -1 1 -4 4   7 1 3 4 5 2 6   1.0
1   4   21 21 21 -1 1 -5 5   7 1 3 4 5 2 6   1.0
1   4   21 21 21 -1 2 -2 1   7 1 3 4 5 2 6   1.0
1   4   21 21 21 -1 3 -3 1   7 1 3 4 5 2 6   1.0
1   4   21 21 21 -1 4 -4 1   7 1 3 4 5 2 6   1.0
1   4   21 21 21 -1 5 -5 1   7 1 3 4 5 2 6   1.0
1   4   21 21 21 -2 1 -1 2   7 1 3 4 5 2 6   1.0
1   4   21 21 21 -2 2 -1 1   7 1 3 4 5 2 6   1.0
1   4   21 21 21 -2 2 -3 3   7 1 3 4 5 2 6   1.0
1   4   21 21 21 -2 2 -4 4   7 1 3 4 5 2 6   1.0
1   4   21 21 21 -2 2 -5 5   7 1 3 4 5 2 6   1.0
1   4   21 21 21 -2 3 -3 2   7 1 3 4 5 2 6   1.0
1   4   21 21 21 -2 4 -4 2   7 1 3 4 5 2 6   1.0
1   4   21 21 21 -2 5 -5 2   7 1 3 4 5 2 6   1.0
1   4   21 21 21 -3 1 -1 3   7 1 3 4 5 2 6   1.0
1   4   21 21 21 -3 2 -2 3   7 1 3 4 5 2 6   1.0
1   4   21 21 21 -3 3 -1 1   7 1 3 4 5 2 6   1.0
1   4   21 21 21 -3 3 -2 2   7 1 3 4 5 2 6   1.0
1   4   21 21 21 -3 3 -4 4   7 1 3 4 5 2 6   1.0
1   4   21 21 21 -3 3 -5 5   7 1 3 4 5 2 6   1.0
1   4   21 21 21 -3 4 -4 3   7 1 3 4 5 2 6   1.0
1   4   21 21 21 -3 5 -5 3   7 1 3 4 5 2 6   1.0
1   4   21 21 21 -4 1 -1 4   7 1 3 4 5 2 6   1.0
1   4   21 21 21 -4 2 -2 4   7 1 3 4 5 2 6   1.0
1   4   21 21 21 -4 3 -3 4   7 1 3 4 5 2 6   1.0
1   4   21 21 21 -4 4 -1 1   7 1 3 4 5 2 6   1.0
1   4   21 21 21 -4 4 -2 2   7 1 3 4 5 2 6   1.0
1   4   21 21 21 -4 4 -3 3   7 1 3 4 5 2 6   1.0
1   4   21 21 21 -4 4 -5 5   7 1 3 4 5 2 6   1.0
1   4   21 21 21 -4 5 -5 4   7 1 3 4 5 2 6   1.0
1   4   21 21 21 -5 1 -1 5   7 1 3 4 5 2 6   1.0
1   4   21 21 21 -5 2 -2 5   7 1 3 4 5 2 6   1.0
1   4   21 21 21 -5 3 -3 5   7 1 3 4 5 2 6   1.0
1   4   21 21 21 -5 4 -4 5   7 1 3 4 5 2 6   1.0
1   4   21 21 21 -5 5 -1 1   7 1 3 4 5 2 6   1.0
1   4   21 21 21 -5 5 -2 2   7 1 3 4 5 2 6   1.0
1   4   21 21 21 -5 5 -3 3   7 1 3 4 5 2 6   1.0
1   4   21 21 21 -5 5 -4 4   7 1 3 4 5 2 6   1.0
1   4   -1 -1 21 21 -1 21 -1   1 3 4 5 2 6 7   12.0
1   4   -1 1 21 21 21 1 -1   1 3 4 5 2 6 7   6.0
1   4   -1 21 -1 1 21 21 -1   1 3 4 5 2 6 7   4.0
1   4   -1 21 21 -1 1 21 -1   1 3 4 5 2 6 7   4.0
1   4   -2 -2 21 21 -2 21 -2   1 3 4 5 2 6 7   12.0
1   4   -2 2 21 21 21 2 -2   1 3 4 5 2 6 7   6.0
1   4   -2 21 -2 2 21 21 -2   1 3 4 5 2 6 7   4.0
1   4   -2 21 21 -2 2 21 -2   1 3 4 5 2 6 7   4.0
1   4   -3 -3 21 21 -3 21 -3   1 3 4 5 2 6 7   12.0
1   4   -3 3 21 21 21 3 -3   1 3 4 5 2 6 7   6.0
1   4   -3 21 -3 3 21 21 -3   1 3 4 5 2 6 7   4.0
1   4   -3 21 21 -3 3 21 -3   1 3 4 5 2 6 7   4.0
1   4   -4 -4 21 21 -4 21 -4   1 3 4 5 2 6 7   12.0
1   4   -4 4 21 21 21 4 -4   1 3 4 5 2 6 7   6.0
1   4   -4 21 -4 4 21 21 -4   1 3 4 5 2 6 7   4.0
1   4   -4 21 21 -4 4 21 -4   1 3 4 5 2 6 7   4.0
1   4   -5 -5 21 21 -5 21 -5   1 3 4 5 2 6 7   12.0
1   4   -5 5 21 21 21 5 -5   1 3 4 5 2 6 7   6.0
1   4   -5 21 -5 5 21 21 -5   1 3 4 5 2 6 7   4.0
1   4   -5 21 21 -5 5 21 -5   1 3 4 5 2 6 7   4.0
1   4   1 -1 1 21 -1 21 21   2 6 7 1 3 4 5   6.0
1   4   1 1 1 21 21 1 21   6 7 1 3 4 5 2   12.0
1   4   1 21 1 -1 1 21 21   5 2 6 7 1 3 4   4.0
1   4   1 21 1 21 21 -1 1   7 1 3 4 5 2 6   4.0
1   4   2 -2 2 21 -2 21 21   2 6 7 1 3 4 5   6.0
1   4   2 2 2 21 21 2 21   6 7 1 3 4 5 2   12.0
1   4   2 21 2 -2 2 21 21   5 2 6 7 1 3 4   4.0
1   4   2 21 2 21 21 -2 2   7 1 3 4 5 2 6   4.0
1   4   3 -3 3 21 -3 21 21   2 6 7 1 3 4 5   6.0
1   4   3 3 3 21 21 3 21   6 7 1 3 4 5 2   12.0
1   4   3 21 3 -3 3 21 21   5 2 6 7 1 3 4   4.0
1   4   3 21 3 21 21 -3 3   7 1 3 4 5 2 6   4.0
1   4   4 -4 4 21 -4 21 21   2 6 7 1 3 4 5   6.0
1   4   4 4 4 21 21 4 21   6 7 1 3 4 5 2   12.0
1   4   4 21 4 -4 4 21 21   5 2 6 7 1 3 4   4.0
1   4   4 21 4 21 21 -4 4   7 1 3 4 5 2 6   4.0
1   4   5 -5 5 21 -5 21 21   2 6 7 1 3 4 5   6.0
1   4   5 5 5 21 21 5 21   6 7 1 3 4 5 2   12.0
1   4   5 21 5 -5 5 21 21   5 2 6 7 1 3 4   4.0
1   4   5 21 5 21 21 -5 5   7 1 3 4 5 2 6   4.0
1   4   21 -1 -1 1 -1 21 21   2 6 7 1 3 4 5   4.0
1   4   21 -1 21 21 -1 -1 1   7 1 3 4 5 2 6   4.0
1   4   21 -2 -2 2 -2 21 21   2 6 7 1 3 4 5   4.0
1   4   21 -2 21 21 -2 -2 2   7 1 3 4 5 2 6   4.0
1   4   21 -3 -3 3 -3 21 21   2 6 7 1 3 4 5   4.0
1   4   21 -3 21 21 -3 -3 3   7 1 3 4 5 2 6   4.0
1   4   21 -4 -4 4 -4 21 21   2 6 7 1 3 4 5   4.0
1   4   21 -4 21 21 -4 -4 4   7 1 3 4 5 2 6   4.0
1   4   21 -5 -5 5 -5 21 21   2 6 7 1 3 4 5   4.0
1   4   21 -5 21 21 -5 -5 5   7 1 3 4 5 2 6   4.0
1   4   21 1 -1 1 21 1 21   6 7 1 3 4 5 2   4.0
1   4   21 1 21 -1 1 1 21   6 7 1 3 4 5 2   4.0
1   4   21 2 -2 2 21 2 21   6 7 1 3 4 5 2   4.0
1   4   21 2 21 -2 2 2 21   6 7 1 3 4 5 2   4.0
1   4   21 3 -3 3 21 3 21   6 7 1 3 4 5 2   4.0
1   4   21 3 21 -3 3 3 21   6 7 1 3 4 5 2   4.0
1   4   21 4 -4 4 21 4 21   6 7 1 3 4 5 2   4.0
1   4   21 4 21 -4 4 4 21   6 7 1 3 4 5 2   4.0
1   4   21 5 -5 5 21 5 21   6 7 1 3 4 5 2   4.0
1   4   21 5 21 -5 5 5 21   6 7 1 3 4 5 2   4.0
1   4   21 21 -1 1 21 -1 1   7 1 3 4 5 2 6   4.0
1   4   21 21 -2 2 21 -2 2   7 1 3 4 5 2 6   4.0
1   4   21 21 -3 3 21 -3 3   7 1 3 4 5 2 6   4.0
1   4   21 21 -4 4 21 -4 4   7 1 3 4 5 2 6   4.0
1   4   21 21 -5 5 21 -5 5   7 1 3 4 5 2 6   4.0
1   4   21 21 21 -1 1 -1 1   7 1 3 4 5 2 6   4.0
1   4   21 21 21 -2 2 -2 2   7 1 3 4 5 2 6   4.0
1   4   21 21 21 -3 3 -3 3   7 1 3 4 5 2 6   4.0
1   4   21 21 21 -4 4 -4 4   7 1 3 4 5 2 6   4.0
1   4   21 21 21 -5 5 -5 5   7 1 3 4 5 2 6   4.0



5   666   1   1 3 4 5 6 2 7
1   5   21 21 21 21 21 21 21   1 3 4 5 6 2 7   120.0
1   5   -1 21 21 21 21 21 -1   1 3 4 5 6 2 7   24.0
1   5   -2 21 21 21 21 21 -2   1 3 4 5 6 2 7   24.0
1   5   -3 21 21 21 21 21 -3   1 3 4 5 6 2 7   24.0
1   5   -4 21 21 21 21 21 -4   1 3 4 5 6 2 7   24.0
1   5   -5 21 21 21 21 21 -5   1 3 4 5 6 2 7   24.0
1   5   1 21 1 21 21 21 21   3 4 5 6 2 7 1   24.0
1   5   2 21 2 21 21 21 21   3 4 5 6 2 7 1   24.0
1   5   3 21 3 21 21 21 21   3 4 5 6 2 7 1   24.0
1   5   4 21 4 21 21 21 21   3 4 5 6 2 7 1   24.0
1   5   5 21 5 21 21 21 21   3 4 5 6 2 7 1   24.0
1   5   21 -1 21 21 21 -1 21   2 7 1 3 4 5 6   24.0
1   5   21 -2 21 21 21 -2 21   2 7 1 3 4 5 6   24.0
1   5   21 -3 21 21 21 -3 21   2 7 1 3 4 5 6   24.0
1   5   21 -4 21 21 21 -4 21   2 7 1 3 4 5 6   24.0
1   5   21 -5 21 21 21 -5 21   2 7 1 3 4 5 6   24.0
1   5   21 1 21 21 21 21 1   7 1 3 4 5 6 2   24.0
1   5   21 2 21 21 21 21 2   7 1 3 4 5 6 2   24.0
1   5   21 3 21 21 21 21 3   7 1 3 4 5 6 2   24.0
1   5   21 4 21 21 21 21 4   7 1 3 4 5 6 2   24.0
1   5   21 5 21 21 21 21 5   7 1 3 4 5 6 2   24.0
1   5   21 21 -1 1 21 21 21   4 5 6 2 7 1 3   6.0
1   5   21 21 -2 2 21 21 21   4 5 6 2 7 1 3   6.0
1   5   21 21 -3 3 21 21 21   4 5 6 2 7 1 3   6.0
1   5   21 21 -4 4 21 21 21   4 5 6 2 7 1 3   6.0
1   5   21 21 -5 5 21 21 21   4 5 6 2 7 1 3   6.0
1   5   21 21 21 -1 1 21 21   5 6 2 7 1 3 4   6.0
1   5   21 21 21 -2 2 21 21   5 6 2 7 1 3 4   6.0
1   5   21 21 21 -3 3 21 21   5 6 2 7 1 3 4   6.0
1   5   21 21 21 -4 4 21 21   5 6 2 7 1 3 4   6.0
1   5   21 21 21 -5 5 21 21   5 6 2 7 1 3 4   6.0
1   5   21 21 21 21 -1 1 21   6 2 7 1 3 4 5   6.0
1   5   21 21 21 21 -2 2 21   6 2 7 1 3 4 5   6.0
1   5   21 21 21 21 -3 3 21   6 2 7 1 3 4 5   6.0
1   5   21 21 21 21 -4 4 21   6 2 7 1 3 4 5   6.0
1   5   21 21 21 21 -5 5 21   6 2 7 1 3 4 5   6.0
1   5   -1 -2 21 21 21 -1 -2   1 3 4 5 6 2 7   6.0
1   5   -1 -2 21 21 21 -2 -1   1 3 4 5 6 2 7   6.0
1   5   -1 -3 21 21 21 -1 -3   1 3 4 5 6 2 7   6.0
1   5   -1 -3 21 21 21 -3 -1   1 3 4 5 6 2 7   6.0
1   5   -1 -4 21 21 21 -1 -4   1 3 4 5 6 2 7   6.0
1   5   -1 -4 21 21 21 -4 -1   1 3 4 5 6 2 7   6.0
1   5   -1 -5 21 21 21 -1 -5   1 3 4 5 6 2 7   6.0
1   5   -1 -5 21 21 21 -5 -1   1 3 4 5 6 2 7   6.0
1   5   -1 21 -1 2 21 21 -2   1 3 4 5 6 2 7   2.0
1   5   -1 21 -1 3 21 21 -3   1 3 4 5 6 2 7   2.0
1   5   -1 21 -1 4 21 21 -4   1 3 4 5 6 2 7   2.0
1   5   -1 21 -1 5 21 21 -5   1 3 4 5 6 2 7   2.0
1   5   -1 21 -2 2 21 21 -1   1 3 4 5 6 2 7   2.0
1   5   -1 21 -3 3 21 21 -1   1 3 4 5 6 2 7   2.0
1   5   -1 21 -4 4 21 21 -1   1 3 4 5 6 2 7   2.0
1   5   -1 21 -5 5 21 21 -1   1 3 4 5 6 2 7   2.0
1   5   -1 21 21 -1 2 21 -2   1 3 4 5 6 2 7   2.0
1   5   -1 21 21 -1 3 21 -3   1 3 4 5 6 2 7   2.0
1   5   -1 21 21 -1 4 21 -4   1 3 4 5 6 2 7   2.0
1   5   -1 21 21 -1 5 21 -5   1 3 4 5 6 2 7   2.0
1   5   -1 21 21 -2 2 21 -1   1 3 4 5 6 2 7   2.0
1   5   -1 21 21 -3 3 21 -1   1 3 4 5 6 2 7   2.0
1   5   -1 21 21 -4 4 21 -1   1 3 4 5 6 2 7   2.0
1   5   -1 21 21 -5 5 21 -1   1 3 4 5 6 2 7   2.0
1   5   -1 21 21 21 -1 2 -2   1 3 4 5 6 2 7   2.0
1   5   -1 21 21 21 -1 3 -3   1 3 4 5 6 2 7   2.0
1   5   -1 21 21 21 -1 4 -4   1 3 4 5 6 2 7   2.0
1   5   -1 21 21 21 -1 5 -5   1 3 4 5 6 2 7   2.0
1   5   -1 21 21 21 -2 2 -1   1 3 4 5 6 2 7   2.0
1   5   -1 21 21 21 -3 3 -1   1 3 4 5 6 2 7   2.0
1   5   -1 21 21 21 -4 4 -1   1 3 4 5 6 2 7   2.0
1   5   -1 21 21 21 -5 5 -1   1 3 4 5 6 2 7   2.0
1   5   -2 -1 21 21 21 -1 -2   1 3 4 5 6 2 7   6.0
1   5   -2 -1 21 21 21 -2 -1   1 3 4 5 6 2 7   6.0
1   5   -2 -3 21 21 21 -2 -3   1 3 4 5 6 2 7   6.0
1   5   -2 -3 21 21 21 -3 -2   1 3 4 5 6 2 7   6.0
1   5   -2 -4 21 21 21 -2 -4   1 3 4 5 6 2 7   6.0
1   5   -2 -4 21 21 21 -4 -2   1 3 4 5 6 2 7   6.0
1   5   -2 -5 21 21 21 -2 -5   1 3 4 5 6 2 7   6.0
1   5   -2 -5 21 21 21 -5 -2   1 3 4 5 6 2 7   6.0
1   5   -2 21 -1 1 21 21 -2   1 3 4 5 6 2 7   2.0
1   5   -2 21 -2 1 21 21 -1   1 3 4 5 6 2 7   2.0
1   5   -2 21 -2 3 21 21 -3   1 3 4 5 6 2 7   2.0
1   5   -2 21 -2 4 21 21 -4   1 3 4 5 6 2 7   2.0
1   5   -2 21 -2 5 21 21 -5   1 3 4 5 6 2 7   2.0
1   5   -2 21 -3 3 21 21 -2   1 3 4 5 6 2 7   2.0
1   5   -2 21 -4 4 21 21 -2   1 3 4 5 6 2 7   2.0
1   5   -2 21 -5 5 21 21 -2   1 3 4 5 6 2 7   2.0
1   5   -2 21 21 -1 1 21 -2   1 3 4 5 6 2 7   2.0
1   5   -2 21 21 -2 1 21 -1   1 3 4 5 6 2 7   2.0
1   5   -2 21 21 -2 3 21 -3   1 3 4 5 6 2 7   2.0
1   5   -2 21 21 -2 4 21 -4   1 3 4 5 6 2 7   2.0
1   5   -2 21 21 -2 5 21 -5   1 3 4 5 6 2 7   2.0
1   5   -2 21 21 -3 3 21 -2   1 3 4 5 6 2 7   2.0
1   5   -2 21 21 -4 4 21 -2   1 3 4 5 6 2 7   2.0
1   5   -2 21 21 -5 5 21 -2   1 3 4 5 6 2 7   2.0
1   5   -2 21 21 21 -1 1 -2   1 3 4 5 6 2 7   2.0
1   5   -2 21 21 21 -2 1 -1   1 3 4 5 6 2 7   2.0
1   5   -2 21 21 21 -2 3 -3   1 3 4 5 6 2 7   2.0
1   5   -2 21 21 21 -2 4 -4   1 3 4 5 6 2 7   2.0
1   5   -2 21 21 21 -2 5 -5   1 3 4 5 6 2 7   2.0
1   5   -2 21 21 21 -3 3 -2   1 3 4 5 6 2 7   2.0
1   5   -2 21 21 21 -4 4 -2   1 3 4 5 6 2 7   2.0
1   5   -2 21 21 21 -5 5 -2   1 3 4 5 6 2 7   2.0
1   5   -3 -1 21 21 21 -1 -3   1 3 4 5 6 2 7   6.0
1   5   -3 -1 21 21 21 -3 -1   1 3 4 5 6 2 7   6.0
1   5   -3 -2 21 21 21 -2 -3   1 3 4 5 6 2 7   6.0
1   5   -3 -2 21 21 21 -3 -2   1 3 4 5 6 2 7   6.0
1   5   -3 -4 21 21 21 -3 -4   1 3 4 5 6 2 7   6.0
1   5   -3 -4 21 21 21 -4 -3   1 3 4 5 6 2 7   6.0
1   5   -3 -5 21 21 21 -3 -5   1 3 4 5 6 2 7   6.0
1   5   -3 -5 21 21 21 -5 -3   1 3 4 5 6 2 7   6.0
1   5   -3 21 -1 1 21 21 -3   1 3 4 5 6 2 7   2.0
1   5   -3 21 -2 2 21 21 -3   1 3 4 5 6 2 7   2.0
1   5   -3 21 -3 1 21 21 -1   1 3 4 5 6 2 7   2.0
1   5   -3 21 -3 2 21 21 -2   1 3 4 5 6 2 7   2.0
1   5   -3 21 -3 4 21 21 -4   1 3 4 5 6 2 7   2.0
1   5   -3 21 -3 5 21 21 -5   1 3 4 5 6 2 7   2.0
1   5   -3 21 -4 4 21 21 -3   1 3 4 5 6 2 7   2.0
1   5   -3 21 -5 5 21 21 -3   1 3 4 5 6 2 7   2.0
1   5   -3 21 21 -1 1 21 -3   1 3 4 5 6 2 7   2.0
1   5   -3 21 21 -2 2 21 -3   1 3 4 5 6 2 7   2.0
1   5   -3 21 21 -3 1 21 -1   1 3 4 5 6 2 7   2.0
1   5   -3 21 21 -3 2 21 -2   1 3 4 5 6 2 7   2.0
1   5   -3 21 21 -3 4 21 -4   1 3 4 5 6 2 7   2.0
1   5   -3 21 21 -3 5 21 -5   1 3 4 5 6 2 7   2.0
1   5   -3 21 21 -4 4 21 -3   1 3 4 5 6 2 7   2.0
1   5   -3 21 21 -5 5 21 -3   1 3 4 5 6 2 7   2.0
1   5   -3 21 21 21 -1 1 -3   1 3 4 5 6 2 7   2.0
1   5   -3 21 21 21 -2 2 -3   1 3 4 5 6 2 7   2.0
1   5   -3 21 21 21 -3 1 -1   1 3 4 5 6 2 7   2.0
1   5   -3 21 21 21 -3 2 -2   1 3 4 5 6 2 7   2.0
1   5   -3 21 21 21 -3 4 -4   1 3 4 5 6 2 7   2.0
1   5   -3 21 21 21 -3 5 -5   1 3 4 5 6 2 7   2.0
1   5   -3 21 21 21 -4 4 -3   1 3 4 5 6 2 7   2.0
1   5   -3 21 21 21 -5 5 -3   1 3 4 5 6 2 7   2.0
1   5   -4 -1 21 21 21 -1 -4   1 3 4 5 6 2 7   6.0
1   5   -4 -1 21 21 21 -4 -1   1 3 4 5 6 2 7   6.0
1   5   -4 -2 21 21 21 -2 -4   1 3 4 5 6 2 7   6.0
1   5   -4 -2 21 21 21 -4 -2   1 3 4 5 6 2 7   6.0
1   5   -4 -3 21 21 21 -3 -4   1 3 4 5 6 2 7   6.0
1   5   -4 -3 21 21 21 -4 -3   1 3 4 5 6 2 7   6.0
1   5   -4 -5 21 21 21 -4 -5   1 3 4 5 6 2 7   6.0
1   5   -4 -5 21 21 21 -5 -4   1 3 4 5 6 2 7   6.0
1   5   -4 21 -1 1 21 21 -4   1 3 4 5 6 2 7   2.0
1   5   -4 21 -2 2 21 21 -4   1 3 4 5 6 2 7   2.0
1   5   -4 21 -3 3 21 21 -4   1 3 4 5 6 2 7   2.0
1   5   -4 21 -4 1 21 21 -1   1 3 4 5 6 2 7   2.0
1   5   -4 21 -4 2 21 21 -2   1 3 4 5 6 2 7   2.0
1   5   -4 21 -4 3 21 21 -3   1 3 4 5 6 2 7   2.0
1   5   -4 21 -4 5 21 21 -5   1 3 4 5 6 2 7   2.0
1   5   -4 21 -5 5 21 21 -4   1 3 4 5 6 2 7   2.0
1   5   -4 21 21 -1 1 21 -4   1 3 4 5 6 2 7   2.0
1   5   -4 21 21 -2 2 21 -4   1 3 4 5 6 2 7   2.0
1   5   -4 21 21 -3 3 21 -4   1 3 4 5 6 2 7   2.0
1   5   -4 21 21 -4 1 21 -1   1 3 4 5 6 2 7   2.0
1   5   -4 21 21 -4 2 21 -2   1 3 4 5 6 2 7   2.0
1   5   -4 21 21 -4 3 21 -3   1 3 4 5 6 2 7   2.0
1   5   -4 21 21 -4 5 21 -5   1 3 4 5 6 2 7   2.0
1   5   -4 21 21 -5 5 21 -4   1 3 4 5 6 2 7   2.0
1   5   -4 21 21 21 -1 1 -4   1 3 4 5 6 2 7   2.0
1   5   -4 21 21 21 -2 2 -4   1 3 4 5 6 2 7   2.0
1   5   -4 21 21 21 -3 3 -4   1 3 4 5 6 2 7   2.0
1   5   -4 21 21 21 -4 1 -1   1 3 4 5 6 2 7   2.0
1   5   -4 21 21 21 -4 2 -2   1 3 4 5 6 2 7   2.0
1   5   -4 21 21 21 -4 3 -3   1 3 4 5 6 2 7   2.0
1   5   -4 21 21 21 -4 5 -5   1 3 4 5 6 2 7   2.0
1   5   -4 21 21 21 -5 5 -4   1 3 4 5 6 2 7   2.0
1   5   -5 -1 21 21 21 -1 -5   1 3 4 5 6 2 7   6.0
1   5   -5 -1 21 21 21 -5 -1   1 3 4 5 6 2 7   6.0
1   5   -5 -2 21 21 21 -2 -5   1 3 4 5 6 2 7   6.0
1   5   -5 -2 21 21 21 -5 -2   1 3 4 5 6 2 7   6.0
1   5   -5 -3 21 21 21 -3 -5   1 3 4 5 6 2 7   6.0
1   5   -5 -3 21 21 21 -5 -3   1 3 4 5 6 2 7   6.0
1   5   -5 -4 21 21 21 -4 -5   1 3 4 5 6 2 7   6.0
1   5   -5 -4 21 21 21 -5 -4   1 3 4 5 6 2 7   6.0
1   5   -5 21 -1 1 21 21 -5   1 3 4 5 6 2 7   2.0
1   5   -5 21 -2 2 21 21 -5   1 3 4 5 6 2 7   2.0
1   5   -5 21 -3 3 21 21 -5   1 3 4 5 6 2 7   2.0
1   5   -5 21 -4 4 21 21 -5   1 3 4 5 6 2 7   2.0
1   5   -5 21 -5 1 21 21 -1   1 3 4 5 6 2 7   2.0
1   5   -5 21 -5 2 21 21 -2   1 3 4 5 6 2 7   2.0
1   5   -5 21 -5 3 21 21 -3   1 3 4 5 6 2 7   2.0
1   5   -5 21 -5 4 21 21 -4   1 3 4 5 6 2 7   2.0
1   5   -5 21 21 -1 1 21 -5   1 3 4 5 6 2 7   2.0
1   5   -5 21 21 -2 2 21 -5   1 3 4 5 6 2 7   2.0
1   5   -5 21 21 -3 3 21 -5   1 3 4 5 6 2 7   2.0
1   5   -5 21 21 -4 4 21 -5   1 3 4 5 6 2 7   2.0
1   5   -5 21 21 -5 1 21 -1   1 3 4 5 6 2 7   2.0
1   5   -5 21 21 -5 2 21 -2   1 3 4 5 6 2 7   2.0
1   5   -5 21 21 -5 3 21 -3   1 3 4 5 6 2 7   2.0
1   5   -5 21 21 -5 4 21 -4   1 3 4 5 6 2 7   2.0
1   5   -5 21 21 21 -1 1 -5   1 3 4 5 6 2 7   2.0
1   5   -5 21 21 21 -2 2 -5   1 3 4 5 6 2 7   2.0
1   5   -5 21 21 21 -3 3 -5   1 3 4 5 6 2 7   2.0
1   5   -5 21 21 21 -4 4 -5   1 3 4 5 6 2 7   2.0
1   5   -5 21 21 21 -5 1 -1   1 3 4 5 6 2 7   2.0
1   5   -5 21 21 21 -5 2 -2   1 3 4 5 6 2 7   2.0
1   5   -5 21 21 21 -5 3 -3   1 3 4 5 6 2 7   2.0
1   5   -5 21 21 21 -5 4 -4   1 3 4 5 6 2 7   2.0
1   5   1 -1 2 21 21 -2 21   2 7 1 3 4 5 6   6.0
1   5   1 -1 3 21 21 -3 21   2 7 1 3 4 5 6   6.0
1   5   1 -1 4 21 21 -4 21   2 7 1 3 4 5 6   6.0
1   5   1 -1 5 21 21 -5 21   2 7 1 3 4 5 6   6.0
1   5   1 -2 1 21 21 -2 21   2 7 1 3 4 5 6   6.0
1   5   1 -3 1 21 21 -3 21   2 7 1 3 4 5 6   6.0
1   5   1 -4 1 21 21 -4 21   2 7 1 3 4 5 6   6.0
1   5   1 -5 1 21 21 -5 21   2 7 1 3 4 5 6   6.0
1   5   1 2 1 21 21 21 2   7 1 3 4 5 6 2   6.0
1   5   1 2 2 21 21 21 1   7 1 3 4 5 6 2   6.0
1   5   1 3 1 21 21 21 3   7 1 3 4 5 6 2   6.0
1   5   1 3 3 21 21 21 1   7 1 3 4 5 6 2   6.0
1   5   1 4 1 21 21 21 4   7 1 3 4 5 6 2   6.0
1   5   1 4 4 21 21 21 1   7 1 3 4 5 6 2   6.0
1   5   1 5 1 21 21 21 5   7 1 3 4 5 6 2   6.0
1   5   1 5 5 21 21 21 1   7 1 3 4 5 6 2   6.0
1   5   1 21 1 -2 2 21 21   5 6 2 7 1 3 4   2.0
1   5   1 21 1 -3 3 21 21   5 6 2 7 1 3 4   2.0
1   5   1 21 1 -4 4 21 21   5 6 2 7 1 3 4   2.0
1   5   1 21 1 -5 5 21 21   5 6 2 7 1 3 4   2.0
1   5   1 21 1 21 -2 2 21   6 2 7 1 3 4 5   2.0
1   5   1 21 1 21 -3 3 21   6 2 7 1 3 4 5   2.0
1   5   1 21 1 21 -4 4 21   6 2 7 1 3 4 5   2.0
1   5   1 21 1 21 -5 5 21   6 2 7 1 3 4 5   2.0
1   5   1 21 2 -2 1 21 21   5 6 2 7 1 3 4   2.0
1   5   1 21 2 21 -2 1 21   6 2 7 1 3 4 5   2.0
1   5   1 21 3 -3 1 21 21   5 6 2 7 1 3 4   2.0
1   5   1 21 3 21 -3 1 21   6 2 7 1 3 4 5   2.0
1   5   1 21 4 -4 1 21 21   5 6 2 7 1 3 4   2.0
1   5   1 21 4 21 -4 1 21   6 2 7 1 3 4 5   2.0
1   5   1 21 5 -5 1 21 21   5 6 2 7 1 3 4   2.0
1   5   1 21 5 21 -5 1 21   6 2 7 1 3 4 5   2.0
1   5   2 -1 2 21 21 -1 21   2 7 1 3 4 5 6   6.0
1   5   2 -2 1 21 21 -1 21   2 7 1 3 4 5 6   6.0
1   5   2 -2 3 21 21 -3 21   2 7 1 3 4 5 6   6.0
1   5   2 -2 4 21 21 -4 21   2 7 1 3 4 5 6   6.0
1   5   2 -2 5 21 21 -5 21   2 7 1 3 4 5 6   6.0
1   5   2 -3 2 21 21 -3 21   2 7 1 3 4 5 6   6.0
1   5   2 -4 2 21 21 -4 21   2 7 1 3 4 5 6   6.0
1   5   2 -5 2 21 21 -5 21   2 7 1 3 4 5 6   6.0
1   5   2 1 1 21 21 21 2   7 1 3 4 5 6 2   6.0
1   5   2 1 2 21 21 21 1   7 1 3 4 5 6 2   6.0
1   5   2 3 2 21 21 21 3   7 1 3 4 5 6 2   6.0
1   5   2 3 3 21 21 21 2   7 1 3 4 5 6 2   6.0
1   5   2 4 2 21 21 21 4   7 1 3 4 5 6 2   6.0
1   5   2 4 4 21 21 21 2   7 1 3 4 5 6 2   6.0
1   5   2 5 2 21 21 21 5   7 1 3 4 5 6 2   6.0
1   5   2 5 5 21 21 21 2   7 1 3 4 5 6 2   6.0
1   5   2 21 1 -1 2 21 21   5 6 2 7 1 3 4   2.0
1   5   2 21 1 21 -1 2 21   6 2 7 1 3 4 5   2.0
1   5   2 21 2 -1 1 21 21   5 6 2 7 1 3 4   2.0
1   5   2 21 2 -3 3 21 21   5 6 2 7 1 3 4   2.0
1   5   2 21 2 -4 4 21 21   5 6 2 7 1 3 4   2.0
1   5   2 21 2 -5 5 21 21   5 6 2 7 1 3 4   2.0
1   5   2 21 2 21 -1 1 21   6 2 7 1 3 4 5   2.0
1   5   2 21 2 21 -3 3 21   6 2 7 1 3 4 5   2.0
1   5   2 21 2 21 -4 4 21   6 2 7 1 3 4 5   2.0
1   5   2 21 2 21 -5 5 21   6 2 7 1 3 4 5   2.0
1   5   2 21 3 -3 2 21 21   5 6 2 7 1 3 4   2.0
1   5   2 21 3 21 -3 2 21   6 2 7 1 3 4 5   2.0
1   5   2 21 4 -4 2 21 21   5 6 2 7 1 3 4   2.0
1   5   2 21 4 21 -4 2 21   6 2 7 1 3 4 5   2.0
1   5   2 21 5 -5 2 21 21   5 6 2 7 1 3 4   2.0
1   5   2 21 5 21 -5 2 21   6 2 7 1 3 4 5   2.0
1   5   3 -1 3 21 21 -1 21   2 7 1 3 4 5 6   6.0
1   5   3 -2 3 21 21 -2 21   2 7 1 3 4 5 6   6.0
1   5   3 -3 1 21 21 -1 21   2 7 1 3 4 5 6   6.0
1   5   3 -3 2 21 21 -2 21   2 7 1 3 4 5 6   6.0
1   5   3 -3 4 21 21 -4 21   2 7 1 3 4 5 6   6.0
1   5   3 -3 5 21 21 -5 21   2 7 1 3 4 5 6   6.0
1   5   3 -4 3 21 21 -4 21   2 7 1 3 4 5 6   6.0
1   5   3 -5 3 21 21 -5 21   2 7 1 3 4 5 6   6.0
1   5   3 1 1 21 21 21 3   7 1 3 4 5 6 2   6.0
1   5   3 1 3 21 21 21 1   7 1 3 4 5 6 2   6.0
1   5   3 2 2 21 21 21 3   7 1 3 4 5 6 2   6.0
1   5   3 2 3 21 21 21 2   7 1 3 4 5 6 2   6.0
1   5   3 4 3 21 21 21 4   7 1 3 4 5 6 2   6.0
1   5   3 4 4 21 21 21 3   7 1 3 4 5 6 2   6.0
1   5   3 5 3 21 21 21 5   7 1 3 4 5 6 2   6.0
1   5   3 5 5 21 21 21 3   7 1 3 4 5 6 2   6.0
1   5   3 21 1 -1 3 21 21   5 6 2 7 1 3 4   2.0
1   5   3 21 1 21 -1 3 21   6 2 7 1 3 4 5   2.0
1   5   3 21 2 -2 3 21 21   5 6 2 7 1 3 4   2.0
1   5   3 21 2 21 -2 3 21   6 2 7 1 3 4 5   2.0
1   5   3 21 3 -1 1 21 21   5 6 2 7 1 3 4   2.0
1   5   3 21 3 -2 2 21 21   5 6 2 7 1 3 4   2.0
1   5   3 21 3 -4 4 21 21   5 6 2 7 1 3 4   2.0
1   5   3 21 3 -5 5 21 21   5 6 2 7 1 3 4   2.0
1   5   3 21 3 21 -1 1 21   6 2 7 1 3 4 5   2.0
1   5   3 21 3 21 -2 2 21   6 2 7 1 3 4 5   2.0
1   5   3 21 3 21 -4 4 21   6 2 7 1 3 4 5   2.0
1   5   3 21 3 21 -5 5 21   6 2 7 1 3 4 5   2.0
1   5   3 21 4 -4 3 21 21   5 6 2 7 1 3 4   2.0
1   5   3 21 4 21 -4 3 21   6 2 7 1 3 4 5   2.0
1   5   3 21 5 -5 3 21 21   5 6 2 7 1 3 4   2.0
1   5   3 21 5 21 -5 3 21   6 2 7 1 3 4 5   2.0
1   5   4 -1 4 21 21 -1 21   2 7 1 3 4 5 6   6.0
1   5   4 -2 4 21 21 -2 21   2 7 1 3 4 5 6   6.0
1   5   4 -3 4 21 21 -3 21   2 7 1 3 4 5 6   6.0
1   5   4 -4 1 21 21 -1 21   2 7 1 3 4 5 6   6.0
1   5   4 -4 2 21 21 -2 21   2 7 1 3 4 5 6   6.0
1   5   4 -4 3 21 21 -3 21   2 7 1 3 4 5 6   6.0
1   5   4 -4 5 21 21 -5 21   2 7 1 3 4 5 6   6.0
1   5   4 -5 4 21 21 -5 21   2 7 1 3 4 5 6   6.0
1   5   4 1 1 21 21 21 4   7 1 3 4 5 6 2   6.0
1   5   4 1 4 21 21 21 1   7 1 3 4 5 6 2   6.0
1   5   4 2 2 21 21 21 4   7 1 3 4 5 6 2   6.0
1   5   4 2 4 21 21 21 2   7 1 3 4 5 6 2   6.0
1   5   4 3 3 21 21 21 4   7 1 3 4 5 6 2   6.0
1   5   4 3 4 21 21 21 3   7 1 3 4 5 6 2   6.0
1   5   4 5 4 21 21 21 5   7 1 3 4 5 6 2   6.0
1   5   4 5 5 21 21 21 4   7 1 3 4 5 6 2   6.0
1   5   4 21 1 -1 4 21 21   5 6 2 7 1 3 4   2.0
1   5   4 21 1 21 -1 4 21   6 2 7 1 3 4 5   2.0
1   5   4 21 2 -2 4 21 21   5 6 2 7 1 3 4   2.0
1   5   4 21 2 21 -2 4 21   6 2 7 1 3 4 5   2.0
1   5   4 21 3 -3 4 21 21   5 6 2 7 1 3 4   2.0
1   5   4 21 3 21 -3 4 21   6 2 7 1 3 4 5   2.0
1   5   4 21 4 -1 1 21 21   5 6 2 7 1 3 4   2.0
1   5   4 21 4 -2 2 21 21   5 6 2 7 1 3 4   2.0
1   5   4 21 4 -3 3 21 21   5 6 2 7 1 3 4   2.0
1   5   4 21 4 -5 5 21 21   5 6 2 7 1 3 4   2.0
1   5   4 21 4 21 -1 1 21   6 2 7 1 3 4 5   2.0
1   5   4 21 4 21 -2 2 21   6 2 7 1 3 4 5   2.0
1   5   4 21 4 21 -3 3 21   6 2 7 1 3 4 5   2.0
1   5   4 21 4 21 -5 5 21   6 2 7 1 3 4 5   2.0
1   5   4 21 5 -5 4 21 21   5 6 2 7 1 3 4   2.0
1   5   4 21 5 21 -5 4 21   6 2 7 1 3 4 5   2.0
1   5   5 -1 5 21 21 -1 21   2 7 1 3 4 5 6   6.0
1   5   5 -2 5 21 21 -2 21   2 7 1 3 4 5 6   6.0
1   5   5 -3 5 21 21 -3 21   2 7 1 3 4 5 6   6.0
1   5   5 -4 5 21 21 -4 21   2 7 1 3 4 5 6   6.0
1   5   5 -5 1 21 21 -1 21   2 7 1 3 4 5 6   6.0
1   5   5 -5 2 21 21 -2 21   2 7 1 3 4 5 6   6.0
1   5   5 -5 3 21 21 -3 21   2 7 1 3 4 5 6   6.0
1   5   5 -5 4 21 21 -4 21   2 7 1 3 4 5 6   6.0
1   5   5 1 1 21 21 21 5   7 1 3 4 5 6 2   6.0
1   5   5 1 5 21 21 21 1   7 1 3 4 5 6 2   6.0
1   5   5 2 2 21 21 21 5   7 1 3 4 5 6 2   6.0
1   5   5 2 5 21 21 21 2   7 1 3 4 5 6 2   6.0
1   5   5 3 3 21 21 21 5   7 1 3 4 5 6 2   6.0
1   5   5 3 5 21 21 21 3   7 1 3 4 5 6 2   6.0
1   5   5 4 4 21 21 21 5   7 1 3 4 5 6 2   6.0
1   5   5 4 5 21 21 21 4   7 1 3 4 5 6 2   6.0
1   5   5 21 1 -1 5 21 21   5 6 2 7 1 3 4   2.0
1   5   5 21 1 21 -1 5 21   6 2 7 1 3 4 5   2.0
1   5   5 21 2 -2 5 21 21   5 6 2 7 1 3 4   2.0
1   5   5 21 2 21 -2 5 21   6 2 7 1 3 4 5   2.0
1   5   5 21 3 -3 5 21 21   5 6 2 7 1 3 4   2.0
1   5   5 21 3 21 -3 5 21   6 2 7 1 3 4 5   2.0
1   5   5 21 4 -4 5 21 21   5 6 2 7 1 3 4   2.0
1   5   5 21 4 21 -4 5 21   6 2 7 1 3 4 5   2.0
1   5   5 21 5 -1 1 21 21   5 6 2 7 1 3 4   2.0
1   5   5 21 5 -2 2 21 21   5 6 2 7 1 3 4   2.0
1   5   5 21 5 -3 3 21 21   5 6 2 7 1 3 4   2.0
1   5   5 21 5 -4 4 21 21   5 6 2 7 1 3 4   2.0
1   5   5 21 5 21 -1 1 21   6 2 7 1 3 4 5   2.0
1   5   5 21 5 21 -2 2 21   6 2 7 1 3 4 5   2.0
1   5   5 21 5 21 -3 3 21   6 2 7 1 3 4 5   2.0
1   5   5 21 5 21 -4 4 21   6 2 7 1 3 4 5   2.0
1   5   21 -1 -1 2 21 -2 21   2 7 1 3 4 5 6   2.0
1   5   21 -1 -1 3 21 -3 21   2 7 1 3 4 5 6   2.0
1   5   21 -1 -1 4 21 -4 21   2 7 1 3 4 5 6   2.0
1   5   21 -1 -1 5 21 -5 21   2 7 1 3 4 5 6   2.0
1   5   21 -1 -2 2 21 -1 21   2 7 1 3 4 5 6   2.0
1   5   21 -1 -3 3 21 -1 21   2 7 1 3 4 5 6   2.0
1   5   21 -1 -4 4 21 -1 21   2 7 1 3 4 5 6   2.0
1   5   21 -1 -5 5 21 -1 21   2 7 1 3 4 5 6   2.0
1   5   21 -1 21 -1 2 -2 21   2 7 1 3 4 5 6   2.0
1   5   21 -1 21 -1 3 -3 21   2 7 1 3 4 5 6   2.0
1   5   21 -1 21 -1 4 -4 21   2 7 1 3 4 5 6   2.0
1   5   21 -1 21 -1 5 -5 21   2 7 1 3 4 5 6   2.0
1   5   21 -1 21 -2 2 -1 21   2 7 1 3 4 5 6   2.0
1   5   21 -1 21 -3 3 -1 21   2 7 1 3 4 5 6   2.0
1   5   21 -1 21 -4 4 -1 21   2 7 1 3 4 5 6   2.0
1   5   21 -1 21 -5 5 -1 21   2 7 1 3 4 5 6   2.0
1   5   21 -2 -1 1 21 -2 21   2 7 1 3 4 5 6   2.0
1   5   21 -2 -2 1 21 -1 21   2 7 1 3 4 5 6   2.0
1   5   21 -2 -2 3 21 -3 21   2 7 1 3 4 5 6   2.0
1   5   21 -2 -2 4 21 -4 21   2 7 1 3 4 5 6   2.0
1   5   21 -2 -2 5 21 -5 21   2 7 1 3 4 5 6   2.0
1   5   21 -2 -3 3 21 -2 21   2 7 1 3 4 5 6   2.0
1   5   21 -2 -4 4 21 -2 21   2 7 1 3 4 5 6   2.0
1   5   21 -2 -5 5 21 -2 21   2 7 1 3 4 5 6   2.0
1   5   21 -2 21 -1 1 -2 21   2 7 1 3 4 5 6   2.0
1   5   21 -2 21 -2 1 -1 21   2 7 1 3 4 5 6   2.0
1   5   21 -2 21 -2 3 -3 21   2 7 1 3 4 5 6   2.0
1   5   21 -2 21 -2 4 -4 21   2 7 1 3 4 5 6   2.0
1   5   21 -2 21 -2 5 -5 21   2 7 1 3 4 5 6   2.0
1   5   21 -2 21 -3 3 -2 21   2 7 1 3 4 5 6   2.0
1   5   21 -2 21 -4 4 -2 21   2 7 1 3 4 5 6   2.0
1   5   21 -2 21 -5 5 -2 21   2 7 1 3 4 5 6   2.0
1   5   21 -3 -1 1 21 -3 21   2 7 1 3 4 5 6   2.0
1   5   21 -3 -2 2 21 -3 21   2 7 1 3 4 5 6   2.0
1   5   21 -3 -3 1 21 -1 21   2 7 1 3 4 5 6   2.0
1   5   21 -3 -3 2 21 -2 21   2 7 1 3 4 5 6   2.0
1   5   21 -3 -3 4 21 -4 21   2 7 1 3 4 5 6   2.0
1   5   21 -3 -3 5 21 -5 21   2 7 1 3 4 5 6   2.0
1   5   21 -3 -4 4 21 -3 21   2 7 1 3 4 5 6   2.0
1   5   21 -3 -5 5 21 -3 21   2 7 1 3 4 5 6   2.0
1   5   21 -3 21 -1 1 -3 21   2 7 1 3 4 5 6   2.0
1   5   21 -3 21 -2 2 -3 21   2 7 1 3 4 5 6   2.0
1   5   21 -3 21 -3 1 -1 21   2 7 1 3 4 5 6   2.0
1   5   21 -3 21 -3 2 -2 21   2 7 1 3 4 5 6   2.0
1   5   21 -3 21 -3 4 -4 21   2 7 1 3 4 5 6   2.0
1   5   21 -3 21 -3 5 -5 21   2 7 1 3 4 5 6   2.0
1   5   21 -3 21 -4 4 -3 21   2 7 1 3 4 5 6   2.0
1   5   21 -3 21 -5 5 -3 21   2 7 1 3 4 5 6   2.0
1   5   21 -4 -1 1 21 -4 21   2 7 1 3 4 5 6   2.0
1   5   21 -4 -2 2 21 -4 21   2 7 1 3 4 5 6   2.0
1   5   21 -4 -3 3 21 -4 21   2 7 1 3 4 5 6   2.0
1   5   21 -4 -4 1 21 -1 21   2 7 1 3 4 5 6   2.0
1   5   21 -4 -4 2 21 -2 21   2 7 1 3 4 5 6   2.0
1   5   21 -4 -4 3 21 -3 21   2 7 1 3 4 5 6   2.0
1   5   21 -4 -4 5 21 -5 21   2 7 1 3 4 5 6   2.0
1   5   21 -4 -5 5 21 -4 21   2 7 1 3 4 5 6   2.0
1   5   21 -4 21 -1 1 -4 21   2 7 1 3 4 5 6   2.0
1   5   21 -4 21 -2 2 -4 21   2 7 1 3 4 5 6   2.0
1   5   21 -4 21 -3 3 -4 21   2 7 1 3 4 5 6   2.0
1   5   21 -4 21 -4 1 -1 21   2 7 1 3 4 5 6   2.0
1   5   21 -4 21 -4 2 -2 21   2 7 1 3 4 5 6   2.0
1   5   21 -4 21 -4 3 -3 21   2 7 1 3 4 5 6   2.0
1   5   21 -4 21 -4 5 -5 21   2 7 1 3 4 5 6   2.0
1   5   21 -4 21 -5 5 -4 21   2 7 1 3 4 5 6   2.0
1   5   21 -5 -1 1 21 -5 21   2 7 1 3 4 5 6   2.0
1   5   21 -5 -2 2 21 -5 21   2 7 1 3 4 5 6   2.0
1   5   21 -5 -3 3 21 -5 21   2 7 1 3 4 5 6   2.0
1   5   21 -5 -4 4 21 -5 21   2 7 1 3 4 5 6   2.0
1   5   21 -5 -5 1 21 -1 21   2 7 1 3 4 5 6   2.0
1   5   21 -5 -5 2 21 -2 21   2 7 1 3 4 5 6   2.0
1   5   21 -5 -5 3 21 -3 21   2 7 1 3 4 5 6   2.0
1   5   21 -5 -5 4 21 -4 21   2 7 1 3 4 5 6   2.0
1   5   21 -5 21 -1 1 -5 21   2 7 1 3 4 5 6   2.0
1   5   21 -5 21 -2 2 -5 21   2 7 1 3 4 5 6   2.0
1   5   21 -5 21 -3 3 -5 21   2 7 1 3 4 5 6   2.0
1   5   21 -5 21 -4 4 -5 21   2 7 1 3 4 5 6   2.0
1   5   21 -5 21 -5 1 -1 21   2 7 1 3 4 5 6   2.0
1   5   21 -5 21 -5 2 -2 21   2 7 1 3 4 5 6   2.0
1   5   21 -5 21 -5 3 -3 21   2 7 1 3 4 5 6   2.0
1   5   21 -5 21 -5 4 -4 21   2 7 1 3 4 5 6   2.0
1   5   21 1 -2 1 21 21 2   7 1 3 4 5 6 2   2.0
1   5   21 1 -2 2 21 21 1   7 1 3 4 5 6 2   2.0
1   5   21 1 -3 1 21 21 3   7 1 3 4 5 6 2   2.0
1   5   21 1 -3 3 21 21 1   7 1 3 4 5 6 2   2.0
1   5   21 1 -4 1 21 21 4   7 1 3 4 5 6 2   2.0
1   5   21 1 -4 4 21 21 1   7 1 3 4 5 6 2   2.0
1   5   21 1 -5 1 21 21 5   7 1 3 4 5 6 2   2.0
1   5   21 1 -5 5 21 21 1   7 1 3 4 5 6 2   2.0
1   5   21 1 21 -2 1 21 2   7 1 3 4 5 6 2   2.0
1   5   21 1 21 -2 2 21 1   7 1 3 4 5 6 2   2.0
1   5   21 1 21 -3 1 21 3   7 1 3 4 5 6 2   2.0
1   5   21 1 21 -3 3 21 1   7 1 3 4 5 6 2   2.0
1   5   21 1 21 -4 1 21 4   7 1 3 4 5 6 2   2.0
1   5   21 1 21 -4 4 21 1   7 1 3 4 5 6 2   2.0
1   5   21 1 21 -5 1 21 5   7 1 3 4 5 6 2   2.0
1   5   21 1 21 -5 5 21 1   7 1 3 4 5 6 2   2.0
1   5   21 1 21 21 -2 1 2   7 1 3 4 5 6 2   2.0
1   5   21 1 21 21 -2 2 1   7 1 3 4 5 6 2   2.0
1   5   21 1 21 21 -3 1 3   7 1 3 4 5 6 2   2.0
1   5   21 1 21 21 -3 3 1   7 1 3 4 5 6 2   2.0
1   5   21 1 21 21 -4 1 4   7 1 3 4 5 6 2   2.0
1   5   21 1 21 21 -4 4 1   7 1 3 4 5 6 2   2.0
1   5   21 1 21 21 -5 1 5   7 1 3 4 5 6 2   2.0
1   5   21 1 21 21 -5 5 1   7 1 3 4 5 6 2   2.0
1   5   21 2 -1 1 21 21 2   7 1 3 4 5 6 2   2.0
1   5   21 2 -1 2 21 21 1   7 1 3 4 5 6 2   2.0
1   5   21 2 -3 2 21 21 3   7 1 3 4 5 6 2   2.0
1   5   21 2 -3 3 21 21 2   7 1 3 4 5 6 2   2.0
1   5   21 2 -4 2 21 21 4   7 1 3 4 5 6 2   2.0
1   5   21 2 -4 4 21 21 2   7 1 3 4 5 6 2   2.0
1   5   21 2 -5 2 21 21 5   7 1 3 4 5 6 2   2.0
1   5   21 2 -5 5 21 21 2   7 1 3 4 5 6 2   2.0
1   5   21 2 21 -1 1 21 2   7 1 3 4 5 6 2   2.0
1   5   21 2 21 -1 2 21 1   7 1 3 4 5 6 2   2.0
1   5   21 2 21 -3 2 21 3   7 1 3 4 5 6 2   2.0
1   5   21 2 21 -3 3 21 2   7 1 3 4 5 6 2   2.0
1   5   21 2 21 -4 2 21 4   7 1 3 4 5 6 2   2.0
1   5   21 2 21 -4 4 21 2   7 1 3 4 5 6 2   2.0
1   5   21 2 21 -5 2 21 5   7 1 3 4 5 6 2   2.0
1   5   21 2 21 -5 5 21 2   7 1 3 4 5 6 2   2.0
1   5   21 2 21 21 -1 1 2   7 1 3 4 5 6 2   2.0
1   5   21 2 21 21 -1 2 1   7 1 3 4 5 6 2   2.0
1   5   21 2 21 21 -3 2 3   7 1 3 4 5 6 2   2.0
1   5   21 2 21 21 -3 3 2   7 1 3 4 5 6 2   2.0
1   5   21 2 21 21 -4 2 4   7 1 3 4 5 6 2   2.0
1   5   21 2 21 21 -4 4 2   7 1 3 4 5 6 2   2.0
1   5   21 2 21 21 -5 2 5   7 1 3 4 5 6 2   2.0
1   5   21 2 21 21 -5 5 2   7 1 3 4 5 6 2   2.0
1   5   21 3 -1 1 21 21 3   7 1 3 4 5 6 2   2.0
1   5   21 3 -1 3 21 21 1   7 1 3 4 5 6 2   2.0
1   5   21 3 -2 2 21 21 3   7 1 3 4 5 6 2   2.0
1   5   21 3 -2 3 21 21 2   7 1 3 4 5 6 2   2.0
1   5   21 3 -4 3 21 21 4   7 1 3 4 5 6 2   2.0
1   5   21 3 -4 4 21 21 3   7 1 3 4 5 6 2   2.0
1   5   21 3 -5 3 21 21 5   7 1 3 4 5 6 2   2.0
1   5   21 3 -5 5 21 21 3   7 1 3 4 5 6 2   2.0
1   5   21 3 21 -1 1 21 3   7 1 3 4 5 6 2   2.0
1   5   21 3 21 -1 3 21 1   7 1 3 4 5 6 2   2.0
1   5   21 3 21 -2 2 21 3   7 1 3 4 5 6 2   2.0
1   5   21 3 21 -2 3 21 2   7 1 3 4 5 6 2   2.0
1   5   21 3 21 -4 3 21 4   7 1 3 4 5 6 2   2.0
1   5   21 3 21 -4 4 21 3   7 1 3 4 5 6 2   2.0
1   5   21 3 21 -5 3 21 5   7 1 3 4 5 6 2   2.0
1   5   21 3 21 -5 5 21 3   7 1 3 4 5 6 2   2.0
1   5   21 3 21 21 -1 1 3   7 1 3 4 5 6 2   2.0
1   5   21 3 21 21 -1 3 1   7 1 3 4 5 6 2   2.0
1   5   21 3 21 21 -2 2 3   7 1 3 4 5 6 2   2.0
1   5   21 3 21 21 -2 3 2   7 1 3 4 5 6 2   2.0
1   5   21 3 21 21 -4 3 4   7 1 3 4 5 6 2   2.0
1   5   21 3 21 21 -4 4 3   7 1 3 4 5 6 2   2.0
1   5   21 3 21 21 -5 3 5   7 1 3 4 5 6 2   2.0
1   5   21 3 21 21 -5 5 3   7 1 3 4 5 6 2   2.0
1   5   21 4 -1 1 21 21 4   7 1 3 4 5 6 2   2.0
1   5   21 4 -1 4 21 21 1   7 1 3 4 5 6 2   2.0
1   5   21 4 -2 2 21 21 4   7 1 3 4 5 6 2   2.0
1   5   21 4 -2 4 21 21 2   7 1 3 4 5 6 2   2.0
1   5   21 4 -3 3 21 21 4   7 1 3 4 5 6 2   2.0
1   5   21 4 -3 4 21 21 3   7 1 3 4 5 6 2   2.0
1   5   21 4 -5 4 21 21 5   7 1 3 4 5 6 2   2.0
1   5   21 4 -5 5 21 21 4   7 1 3 4 5 6 2   2.0
1   5   21 4 21 -1 1 21 4   7 1 3 4 5 6 2   2.0
1   5   21 4 21 -1 4 21 1   7 1 3 4 5 6 2   2.0
1   5   21 4 21 -2 2 21 4   7 1 3 4 5 6 2   2.0
1   5   21 4 21 -2 4 21 2   7 1 3 4 5 6 2   2.0
1   5   21 4 21 -3 3 21 4   7 1 3 4 5 6 2   2.0
1   5   21 4 21 -3 4 21 3   7 1 3 4 5 6 2   2.0
1   5   21 4 21 -5 4 21 5   7 1 3 4 5 6 2   2.0
1   5   21 4 21 -5 5 21 4   7 1 3 4 5 6 2   2.0
1   5   21 4 21 21 -1 1 4   7 1 3 4 5 6 2   2.0
1   5   21 4 21 21 -1 4 1   7 1 3 4 5 6 2   2.0
1   5   21 4 21 21 -2 2 4   7 1 3 4 5 6 2   2.0
1   5   21 4 21 21 -2 4 2   7 1 3 4 5 6 2   2.0
1   5   21 4 21 21 -3 3 4   7 1 3 4 5 6 2   2.0
1   5   21 4 21 21 -3 4 3   7 1 3 4 5 6 2   2.0
1   5   21 4 21 21 -5 4 5   7 1 3 4 5 6 2   2.0
1   5   21 4 21 21 -5 5 4   7 1 3 4 5 6 2   2.0
1   5   21 5 -1 1 21 21 5   7 1 3 4 5 6 2   2.0
1   5   21 5 -1 5 21 21 1   7 1 3 4 5 6 2   2.0
1   5   21 5 -2 2 21 21 5   7 1 3 4 5 6 2   2.0
1   5   21 5 -2 5 21 21 2   7 1 3 4 5 6 2   2.0
1   5   21 5 -3 3 21 21 5   7 1 3 4 5 6 2   2.0
1   5   21 5 -3 5 21 21 3   7 1 3 4 5 6 2   2.0
1   5   21 5 -4 4 21 21 5   7 1 3 4 5 6 2   2.0
1   5   21 5 -4 5 21 21 4   7 1 3 4 5 6 2   2.0
1   5   21 5 21 -1 1 21 5   7 1 3 4 5 6 2   2.0
1   5   21 5 21 -1 5 21 1   7 1 3 4 5 6 2   2.0
1   5   21 5 21 -2 2 21 5   7 1 3 4 5 6 2   2.0
1   5   21 5 21 -2 5 21 2   7 1 3 4 5 6 2   2.0
1   5   21 5 21 -3 3 21 5   7 1 3 4 5 6 2   2.0
1   5   21 5 21 -3 5 21 3   7 1 3 4 5 6 2   2.0
1   5   21 5 21 -4 4 21 5   7 1 3 4 5 6 2   2.0
1   5   21 5 21 -4 5 21 4   7 1 3 4 5 6 2   2.0
1   5   21 5 21 21 -1 1 5   7 1 3 4 5 6 2   2.0
1   5   21 5 21 21 -1 5 1   7 1 3 4 5 6 2   2.0
1   5   21 5 21 21 -2 2 5   7 1 3 4 5 6 2   2.0
1   5   21 5 21 21 -2 5 2   7 1 3 4 5 6 2   2.0
1   5   21 5 21 21 -3 3 5   7 1 3 4 5 6 2   2.0
1   5   21 5 21 21 -3 5 3   7 1 3 4 5 6 2   2.0
1   5   21 5 21 21 -4 4 5   7 1 3 4 5 6 2   2.0
1   5   21 5 21 21 -4 5 4   7 1 3 4 5 6 2   2.0
1   5   21 21 -1 1 -2 2 21   6 2 7 1 3 4 5   1.0
1   5   21 21 -1 1 -3 3 21   6 2 7 1 3 4 5   1.0
1   5   21 21 -1 1 -4 4 21   6 2 7 1 3 4 5   1.0
1   5   21 21 -1 1 -5 5 21   6 2 7 1 3 4 5   1.0
1   5   21 21 -1 2 -2 1 21   6 2 7 1 3 4 5   1.0
1   5   21 21 -1 3 -3 1 21   6 2 7 1 3 4 5   1.0
1   5   21 21 -1 4 -4 1 21   6 2 7 1 3 4 5   1.0
1   5   21 21 -1 5 -5 1 21   6 2 7 1 3 4 5   1.0
1   5   21 21 -2 1 -1 2 21   6 2 7 1 3 4 5   1.0
1   5   21 21 -2 2 -1 1 21   6 2 7 1 3 4 5   1.0
1   5   21 21 -2 2 -3 3 21   6 2 7 1 3 4 5   1.0
1   5   21 21 -2 2 -4 4 21   6 2 7 1 3 4 5   1.0
1   5   21 21 -2 2 -5 5 21   6 2 7 1 3 4 5   1.0
1   5   21 21 -2 3 -3 2 21   6 2 7 1 3 4 5   1.0
1   5   21 21 -2 4 -4 2 21   6 2 7 1 3 4 5   1.0
1   5   21 21 -2 5 -5 2 21   6 2 7 1 3 4 5   1.0
1   5   21 21 -3 1 -1 3 21   6 2 7 1 3 4 5   1.0
1   5   21 21 -3 2 -2 3 21   6 2 7 1 3 4 5   1.0
1   5   21 21 -3 3 -1 1 21   6 2 7 1 3 4 5   1.0
1   5   21 21 -3 3 -2 2 21   6 2 7 1 3 4 5   1.0
1   5   21 21 -3 3 -4 4 21   6 2 7 1 3 4 5   1.0
1   5   21 21 -3 3 -5 5 21   6 2 7 1 3 4 5   1.0
1   5   21 21 -3 4 -4 3 21   6 2 7 1 3 4 5   1.0
1   5   21 21 -3 5 -5 3 21   6 2 7 1 3 4 5   1.0
1   5   21 21 -4 1 -1 4 21   6 2 7 1 3 4 5   1.0
1   5   21 21 -4 2 -2 4 21   6 2 7 1 3 4 5   1.0
1   5   21 21 -4 3 -3 4 21   6 2 7 1 3 4 5   1.0
1   5   21 21 -4 4 -1 1 21   6 2 7 1 3 4 5   1.0
1   5   21 21 -4 4 -2 2 21   6 2 7 1 3 4 5   1.0
1   5   21 21 -4 4 -3 3 21   6 2 7 1 3 4 5   1.0
1   5   21 21 -4 4 -5 5 21   6 2 7 1 3 4 5   1.0
1   5   21 21 -4 5 -5 4 21   6 2 7 1 3 4 5   1.0
1   5   21 21 -5 1 -1 5 21   6 2 7 1 3 4 5   1.0
1   5   21 21 -5 2 -2 5 21   6 2 7 1 3 4 5   1.0
1   5   21 21 -5 3 -3 5 21   6 2 7 1 3 4 5   1.0
1   5   21 21 -5 4 -4 5 21   6 2 7 1 3 4 5   1.0
1   5   21 21 -5 5 -1 1 21   6 2 7 1 3 4 5   1.0
1   5   21 21 -5 5 -2 2 21   6 2 7 1 3 4 5   1.0
1   5   21 21 -5 5 -3 3 21   6 2 7 1 3 4 5   1.0
1   5   21 21 -5 5 -4 4 21   6 2 7 1 3 4 5   1.0
1   5   -1 -1 21 21 21 -1 -1   1 3 4 5 6 2 7   12.0
1   5   -1 21 -1 1 21 21 -1   1 3 4 5 6 2 7   4.0
1   5   -1 21 21 -1 1 21 -1   1 3 4 5 6 2 7   4.0
1   5   -1 21 21 21 -1 1 -1   1 3 4 5 6 2 7   4.0
1   5   -2 -2 21 21 21 -2 -2   1 3 4 5 6 2 7   12.0
1   5   -2 21 -2 2 21 21 -2   1 3 4 5 6 2 7   4.0
1   5   -2 21 21 -2 2 21 -2   1 3 4 5 6 2 7   4.0
1   5   -2 21 21 21 -2 2 -2   1 3 4 5 6 2 7   4.0
1   5   -3 -3 21 21 21 -3 -3   1 3 4 5 6 2 7   12.0
1   5   -3 21 -3 3 21 21 -3   1 3 4 5 6 2 7   4.0
1   5   -3 21 21 -3 3 21 -3   1 3 4 5 6 2 7   4.0
1   5   -3 21 21 21 -3 3 -3   1 3 4 5 6 2 7   4.0
1   5   -4 -4 21 21 21 -4 -4   1 3 4 5 6 2 7   12.0
1   5   -4 21 -4 4 21 21 -4   1 3 4 5 6 2 7   4.0
1   5   -4 21 21 -4 4 21 -4   1 3 4 5 6 2 7   4.0
1   5   -4 21 21 21 -4 4 -4   1 3 4 5 6 2 7   4.0
1   5   -5 -5 21 21 21 -5 -5   1 3 4 5 6 2 7   12.0
1   5   -5 21 -5 5 21 21 -5   1 3 4 5 6 2 7   4.0
1   5   -5 21 21 -5 5 21 -5   1 3 4 5 6 2 7   4.0
1   5   -5 21 21 21 -5 5 -5   1 3 4 5 6 2 7   4.0
1   5   1 -1 1 21 21 -1 21   2 7 1 3 4 5 6   6.0
1   5   1 1 1 21 21 21 1   7 1 3 4 5 6 2   12.0
1   5   1 21 1 -1 1 21 21   5 6 2 7 1 3 4   4.0
1   5   1 21 1 21 -1 1 21   6 2 7 1 3 4 5   4.0
1   5   2 -2 2 21 21 -2 21   2 7 1 3 4 5 6   6.0
1   5   2 2 2 21 21 21 2   7 1 3 4 5 6 2   12.0
1   5   2 21 2 -2 2 21 21   5 6 2 7 1 3 4   4.0
1   5   2 21 2 21 -2 2 21   6 2 7 1 3 4 5   4.0
1   5   3 -3 3 21 21 -3 21   2 7 1 3 4 5 6   6.0
1   5   3 3 3 21 21 21 3   7 1 3 4 5 6 2   12.0
1   5   3 21 3 -3 3 21 21   5 6 2 7 1 3 4   4.0
1   5   3 21 3 21 -3 3 21   6 2 7 1 3 4 5   4.0
1   5   4 -4 4 21 21 -4 21   2 7 1 3 4 5 6   6.0
1   5   4 4 4 21 21 21 4   7 1 3 4 5 6 2   12.0
1   5   4 21 4 -4 4 21 21   5 6 2 7 1 3 4   4.0
1   5   4 21 4 21 -4 4 21   6 2 7 1 3 4 5   4.0
1   5   5 -5 5 21 21 -5 21   2 7 1 3 4 5 6   6.0
1   5   5 5 5 21 21 21 5   7 1 3 4 5 6 2   12.0
1   5   5 21 5 -5 5 21 21   5 6 2 7 1 3 4   4.0
1   5   5 21 5 21 -5 5 21   6 2 7 1 3 4 5   4.0
1   5   21 -1 -1 1 21 -1 21   2 7 1 3 4 5 6   4.0
1   5   21 -1 21 -1 1 -1 21   2 7 1 3 4 5 6   4.0
1   5   21 -2 -2 2 21 -2 21   2 7 1 3 4 5 6   4.0
1   5   21 -2 21 -2 2 -2 21   2 7 1 3 4 5 6   4.0
1   5   21 -3 -3 3 21 -3 21   2 7 1 3 4 5 6   4.0
1   5   21 -3 21 -3 3 -3 21   2 7 1 3 4 5 6   4.0
1   5   21 -4 -4 4 21 -4 21   2 7 1 3 4 5 6   4.0
1   5   21 -4 21 -4 4 -4 21   2 7 1 3 4 5 6   4.0
1   5   21 -5 -5 5 21 -5 21   2 7 1 3 4 5 6   4.0
1   5   21 -5 21 -5 5 -5 21   2 7 1 3 4 5 6   4.0
1   5   21 1 -1 1 21 21 1   7 1 3 4 5 6 2   4.0
1   5   21 1 21 -1 1 21 1   7 1 3 4 5 6 2   4.0
1   5   21 1 21 21 -1 1 1   7 1 3 4 5 6 2   4.0
1   5   21 2 -2 2 21 21 2   7 1 3 4 5 6 2   4.0
1   5   21 2 21 -2 2 21 2   7 1 3 4 5 6 2   4.0
1   5   21 2 21 21 -2 2 2   7 1 3 4 5 6 2   4.0
1   5   21 3 -3 3 21 21 3   7 1 3 4 5 6 2   4.0
1   5   21 3 21 -3 3 21 3   7 1 3 4 5 6 2   4.0
1   5   21 3 21 21 -3 3 3   7 1 3 4 5 6 2   4.0
1   5   21 4 -4 4 21 21 4   7 1 3 4 5 6 2   4.0
1   5   21 4 21 -4 4 21 4   7 1 3 4 5 6 2   4.0
1   5   21 4 21 21 -4 4 4   7 1 3 4 5 6 2   4.0
1   5   21 5 -5 5 21 21 5   7 1 3 4 5 6 2   4.0
1   5   21 5 21 -5 5 21 5   7 1 3 4 5 6 2   4.0
1   5   21 5 21 21 -5 5 5   7 1 3 4 5 6 2   4.0
1   5   21 21 -1 1 -1 1 21   6 2 7 1 3 4 5   4.0
1   5   21 21 -2 2 -2 2 21   6 2 7 1 3 4 5   4.0
1   5   21 21 -3 3 -3 3 21   6 2 7 1 3 4 5   4.0
1   5   21 21 -4 4 -4 4 21   6 2 7 1 3 4 5   4.0
1   5   21 21 -5 5 -5 5 21   6 2 7 1 3 4 5   4.0



6   666   1   1 3 4 5 6 7 2
1   6   21 21 21 21 21 21 21   1 3 4 5 6 7 2   120.0
1   6   -1 1 21 21 21 21 21   1 3 4 5 6 7 2   120.0
1   6   -2 2 21 21 21 21 21   1 3 4 5 6 7 2   120.0
1   6   -3 3 21 21 21 21 21   1 3 4 5 6 7 2   120.0
1   6   -4 4 21 21 21 21 21   1 3 4 5 6 7 2   120.0
1   6   -5 5 21 21 21 21 21   1 3 4 5 6 7 2   120.0
1   6   1 21 1 21 21 21 21   3 4 5 6 7 2 1   24.0
1   6   2 21 2 21 21 21 21   3 4 5 6 7 2 1   24.0
1   6   3 21 3 21 21 21 21   3 4 5 6 7 2 1   24.0
1   6   4 21 4 21 21 21 21   3 4 5 6 7 2 1   24.0
1   6   5 21 5 21 21 21 21   3 4 5 6 7 2 1   24.0
1   6   21 -1 21 21 21 21 -1   2 1 3 4 5 6 7   24.0
1   6   21 -2 21 21 21 21 -2   2 1 3 4 5 6 7   24.0
1   6   21 -3 21 21 21 21 -3   2 1 3 4 5 6 7   24.0
1   6   21 -4 21 21 21 21 -4   2 1 3 4 5 6 7   24.0
1   6   21 -5 21 21 21 21 -5   2 1 3 4 5 6 7   24.0
1   6   21 21 -1 1 21 21 21   4 5 6 7 2 1 3   6.0
1   6   21 21 -2 2 21 21 21   4 5 6 7 2 1 3   6.0
1   6   21 21 -3 3 21 21 21   4 5 6 7 2 1 3   6.0
1   6   21 21 -4 4 21 21 21   4 5 6 7 2 1 3   6.0
1   6   21 21 -5 5 21 21 21   4 5 6 7 2 1 3   6.0
1   6   21 21 21 -1 1 21 21   5 6 7 2 1 3 4   6.0
1   6   21 21 21 -2 2 21 21   5 6 7 2 1 3 4   6.0
1   6   21 21 21 -3 3 21 21   5 6 7 2 1 3 4   6.0
1   6   21 21 21 -4 4 21 21   5 6 7 2 1 3 4   6.0
1   6   21 21 21 -5 5 21 21   5 6 7 2 1 3 4   6.0
1   6   21 21 21 21 -1 1 21   6 7 2 1 3 4 5   6.0
1   6   21 21 21 21 -2 2 21   6 7 2 1 3 4 5   6.0
1   6   21 21 21 21 -3 3 21   6 7 2 1 3 4 5   6.0
1   6   21 21 21 21 -4 4 21   6 7 2 1 3 4 5   6.0
1   6   21 21 21 21 -5 5 21   6 7 2 1 3 4 5   6.0
1   6   21 21 21 21 21 -1 1   7 2 1 3 4 5 6   6.0
1   6   21 21 21 21 21 -2 2   7 2 1 3 4 5 6   6.0
1   6   21 21 21 21 21 -3 3   7 2 1 3 4 5 6   6.0
1   6   21 21 21 21 21 -4 4   7 2 1 3 4 5 6   6.0
1   6   21 21 21 21 21 -5 5   7 2 1 3 4 5 6   6.0
1   6   -1 1 -2 2 21 21 21   1 3 4 5 6 7 2   6.0
1   6   -1 1 -3 3 21 21 21   1 3 4 5 6 7 2   6.0
1   6   -1 1 -4 4 21 21 21   1 3 4 5 6 7 2   6.0
1   6   -1 1 -5 5 21 21 21   1 3 4 5 6 7 2   6.0
1   6   -1 1 21 -2 2 21 21   1 3 4 5 6 7 2   6.0
1   6   -1 1 21 -3 3 21 21   1 3 4 5 6 7 2   6.0
1   6   -1 1 21 -4 4 21 21   1 3 4 5 6 7 2   6.0
1   6   -1 1 21 -5 5 21 21   1 3 4 5 6 7 2   6.0
1   6   -1 1 21 21 -2 2 21   1 3 4 5 6 7 2   6.0
1   6   -1 1 21 21 -3 3 21   1 3 4 5 6 7 2   6.0
1   6   -1 1 21 21 -4 4 21   1 3 4 5 6 7 2   6.0
1   6   -1 1 21 21 -5 5 21   1 3 4 5 6 7 2   6.0
1   6   -1 1 21 21 21 -2 2   1 3 4 5 6 7 2   6.0
1   6   -1 1 21 21 21 -3 3   1 3 4 5 6 7 2   6.0
1   6   -1 1 21 21 21 -4 4   1 3 4 5 6 7 2   6.0
1   6   -1 1 21 21 21 -5 5   1 3 4 5 6 7 2   6.0
1   6   -1 2 -1 2 21 21 21   1 3 4 5 6 7 2   6.0
1   6   -1 2 21 -1 2 21 21   1 3 4 5 6 7 2   6.0
1   6   -1 2 21 21 -1 2 21   1 3 4 5 6 7 2   6.0
1   6   -1 2 21 21 21 -1 2   1 3 4 5 6 7 2   6.0
1   6   -1 3 -1 3 21 21 21   1 3 4 5 6 7 2   6.0
1   6   -1 3 21 -1 3 21 21   1 3 4 5 6 7 2   6.0
1   6   -1 3 21 21 -1 3 21   1 3 4 5 6 7 2   6.0
1   6   -1 3 21 21 21 -1 3   1 3 4 5 6 7 2   6.0
1   6   -1 4 -1 4 21 21 21   1 3 4 5 6 7 2   6.0
1   6   -1 4 21 -1 4 21 21   1 3 4 5 6 7 2   6.0
1   6   -1 4 21 21 -1 4 21   1 3 4 5 6 7 2   6.0
1   6   -1 4 21 21 21 -1 4   1 3 4 5 6 7 2   6.0
1   6   -1 5 -1 5 21 21 21   1 3 4 5 6 7 2   6.0
1   6   -1 5 21 -1 5 21 21   1 3 4 5 6 7 2   6.0
1   6   -1 5 21 21 -1 5 21   1 3 4 5 6 7 2   6.0
1   6   -1 5 21 21 21 -1 5   1 3 4 5 6 7 2   6.0
1   6   -2 1 -2 1 21 21 21   1 3 4 5 6 7 2   6.0
1   6   -2 1 21 -2 1 21 21   1 3 4 5 6 7 2   6.0
1   6   -2 1 21 21 -2 1 21   1 3 4 5 6 7 2   6.0
1   6   -2 1 21 21 21 -2 1   1 3 4 5 6 7 2   6.0
1   6   -2 2 -1 1 21 21 21   1 3 4 5 6 7 2   6.0
1   6   -2 2 -3 3 21 21 21   1 3 4 5 6 7 2   6.0
1   6   -2 2 -4 4 21 21 21   1 3 4 5 6 7 2   6.0
1   6   -2 2 -5 5 21 21 21   1 3 4 5 6 7 2   6.0
1   6   -2 2 21 -1 1 21 21   1 3 4 5 6 7 2   6.0
1   6   -2 2 21 -3 3 21 21   1 3 4 5 6 7 2   6.0
1   6   -2 2 21 -4 4 21 21   1 3 4 5 6 7 2   6.0
1   6   -2 2 21 -5 5 21 21   1 3 4 5 6 7 2   6.0
1   6   -2 2 21 21 -1 1 21   1 3 4 5 6 7 2   6.0
1   6   -2 2 21 21 -3 3 21   1 3 4 5 6 7 2   6.0
1   6   -2 2 21 21 -4 4 21   1 3 4 5 6 7 2   6.0
1   6   -2 2 21 21 -5 5 21   1 3 4 5 6 7 2   6.0
1   6   -2 2 21 21 21 -1 1   1 3 4 5 6 7 2   6.0
1   6   -2 2 21 21 21 -3 3   1 3 4 5 6 7 2   6.0
1   6   -2 2 21 21 21 -4 4   1 3 4 5 6 7 2   6.0
1   6   -2 2 21 21 21 -5 5   1 3 4 5 6 7 2   6.0
1   6   -2 3 -2 3 21 21 21   1 3 4 5 6 7 2   6.0
1   6   -2 3 21 -2 3 21 21   1 3 4 5 6 7 2   6.0
1   6   -2 3 21 21 -2 3 21   1 3 4 5 6 7 2   6.0
1   6   -2 3 21 21 21 -2 3   1 3 4 5 6 7 2   6.0
1   6   -2 4 -2 4 21 21 21   1 3 4 5 6 7 2   6.0
1   6   -2 4 21 -2 4 21 21   1 3 4 5 6 7 2   6.0
1   6   -2 4 21 21 -2 4 21   1 3 4 5 6 7 2   6.0
1   6   -2 4 21 21 21 -2 4   1 3 4 5 6 7 2   6.0
1   6   -2 5 -2 5 21 21 21   1 3 4 5 6 7 2   6.0
1   6   -2 5 21 -2 5 21 21   1 3 4 5 6 7 2   6.0
1   6   -2 5 21 21 -2 5 21   1 3 4 5 6 7 2   6.0
1   6   -2 5 21 21 21 -2 5   1 3 4 5 6 7 2   6.0
1   6   -3 1 -3 1 21 21 21   1 3 4 5 6 7 2   6.0
1   6   -3 1 21 -3 1 21 21   1 3 4 5 6 7 2   6.0
1   6   -3 1 21 21 -3 1 21   1 3 4 5 6 7 2   6.0
1   6   -3 1 21 21 21 -3 1   1 3 4 5 6 7 2   6.0
1   6   -3 2 -3 2 21 21 21   1 3 4 5 6 7 2   6.0
1   6   -3 2 21 -3 2 21 21   1 3 4 5 6 7 2   6.0
1   6   -3 2 21 21 -3 2 21   1 3 4 5 6 7 2   6.0
1   6   -3 2 21 21 21 -3 2   1 3 4 5 6 7 2   6.0
1   6   -3 3 -1 1 21 21 21   1 3 4 5 6 7 2   6.0
1   6   -3 3 -2 2 21 21 21   1 3 4 5 6 7 2   6.0
1   6   -3 3 -4 4 21 21 21   1 3 4 5 6 7 2   6.0
1   6   -3 3 -5 5 21 21 21   1 3 4 5 6 7 2   6.0
1   6   -3 3 21 -1 1 21 21   1 3 4 5 6 7 2   6.0
1   6   -3 3 21 -2 2 21 21   1 3 4 5 6 7 2   6.0
1   6   -3 3 21 -4 4 21 21   1 3 4 5 6 7 2   6.0
1   6   -3 3 21 -5 5 21 21   1 3 4 5 6 7 2   6.0
1   6   -3 3 21 21 -1 1 21   1 3 4 5 6 7 2   6.0
1   6   -3 3 21 21 -2 2 21   1 3 4 5 6 7 2   6.0
1   6   -3 3 21 21 -4 4 21   1 3 4 5 6 7 2   6.0
1   6   -3 3 21 21 -5 5 21   1 3 4 5 6 7 2   6.0
1   6   -3 3 21 21 21 -1 1   1 3 4 5 6 7 2   6.0
1   6   -3 3 21 21 21 -2 2   1 3 4 5 6 7 2   6.0
1   6   -3 3 21 21 21 -4 4   1 3 4 5 6 7 2   6.0
1   6   -3 3 21 21 21 -5 5   1 3 4 5 6 7 2   6.0
1   6   -3 4 -3 4 21 21 21   1 3 4 5 6 7 2   6.0
1   6   -3 4 21 -3 4 21 21   1 3 4 5 6 7 2   6.0
1   6   -3 4 21 21 -3 4 21   1 3 4 5 6 7 2   6.0
1   6   -3 4 21 21 21 -3 4   1 3 4 5 6 7 2   6.0
1   6   -3 5 -3 5 21 21 21   1 3 4 5 6 7 2   6.0
1   6   -3 5 21 -3 5 21 21   1 3 4 5 6 7 2   6.0
1   6   -3 5 21 21 -3 5 21   1 3 4 5 6 7 2   6.0
1   6   -3 5 21 21 21 -3 5   1 3 4 5 6 7 2   6.0
1   6   -4 1 -4 1 21 21 21   1 3 4 5 6 7 2   6.0
1   6   -4 1 21 -4 1 21 21   1 3 4 5 6 7 2   6.0
1   6   -4 1 21 21 -4 1 21   1 3 4 5 6 7 2   6.0
1   6   -4 1 21 21 21 -4 1   1 3 4 5 6 7 2   6.0
1   6   -4 2 -4 2 21 21 21   1 3 4 5 6 7 2   6.0
1   6   -4 2 21 -4 2 21 21   1 3 4 5 6 7 2   6.0
1   6   -4 2 21 21 -4 2 21   1 3 4 5 6 7 2   6.0
1   6   -4 2 21 21 21 -4 2   1 3 4 5 6 7 2   6.0
1   6   -4 3 -4 3 21 21 21   1 3 4 5 6 7 2   6.0
1   6   -4 3 21 -4 3 21 21   1 3 4 5 6 7 2   6.0
1   6   -4 3 21 21 -4 3 21   1 3 4 5 6 7 2   6.0
1   6   -4 3 21 21 21 -4 3   1 3 4 5 6 7 2   6.0
1   6   -4 4 -1 1 21 21 21   1 3 4 5 6 7 2   6.0
1   6   -4 4 -2 2 21 21 21   1 3 4 5 6 7 2   6.0
1   6   -4 4 -3 3 21 21 21   1 3 4 5 6 7 2   6.0
1   6   -4 4 -5 5 21 21 21   1 3 4 5 6 7 2   6.0
1   6   -4 4 21 -1 1 21 21   1 3 4 5 6 7 2   6.0
1   6   -4 4 21 -2 2 21 21   1 3 4 5 6 7 2   6.0
1   6   -4 4 21 -3 3 21 21   1 3 4 5 6 7 2   6.0
1   6   -4 4 21 -5 5 21 21   1 3 4 5 6 7 2   6.0
1   6   -4 4 21 21 -1 1 21   1 3 4 5 6 7 2   6.0
1   6   -4 4 21 21 -2 2 21   1 3 4 5 6 7 2   6.0
1   6   -4 4 21 21 -3 3 21   1 3 4 5 6 7 2   6.0
1   6   -4 4 21 21 -5 5 21   1 3 4 5 6 7 2   6.0
1   6   -4 4 21 21 21 -1 1   1 3 4 5 6 7 2   6.0
1   6   -4 4 21 21 21 -2 2   1 3 4 5 6 7 2   6.0
1   6   -4 4 21 21 21 -3 3   1 3 4 5 6 7 2   6.0
1   6   -4 4 21 21 21 -5 5   1 3 4 5 6 7 2   6.0
1   6   -4 5 -4 5 21 21 21   1 3 4 5 6 7 2   6.0
1   6   -4 5 21 -4 5 21 21   1 3 4 5 6 7 2   6.0
1   6   -4 5 21 21 -4 5 21   1 3 4 5 6 7 2   6.0
1   6   -4 5 21 21 21 -4 5   1 3 4 5 6 7 2   6.0
1   6   -5 1 -5 1 21 21 21   1 3 4 5 6 7 2   6.0
1   6   -5 1 21 -5 1 21 21   1 3 4 5 6 7 2   6.0
1   6   -5 1 21 21 -5 1 21   1 3 4 5 6 7 2   6.0
1   6   -5 1 21 21 21 -5 1   1 3 4 5 6 7 2   6.0
1   6   -5 2 -5 2 21 21 21   1 3 4 5 6 7 2   6.0
1   6   -5 2 21 -5 2 21 21   1 3 4 5 6 7 2   6.0
1   6   -5 2 21 21 -5 2 21   1 3 4 5 6 7 2   6.0
1   6   -5 2 21 21 21 -5 2   1 3 4 5 6 7 2   6.0
1   6   -5 3 -5 3 21 21 21   1 3 4 5 6 7 2   6.0
1   6   -5 3 21 -5 3 21 21   1 3 4 5 6 7 2   6.0
1   6   -5 3 21 21 -5 3 21   1 3 4 5 6 7 2   6.0
1   6   -5 3 21 21 21 -5 3   1 3 4 5 6 7 2   6.0
1   6   -5 4 -5 4 21 21 21   1 3 4 5 6 7 2   6.0
1   6   -5 4 21 -5 4 21 21   1 3 4 5 6 7 2   6.0
1   6   -5 4 21 21 -5 4 21   1 3 4 5 6 7 2   6.0
1   6   -5 4 21 21 21 -5 4   1 3 4 5 6 7 2   6.0
1   6   -5 5 -1 1 21 21 21   1 3 4 5 6 7 2   6.0
1   6   -5 5 -2 2 21 21 21   1 3 4 5 6 7 2   6.0
1   6   -5 5 -3 3 21 21 21   1 3 4 5 6 7 2   6.0
1   6   -5 5 -4 4 21 21 21   1 3 4 5 6 7 2   6.0
1   6   -5 5 21 -1 1 21 21   1 3 4 5 6 7 2   6.0
1   6   -5 5 21 -2 2 21 21   1 3 4 5 6 7 2   6.0
1   6   -5 5 21 -3 3 21 21   1 3 4 5 6 7 2   6.0
1   6   -5 5 21 -4 4 21 21   1 3 4 5 6 7 2   6.0
1   6   -5 5 21 21 -1 1 21   1 3 4 5 6 7 2   6.0
1   6   -5 5 21 21 -2 2 21   1 3 4 5 6 7 2   6.0
1   6   -5 5 21 21 -3 3 21   1 3 4 5 6 7 2   6.0
1   6   -5 5 21 21 -4 4 21   1 3 4 5 6 7 2   6.0
1   6   -5 5 21 21 21 -1 1   1 3 4 5 6 7 2   6.0
1   6   -5 5 21 21 21 -2 2   1 3 4 5 6 7 2   6.0
1   6   -5 5 21 21 21 -3 3   1 3 4 5 6 7 2   6.0
1   6   -5 5 21 21 21 -4 4   1 3 4 5 6 7 2   6.0
1   6   1 -1 2 21 21 21 -2   2 1 3 4 5 6 7   6.0
1   6   1 -1 3 21 21 21 -3   2 1 3 4 5 6 7   6.0
1   6   1 -1 4 21 21 21 -4   2 1 3 4 5 6 7   6.0
1   6   1 -1 5 21 21 21 -5   2 1 3 4 5 6 7   6.0
1   6   1 -2 1 21 21 21 -2   2 1 3 4 5 6 7   6.0
1   6   1 -3 1 21 21 21 -3   2 1 3 4 5 6 7   6.0
1   6   1 -4 1 21 21 21 -4   2 1 3 4 5 6 7   6.0
1   6   1 -5 1 21 21 21 -5   2 1 3 4 5 6 7   6.0
1   6   1 21 1 -2 2 21 21   5 6 7 2 1 3 4   2.0
1   6   1 21 1 -3 3 21 21   5 6 7 2 1 3 4   2.0
1   6   1 21 1 -4 4 21 21   5 6 7 2 1 3 4   2.0
1   6   1 21 1 -5 5 21 21   5 6 7 2 1 3 4   2.0
1   6   1 21 1 21 -2 2 21   6 7 2 1 3 4 5   2.0
1   6   1 21 1 21 -3 3 21   6 7 2 1 3 4 5   2.0
1   6   1 21 1 21 -4 4 21   6 7 2 1 3 4 5   2.0
1   6   1 21 1 21 -5 5 21   6 7 2 1 3 4 5   2.0
1   6   1 21 1 21 21 -2 2   7 2 1 3 4 5 6   2.0
1   6   1 21 1 21 21 -3 3   7 2 1 3 4 5 6   2.0
1   6   1 21 1 21 21 -4 4   7 2 1 3 4 5 6   2.0
1   6   1 21 1 21 21 -5 5   7 2 1 3 4 5 6   2.0
1   6   1 21 2 -2 1 21 21   5 6 7 2 1 3 4   2.0
1   6   1 21 2 21 -2 1 21   6 7 2 1 3 4 5   2.0
1   6   1 21 2 21 21 -2 1   7 2 1 3 4 5 6   2.0
1   6   1 21 3 -3 1 21 21   5 6 7 2 1 3 4   2.0
1   6   1 21 3 21 -3 1 21   6 7 2 1 3 4 5   2.0
1   6   1 21 3 21 21 -3 1   7 2 1 3 4 5 6   2.0
1   6   1 21 4 -4 1 21 21   5 6 7 2 1 3 4   2.0
1   6   1 21 4 21 -4 1 21   6 7 2 1 3 4 5   2.0
1   6   1 21 4 21 21 -4 1   7 2 1 3 4 5 6   2.0
1   6   1 21 5 -5 1 21 21   5 6 7 2 1 3 4   2.0
1   6   1 21 5 21 -5 1 21   6 7 2 1 3 4 5   2.0
1   6   1 21 5 21 21 -5 1   7 2 1 3 4 5 6   2.0
1   6   2 -1 2 21 21 21 -1   2 1 3 4 5 6 7   6.0
1   6   2 -2 1 21 21 21 -1   2 1 3 4 5 6 7   6.0
1   6   2 -2 3 21 21 21 -3   2 1 3 4 5 6 7   6.0
1   6   2 -2 4 21 21 21 -4   2 1 3 4 5 6 7   6.0
1   6   2 -2 5 21 21 21 -5   2 1 3 4 5 6 7   6.0
1   6   2 -3 2 21 21 21 -3   2 1 3 4 5 6 7   6.0
1   6   2 -4 2 21 21 21 -4   2 1 3 4 5 6 7   6.0
1   6   2 -5 2 21 21 21 -5   2 1 3 4 5 6 7   6.0
1   6   2 21 1 -1 2 21 21   5 6 7 2 1 3 4   2.0
1   6   2 21 1 21 -1 2 21   6 7 2 1 3 4 5   2.0
1   6   2 21 1 21 21 -1 2   7 2 1 3 4 5 6   2.0
1   6   2 21 2 -1 1 21 21   5 6 7 2 1 3 4   2.0
1   6   2 21 2 -3 3 21 21   5 6 7 2 1 3 4   2.0
1   6   2 21 2 -4 4 21 21   5 6 7 2 1 3 4   2.0
1   6   2 21 2 -5 5 21 21   5 6 7 2 1 3 4   2.0
1   6   2 21 2 21 -1 1 21   6 7 2 1 3 4 5   2.0
1   6   2 21 2 21 -3 3 21   6 7 2 1 3 4 5   2.0
1   6   2 21 2 21 -4 4 21   6 7 2 1 3 4 5   2.0
1   6   2 21 2 21 -5 5 21   6 7 2 1 3 4 5   2.0
1   6   2 21 2 21 21 -1 1   7 2 1 3 4 5 6   2.0
1   6   2 21 2 21 21 -3 3   7 2 1 3 4 5 6   2.0
1   6   2 21 2 21 21 -4 4   7 2 1 3 4 5 6   2.0
1   6   2 21 2 21 21 -5 5   7 2 1 3 4 5 6   2.0
1   6   2 21 3 -3 2 21 21   5 6 7 2 1 3 4   2.0
1   6   2 21 3 21 -3 2 21   6 7 2 1 3 4 5   2.0
1   6   2 21 3 21 21 -3 2   7 2 1 3 4 5 6   2.0
1   6   2 21 4 -4 2 21 21   5 6 7 2 1 3 4   2.0
1   6   2 21 4 21 -4 2 21   6 7 2 1 3 4 5   2.0
1   6   2 21 4 21 21 -4 2   7 2 1 3 4 5 6   2.0
1   6   2 21 5 -5 2 21 21   5 6 7 2 1 3 4   2.0
1   6   2 21 5 21 -5 2 21   6 7 2 1 3 4 5   2.0
1   6   2 21 5 21 21 -5 2   7 2 1 3 4 5 6   2.0
1   6   3 -1 3 21 21 21 -1   2 1 3 4 5 6 7   6.0
1   6   3 -2 3 21 21 21 -2   2 1 3 4 5 6 7   6.0
1   6   3 -3 1 21 21 21 -1   2 1 3 4 5 6 7   6.0
1   6   3 -3 2 21 21 21 -2   2 1 3 4 5 6 7   6.0
1   6   3 -3 4 21 21 21 -4   2 1 3 4 5 6 7   6.0
1   6   3 -3 5 21 21 21 -5   2 1 3 4 5 6 7   6.0
1   6   3 -4 3 21 21 21 -4   2 1 3 4 5 6 7   6.0
1   6   3 -5 3 21 21 21 -5   2 1 3 4 5 6 7   6.0
1   6   3 21 1 -1 3 21 21   5 6 7 2 1 3 4   2.0
1   6   3 21 1 21 -1 3 21   6 7 2 1 3 4 5   2.0
1   6   3 21 1 21 21 -1 3   7 2 1 3 4 5 6   2.0
1   6   3 21 2 -2 3 21 21   5 6 7 2 1 3 4   2.0
1   6   3 21 2 21 -2 3 21   6 7 2 1 3 4 5   2.0
1   6   3 21 2 21 21 -2 3   7 2 1 3 4 5 6   2.0
1   6   3 21 3 -1 1 21 21   5 6 7 2 1 3 4   2.0
1   6   3 21 3 -2 2 21 21   5 6 7 2 1 3 4   2.0
1   6   3 21 3 -4 4 21 21   5 6 7 2 1 3 4   2.0
1   6   3 21 3 -5 5 21 21   5 6 7 2 1 3 4   2.0
1   6   3 21 3 21 -1 1 21   6 7 2 1 3 4 5   2.0
1   6   3 21 3 21 -2 2 21   6 7 2 1 3 4 5   2.0
1   6   3 21 3 21 -4 4 21   6 7 2 1 3 4 5   2.0
1   6   3 21 3 21 -5 5 21   6 7 2 1 3 4 5   2.0
1   6   3 21 3 21 21 -1 1   7 2 1 3 4 5 6   2.0
1   6   3 21 3 21 21 -2 2   7 2 1 3 4 5 6   2.0
1   6   3 21 3 21 21 -4 4   7 2 1 3 4 5 6   2.0
1   6   3 21 3 21 21 -5 5   7 2 1 3 4 5 6   2.0
1   6   3 21 4 -4 3 21 21   5 6 7 2 1 3 4   2.0
1   6   3 21 4 21 -4 3 21   6 7 2 1 3 4 5   2.0
1   6   3 21 4 21 21 -4 3   7 2 1 3 4 5 6   2.0
1   6   3 21 5 -5 3 21 21   5 6 7 2 1 3 4   2.0
1   6   3 21 5 21 -5 3 21   6 7 2 1 3 4 5   2.0
1   6   3 21 5 21 21 -5 3   7 2 1 3 4 5 6   2.0
1   6   4 -1 4 21 21 21 -1   2 1 3 4 5 6 7   6.0
1   6   4 -2 4 21 21 21 -2   2 1 3 4 5 6 7   6.0
1   6   4 -3 4 21 21 21 -3   2 1 3 4 5 6 7   6.0
1   6   4 -4 1 21 21 21 -1   2 1 3 4 5 6 7   6.0
1   6   4 -4 2 21 21 21 -2   2 1 3 4 5 6 7   6.0
1   6   4 -4 3 21 21 21 -3   2 1 3 4 5 6 7   6.0
1   6   4 -4 5 21 21 21 -5   2 1 3 4 5 6 7   6.0
1   6   4 -5 4 21 21 21 -5   2 1 3 4 5 6 7   6.0
1   6   4 21 1 -1 4 21 21   5 6 7 2 1 3 4   2.0
1   6   4 21 1 21 -1 4 21   6 7 2 1 3 4 5   2.0
1   6   4 21 1 21 21 -1 4   7 2 1 3 4 5 6   2.0
1   6   4 21 2 -2 4 21 21   5 6 7 2 1 3 4   2.0
1   6   4 21 2 21 -2 4 21   6 7 2 1 3 4 5   2.0
1   6   4 21 2 21 21 -2 4   7 2 1 3 4 5 6   2.0
1   6   4 21 3 -3 4 21 21   5 6 7 2 1 3 4   2.0
1   6   4 21 3 21 -3 4 21   6 7 2 1 3 4 5   2.0
1   6   4 21 3 21 21 -3 4   7 2 1 3 4 5 6   2.0
1   6   4 21 4 -1 1 21 21   5 6 7 2 1 3 4   2.0
1   6   4 21 4 -2 2 21 21   5 6 7 2 1 3 4   2.0
1   6   4 21 4 -3 3 21 21   5 6 7 2 1 3 4   2.0
1   6   4 21 4 -5 5 21 21   5 6 7 2 1 3 4   2.0
1   6   4 21 4 21 -1 1 21   6 7 2 1 3 4 5   2.0
1   6   4 21 4 21 -2 2 21   6 7 2 1 3 4 5   2.0
1   6   4 21 4 21 -3 3 21   6 7 2 1 3 4 5   2.0
1   6   4 21 4 21 -5 5 21   6 7 2 1 3 4 5   2.0
1   6   4 21 4 21 21 -1 1   7 2 1 3 4 5 6   2.0
1   6   4 21 4 21 21 -2 2   7 2 1 3 4 5 6   2.0
1   6   4 21 4 21 21 -3 3   7 2 1 3 4 5 6   2.0
1   6   4 21 4 21 21 -5 5   7 2 1 3 4 5 6   2.0
1   6   4 21 5 -5 4 21 21   5 6 7 2 1 3 4   2.0
1   6   4 21 5 21 -5 4 21   6 7 2 1 3 4 5   2.0
1   6   4 21 5 21 21 -5 4   7 2 1 3 4 5 6   2.0
1   6   5 -1 5 21 21 21 -1   2 1 3 4 5 6 7   6.0
1   6   5 -2 5 21 21 21 -2   2 1 3 4 5 6 7   6.0
1   6   5 -3 5 21 21 21 -3   2 1 3 4 5 6 7   6.0
1   6   5 -4 5 21 21 21 -4   2 1 3 4 5 6 7   6.0
1   6   5 -5 1 21 21 21 -1   2 1 3 4 5 6 7   6.0
1   6   5 -5 2 21 21 21 -2   2 1 3 4 5 6 7   6.0
1   6   5 -5 3 21 21 21 -3   2 1 3 4 5 6 7   6.0
1   6   5 -5 4 21 21 21 -4   2 1 3 4 5 6 7   6.0
1   6   5 21 1 -1 5 21 21   5 6 7 2 1 3 4   2.0
1   6   5 21 1 21 -1 5 21   6 7 2 1 3 4 5   2.0
1   6   5 21 1 21 21 -1 5   7 2 1 3 4 5 6   2.0
1   6   5 21 2 -2 5 21 21   5 6 7 2 1 3 4   2.0
1   6   5 21 2 21 -2 5 21   6 7 2 1 3 4 5   2.0
1   6   5 21 2 21 21 -2 5   7 2 1 3 4 5 6   2.0
1   6   5 21 3 -3 5 21 21   5 6 7 2 1 3 4   2.0
1   6   5 21 3 21 -3 5 21   6 7 2 1 3 4 5   2.0
1   6   5 21 3 21 21 -3 5   7 2 1 3 4 5 6   2.0
1   6   5 21 4 -4 5 21 21   5 6 7 2 1 3 4   2.0
1   6   5 21 4 21 -4 5 21   6 7 2 1 3 4 5   2.0
1   6   5 21 4 21 21 -4 5   7 2 1 3 4 5 6   2.0
1   6   5 21 5 -1 1 21 21   5 6 7 2 1 3 4   2.0
1   6   5 21 5 -2 2 21 21   5 6 7 2 1 3 4   2.0
1   6   5 21 5 -3 3 21 21   5 6 7 2 1 3 4   2.0
1   6   5 21 5 -4 4 21 21   5 6 7 2 1 3 4   2.0
1   6   5 21 5 21 -1 1 21   6 7 2 1 3 4 5   2.0
1   6   5 21 5 21 -2 2 21   6 7 2 1 3 4 5   2.0
1   6   5 21 5 21 -3 3 21   6 7 2 1 3 4 5   2.0
1   6   5 21 5 21 -4 4 21   6 7 2 1 3 4 5   2.0
1   6   5 21 5 21 21 -1 1   7 2 1 3 4 5 6   2.0
1   6   5 21 5 21 21 -2 2   7 2 1 3 4 5 6   2.0
1   6   5 21 5 21 21 -3 3   7 2 1 3 4 5 6   2.0
1   6   5 21 5 21 21 -4 4   7 2 1 3 4 5 6   2.0
1   6   21 -1 -1 2 21 21 -2   2 1 3 4 5 6 7   2.0
1   6   21 -1 -1 3 21 21 -3   2 1 3 4 5 6 7   2.0
1   6   21 -1 -1 4 21 21 -4   2 1 3 4 5 6 7   2.0
1   6   21 -1 -1 5 21 21 -5   2 1 3 4 5 6 7   2.0
1   6   21 -1 -2 2 21 21 -1   2 1 3 4 5 6 7   2.0
1   6   21 -1 -3 3 21 21 -1   2 1 3 4 5 6 7   2.0
1   6   21 -1 -4 4 21 21 -1   2 1 3 4 5 6 7   2.0
1   6   21 -1 -5 5 21 21 -1   2 1 3 4 5 6 7   2.0
1   6   21 -1 21 -1 2 21 -2   2 1 3 4 5 6 7   2.0
1   6   21 -1 21 -1 3 21 -3   2 1 3 4 5 6 7   2.0
1   6   21 -1 21 -1 4 21 -4   2 1 3 4 5 6 7   2.0
1   6   21 -1 21 -1 5 21 -5   2 1 3 4 5 6 7   2.0
1   6   21 -1 21 -2 2 21 -1   2 1 3 4 5 6 7   2.0
1   6   21 -1 21 -3 3 21 -1   2 1 3 4 5 6 7   2.0
1   6   21 -1 21 -4 4 21 -1   2 1 3 4 5 6 7   2.0
1   6   21 -1 21 -5 5 21 -1   2 1 3 4 5 6 7   2.0
1   6   21 -1 21 21 -1 2 -2   2 1 3 4 5 6 7   2.0
1   6   21 -1 21 21 -1 3 -3   2 1 3 4 5 6 7   2.0
1   6   21 -1 21 21 -1 4 -4   2 1 3 4 5 6 7   2.0
1   6   21 -1 21 21 -1 5 -5   2 1 3 4 5 6 7   2.0
1   6   21 -1 21 21 -2 2 -1   2 1 3 4 5 6 7   2.0
1   6   21 -1 21 21 -3 3 -1   2 1 3 4 5 6 7   2.0
1   6   21 -1 21 21 -4 4 -1   2 1 3 4 5 6 7   2.0
1   6   21 -1 21 21 -5 5 -1   2 1 3 4 5 6 7   2.0
1   6   21 -2 -1 1 21 21 -2   2 1 3 4 5 6 7   2.0
1   6   21 -2 -2 1 21 21 -1   2 1 3 4 5 6 7   2.0
1   6   21 -2 -2 3 21 21 -3   2 1 3 4 5 6 7   2.0
1   6   21 -2 -2 4 21 21 -4   2 1 3 4 5 6 7   2.0
1   6   21 -2 -2 5 21 21 -5   2 1 3 4 5 6 7   2.0
1   6   21 -2 -3 3 21 21 -2   2 1 3 4 5 6 7   2.0
1   6   21 -2 -4 4 21 21 -2   2 1 3 4 5 6 7   2.0
1   6   21 -2 -5 5 21 21 -2   2 1 3 4 5 6 7   2.0
1   6   21 -2 21 -1 1 21 -2   2 1 3 4 5 6 7   2.0
1   6   21 -2 21 -2 1 21 -1   2 1 3 4 5 6 7   2.0
1   6   21 -2 21 -2 3 21 -3   2 1 3 4 5 6 7   2.0
1   6   21 -2 21 -2 4 21 -4   2 1 3 4 5 6 7   2.0
1   6   21 -2 21 -2 5 21 -5   2 1 3 4 5 6 7   2.0
1   6   21 -2 21 -3 3 21 -2   2 1 3 4 5 6 7   2.0
1   6   21 -2 21 -4 4 21 -2   2 1 3 4 5 6 7   2.0
1   6   21 -2 21 -5 5 21 -2   2 1 3 4 5 6 7   2.0
1   6   21 -2 21 21 -1 1 -2   2 1 3 4 5 6 7   2.0
1   6   21 -2 21 21 -2 1 -1   2 1 3 4 5 6 7   2.0
1   6   21 -2 21 21 -2 3 -3   2 1 3 4 5 6 7   2.0
1   6   21 -2 21 21 -2 4 -4   2 1 3 4 5 6 7   2.0
1   6   21 -2 21 21 -2 5 -5   2 1 3 4 5 6 7   2.0
1   6   21 -2 21 21 -3 3 -2   2 1 3 4 5 6 7   2.0
1   6   21 -2 21 21 -4 4 -2   2 1 3 4 5 6 7   2.0
1   6   21 -2 21 21 -5 5 -2   2 1 3 4 5 6 7   2.0
1   6   21 -3 -1 1 21 21 -3   2 1 3 4 5 6 7   2.0
1   6   21 -3 -2 2 21 21 -3   2 1 3 4 5 6 7   2.0
1   6   21 -3 -3 1 21 21 -1   2 1 3 4 5 6 7   2.0
1   6   21 -3 -3 2 21 21 -2   2 1 3 4 5 6 7   2.0
1   6   21 -3 -3 4 21 21 -4   2 1 3 4 5 6 7   2.0
1   6   21 -3 -3 5 21 21 -5   2 1 3 4 5 6 7   2.0
1   6   21 -3 -4 4 21 21 -3   2 1 3 4 5 6 7   2.0
1   6   21 -3 -5 5 21 21 -3   2 1 3 4 5 6 7   2.0
1   6   21 -3 21 -1 1 21 -3   2 1 3 4 5 6 7   2.0
1   6   21 -3 21 -2 2 21 -3   2 1 3 4 5 6 7   2.0
1   6   21 -3 21 -3 1 21 -1   2 1 3 4 5 6 7   2.0
1   6   21 -3 21 -3 2 21 -2   2 1 3 4 5 6 7   2.0
1   6   21 -3 21 -3 4 21 -4   2 1 3 4 5 6 7   2.0
1   6   21 -3 21 -3 5 21 -5   2 1 3 4 5 6 7   2.0
1   6   21 -3 21 -4 4 21 -3   2 1 3 4 5 6 7   2.0
1   6   21 -3 21 -5 5 21 -3   2 1 3 4 5 6 7   2.0
1   6   21 -3 21 21 -1 1 -3   2 1 3 4 5 6 7   2.0
1   6   21 -3 21 21 -2 2 -3   2 1 3 4 5 6 7   2.0
1   6   21 -3 21 21 -3 1 -1   2 1 3 4 5 6 7   2.0
1   6   21 -3 21 21 -3 2 -2   2 1 3 4 5 6 7   2.0
1   6   21 -3 21 21 -3 4 -4   2 1 3 4 5 6 7   2.0
1   6   21 -3 21 21 -3 5 -5   2 1 3 4 5 6 7   2.0
1   6   21 -3 21 21 -4 4 -3   2 1 3 4 5 6 7   2.0
1   6   21 -3 21 21 -5 5 -3   2 1 3 4 5 6 7   2.0
1   6   21 -4 -1 1 21 21 -4   2 1 3 4 5 6 7   2.0
1   6   21 -4 -2 2 21 21 -4   2 1 3 4 5 6 7   2.0
1   6   21 -4 -3 3 21 21 -4   2 1 3 4 5 6 7   2.0
1   6   21 -4 -4 1 21 21 -1   2 1 3 4 5 6 7   2.0
1   6   21 -4 -4 2 21 21 -2   2 1 3 4 5 6 7   2.0
1   6   21 -4 -4 3 21 21 -3   2 1 3 4 5 6 7   2.0
1   6   21 -4 -4 5 21 21 -5   2 1 3 4 5 6 7   2.0
1   6   21 -4 -5 5 21 21 -4   2 1 3 4 5 6 7   2.0
1   6   21 -4 21 -1 1 21 -4   2 1 3 4 5 6 7   2.0
1   6   21 -4 21 -2 2 21 -4   2 1 3 4 5 6 7   2.0
1   6   21 -4 21 -3 3 21 -4   2 1 3 4 5 6 7   2.0
1   6   21 -4 21 -4 1 21 -1   2 1 3 4 5 6 7   2.0
1   6   21 -4 21 -4 2 21 -2   2 1 3 4 5 6 7   2.0
1   6   21 -4 21 -4 3 21 -3   2 1 3 4 5 6 7   2.0
1   6   21 -4 21 -4 5 21 -5   2 1 3 4 5 6 7   2.0
1   6   21 -4 21 -5 5 21 -4   2 1 3 4 5 6 7   2.0
1   6   21 -4 21 21 -1 1 -4   2 1 3 4 5 6 7   2.0
1   6   21 -4 21 21 -2 2 -4   2 1 3 4 5 6 7   2.0
1   6   21 -4 21 21 -3 3 -4   2 1 3 4 5 6 7   2.0
1   6   21 -4 21 21 -4 1 -1   2 1 3 4 5 6 7   2.0
1   6   21 -4 21 21 -4 2 -2   2 1 3 4 5 6 7   2.0
1   6   21 -4 21 21 -4 3 -3   2 1 3 4 5 6 7   2.0
1   6   21 -4 21 21 -4 5 -5   2 1 3 4 5 6 7   2.0
1   6   21 -4 21 21 -5 5 -4   2 1 3 4 5 6 7   2.0
1   6   21 -5 -1 1 21 21 -5   2 1 3 4 5 6 7   2.0
1   6   21 -5 -2 2 21 21 -5   2 1 3 4 5 6 7   2.0
1   6   21 -5 -3 3 21 21 -5   2 1 3 4 5 6 7   2.0
1   6   21 -5 -4 4 21 21 -5   2 1 3 4 5 6 7   2.0
1   6   21 -5 -5 1 21 21 -1   2 1 3 4 5 6 7   2.0
1   6   21 -5 -5 2 21 21 -2   2 1 3 4 5 6 7   2.0
1   6   21 -5 -5 3 21 21 -3   2 1 3 4 5 6 7   2.0
1   6   21 -5 -5 4 21 21 -4   2 1 3 4 5 6 7   2.0
1   6   21 -5 21 -1 1 21 -5   2 1 3 4 5 6 7   2.0
1   6   21 -5 21 -2 2 21 -5   2 1 3 4 5 6 7   2.0
1   6   21 -5 21 -3 3 21 -5   2 1 3 4 5 6 7   2.0
1   6   21 -5 21 -4 4 21 -5   2 1 3 4 5 6 7   2.0
1   6   21 -5 21 -5 1 21 -1   2 1 3 4 5 6 7   2.0
1   6   21 -5 21 -5 2 21 -2   2 1 3 4 5 6 7   2.0
1   6   21 -5 21 -5 3 21 -3   2 1 3 4 5 6 7   2.0
1   6   21 -5 21 -5 4 21 -4   2 1 3 4 5 6 7   2.0
1   6   21 -5 21 21 -1 1 -5   2 1 3 4 5 6 7   2.0
1   6   21 -5 21 21 -2 2 -5   2 1 3 4 5 6 7   2.0
1   6   21 -5 21 21 -3 3 -5   2 1 3 4 5 6 7   2.0
1   6   21 -5 21 21 -4 4 -5   2 1 3 4 5 6 7   2.0
1   6   21 -5 21 21 -5 1 -1   2 1 3 4 5 6 7   2.0
1   6   21 -5 21 21 -5 2 -2   2 1 3 4 5 6 7   2.0
1   6   21 -5 21 21 -5 3 -3   2 1 3 4 5 6 7   2.0
1   6   21 -5 21 21 -5 4 -4   2 1 3 4 5 6 7   2.0
1   6   21 21 -1 1 -2 2 21   6 7 2 1 3 4 5   1.0
1   6   21 21 -1 1 -3 3 21   6 7 2 1 3 4 5   1.0
1   6   21 21 -1 1 -4 4 21   6 7 2 1 3 4 5   1.0
1   6   21 21 -1 1 -5 5 21   6 7 2 1 3 4 5   1.0
1   6   21 21 -1 1 21 -2 2   7 2 1 3 4 5 6   1.0
1   6   21 21 -1 1 21 -3 3   7 2 1 3 4 5 6   1.0
1   6   21 21 -1 1 21 -4 4   7 2 1 3 4 5 6   1.0
1   6   21 21 -1 1 21 -5 5   7 2 1 3 4 5 6   1.0
1   6   21 21 -1 2 -2 1 21   6 7 2 1 3 4 5   1.0
1   6   21 21 -1 2 21 -2 1   7 2 1 3 4 5 6   1.0
1   6   21 21 -1 3 -3 1 21   6 7 2 1 3 4 5   1.0
1   6   21 21 -1 3 21 -3 1   7 2 1 3 4 5 6   1.0
1   6   21 21 -1 4 -4 1 21   6 7 2 1 3 4 5   1.0
1   6   21 21 -1 4 21 -4 1   7 2 1 3 4 5 6   1.0
1   6   21 21 -1 5 -5 1 21   6 7 2 1 3 4 5   1.0
1   6   21 21 -1 5 21 -5 1   7 2 1 3 4 5 6   1.0
1   6   21 21 -2 1 -1 2 21   6 7 2 1 3 4 5   1.0
1   6   21 21 -2 1 21 -1 2   7 2 1 3 4 5 6   1.0
1   6   21 21 -2 2 -1 1 21   6 7 2 1 3 4 5   1.0
1   6   21 21 -2 2 -3 3 21   6 7 2 1 3 4 5   1.0
1   6   21 21 -2 2 -4 4 21   6 7 2 1 3 4 5   1.0
1   6   21 21 -2 2 -5 5 21   6 7 2 1 3 4 5   1.0
1   6   21 21 -2 2 21 -1 1   7 2 1 3 4 5 6   1.0
1   6   21 21 -2 2 21 -3 3   7 2 1 3 4 5 6   1.0
1   6   21 21 -2 2 21 -4 4   7 2 1 3 4 5 6   1.0
1   6   21 21 -2 2 21 -5 5   7 2 1 3 4 5 6   1.0
1   6   21 21 -2 3 -3 2 21   6 7 2 1 3 4 5   1.0
1   6   21 21 -2 3 21 -3 2   7 2 1 3 4 5 6   1.0
1   6   21 21 -2 4 -4 2 21   6 7 2 1 3 4 5   1.0
1   6   21 21 -2 4 21 -4 2   7 2 1 3 4 5 6   1.0
1   6   21 21 -2 5 -5 2 21   6 7 2 1 3 4 5   1.0
1   6   21 21 -2 5 21 -5 2   7 2 1 3 4 5 6   1.0
1   6   21 21 -3 1 -1 3 21   6 7 2 1 3 4 5   1.0
1   6   21 21 -3 1 21 -1 3   7 2 1 3 4 5 6   1.0
1   6   21 21 -3 2 -2 3 21   6 7 2 1 3 4 5   1.0
1   6   21 21 -3 2 21 -2 3   7 2 1 3 4 5 6   1.0
1   6   21 21 -3 3 -1 1 21   6 7 2 1 3 4 5   1.0
1   6   21 21 -3 3 -2 2 21   6 7 2 1 3 4 5   1.0
1   6   21 21 -3 3 -4 4 21   6 7 2 1 3 4 5   1.0
1   6   21 21 -3 3 -5 5 21   6 7 2 1 3 4 5   1.0
1   6   21 21 -3 3 21 -1 1   7 2 1 3 4 5 6   1.0
1   6   21 21 -3 3 21 -2 2   7 2 1 3 4 5 6   1.0
1   6   21 21 -3 3 21 -4 4   7 2 1 3 4 5 6   1.0
1   6   21 21 -3 3 21 -5 5   7 2 1 3 4 5 6   1.0
1   6   21 21 -3 4 -4 3 21   6 7 2 1 3 4 5   1.0
1   6   21 21 -3 4 21 -4 3   7 2 1 3 4 5 6   1.0
1   6   21 21 -3 5 -5 3 21   6 7 2 1 3 4 5   1.0
1   6   21 21 -3 5 21 -5 3   7 2 1 3 4 5 6   1.0
1   6   21 21 -4 1 -1 4 21   6 7 2 1 3 4 5   1.0
1   6   21 21 -4 1 21 -1 4   7 2 1 3 4 5 6   1.0
1   6   21 21 -4 2 -2 4 21   6 7 2 1 3 4 5   1.0
1   6   21 21 -4 2 21 -2 4   7 2 1 3 4 5 6   1.0
1   6   21 21 -4 3 -3 4 21   6 7 2 1 3 4 5   1.0
1   6   21 21 -4 3 21 -3 4   7 2 1 3 4 5 6   1.0
1   6   21 21 -4 4 -1 1 21   6 7 2 1 3 4 5   1.0
1   6   21 21 -4 4 -2 2 21   6 7 2 1 3 4 5   1.0
1   6   21 21 -4 4 -3 3 21   6 7 2 1 3 4 5   1.0
1   6   21 21 -4 4 -5 5 21   6 7 2 1 3 4 5   1.0
1   6   21 21 -4 4 21 -1 1   7 2 1 3 4 5 6   1.0
1   6   21 21 -4 4 21 -2 2   7 2 1 3 4 5 6   1.0
1   6   21 21 -4 4 21 -3 3   7 2 1 3 4 5 6   1.0
1   6   21 21 -4 4 21 -5 5   7 2 1 3 4 5 6   1.0
1   6   21 21 -4 5 -5 4 21   6 7 2 1 3 4 5   1.0
1   6   21 21 -4 5 21 -5 4   7 2 1 3 4 5 6   1.0
1   6   21 21 -5 1 -1 5 21   6 7 2 1 3 4 5   1.0
1   6   21 21 -5 1 21 -1 5   7 2 1 3 4 5 6   1.0
1   6   21 21 -5 2 -2 5 21   6 7 2 1 3 4 5   1.0
1   6   21 21 -5 2 21 -2 5   7 2 1 3 4 5 6   1.0
1   6   21 21 -5 3 -3 5 21   6 7 2 1 3 4 5   1.0
1   6   21 21 -5 3 21 -3 5   7 2 1 3 4 5 6   1.0
1   6   21 21 -5 4 -4 5 21   6 7 2 1 3 4 5   1.0
1   6   21 21 -5 4 21 -4 5   7 2 1 3 4 5 6   1.0
1   6   21 21 -5 5 -1 1 21   6 7 2 1 3 4 5   1.0
1   6   21 21 -5 5 -2 2 21   6 7 2 1 3 4 5   1.0
1   6   21 21 -5 5 -3 3 21   6 7 2 1 3 4 5   1.0
1   6   21 21 -5 5 -4 4 21   6 7 2 1 3 4 5   1.0
1   6   21 21 -5 5 21 -1 1   7 2 1 3 4 5 6   1.0
1   6   21 21 -5 5 21 -2 2   7 2 1 3 4 5 6   1.0
1   6   21 21 -5 5 21 -3 3   7 2 1 3 4 5 6   1.0
1   6   21 21 -5 5 21 -4 4   7 2 1 3 4 5 6   1.0
1   6   21 21 21 -1 1 -2 2   7 2 1 3 4 5 6   1.0
1   6   21 21 21 -1 1 -3 3   7 2 1 3 4 5 6   1.0
1   6   21 21 21 -1 1 -4 4   7 2 1 3 4 5 6   1.0
1   6   21 21 21 -1 1 -5 5   7 2 1 3 4 5 6   1.0
1   6   21 21 21 -1 2 -2 1   7 2 1 3 4 5 6   1.0
1   6   21 21 21 -1 3 -3 1   7 2 1 3 4 5 6   1.0
1   6   21 21 21 -1 4 -4 1   7 2 1 3 4 5 6   1.0
1   6   21 21 21 -1 5 -5 1   7 2 1 3 4 5 6   1.0
1   6   21 21 21 -2 1 -1 2   7 2 1 3 4 5 6   1.0
1   6   21 21 21 -2 2 -1 1   7 2 1 3 4 5 6   1.0
1   6   21 21 21 -2 2 -3 3   7 2 1 3 4 5 6   1.0
1   6   21 21 21 -2 2 -4 4   7 2 1 3 4 5 6   1.0
1   6   21 21 21 -2 2 -5 5   7 2 1 3 4 5 6   1.0
1   6   21 21 21 -2 3 -3 2   7 2 1 3 4 5 6   1.0
1   6   21 21 21 -2 4 -4 2   7 2 1 3 4 5 6   1.0
1   6   21 21 21 -2 5 -5 2   7 2 1 3 4 5 6   1.0
1   6   21 21 21 -3 1 -1 3   7 2 1 3 4 5 6   1.0
1   6   21 21 21 -3 2 -2 3   7 2 1 3 4 5 6   1.0
1   6   21 21 21 -3 3 -1 1   7 2 1 3 4 5 6   1.0
1   6   21 21 21 -3 3 -2 2   7 2 1 3 4 5 6   1.0
1   6   21 21 21 -3 3 -4 4   7 2 1 3 4 5 6   1.0
1   6   21 21 21 -3 3 -5 5   7 2 1 3 4 5 6   1.0
1   6   21 21 21 -3 4 -4 3   7 2 1 3 4 5 6   1.0
1   6   21 21 21 -3 5 -5 3   7 2 1 3 4 5 6   1.0
1   6   21 21 21 -4 1 -1 4   7 2 1 3 4 5 6   1.0
1   6   21 21 21 -4 2 -2 4   7 2 1 3 4 5 6   1.0
1   6   21 21 21 -4 3 -3 4   7 2 1 3 4 5 6   1.0
1   6   21 21 21 -4 4 -1 1   7 2 1 3 4 5 6   1.0
1   6   21 21 21 -4 4 -2 2   7 2 1 3 4 5 6   1.0
1   6   21 21 21 -4 4 -3 3   7 2 1 3 4 5 6   1.0
1   6   21 21 21 -4 4 -5 5   7 2 1 3 4 5 6   1.0
1   6   21 21 21 -4 5 -5 4   7 2 1 3 4 5 6   1.0
1   6   21 21 21 -5 1 -1 5   7 2 1 3 4 5 6   1.0
1   6   21 21 21 -5 2 -2 5   7 2 1 3 4 5 6   1.0
1   6   21 21 21 -5 3 -3 5   7 2 1 3 4 5 6   1.0
1   6   21 21 21 -5 4 -4 5   7 2 1 3 4 5 6   1.0
1   6   21 21 21 -5 5 -1 1   7 2 1 3 4 5 6   1.0
1   6   21 21 21 -5 5 -2 2   7 2 1 3 4 5 6   1.0
1   6   21 21 21 -5 5 -3 3   7 2 1 3 4 5 6   1.0
1   6   21 21 21 -5 5 -4 4   7 2 1 3 4 5 6   1.0
1   6   -1 1 -1 1 21 21 21   1 3 4 5 6 7 2   6.0
1   6   -1 1 21 -1 1 21 21   1 3 4 5 6 7 2   6.0
1   6   -1 1 21 21 -1 1 21   1 3 4 5 6 7 2   6.0
1   6   -1 1 21 21 21 -1 1   1 3 4 5 6 7 2   6.0
1   6   -2 2 -2 2 21 21 21   1 3 4 5 6 7 2   6.0
1   6   -2 2 21 -2 2 21 21   1 3 4 5 6 7 2   6.0
1   6   -2 2 21 21 -2 2 21   1 3 4 5 6 7 2   6.0
1   6   -2 2 21 21 21 -2 2   1 3 4 5 6 7 2   6.0
1   6   -3 3 -3 3 21 21 21   1 3 4 5 6 7 2   6.0
1   6   -3 3 21 -3 3 21 21   1 3 4 5 6 7 2   6.0
1   6   -3 3 21 21 -3 3 21   1 3 4 5 6 7 2   6.0
1   6   -3 3 21 21 21 -3 3   1 3 4 5 6 7 2   6.0
1   6   -4 4 -4 4 21 21 21   1 3 4 5 6 7 2   6.0
1   6   -4 4 21 -4 4 21 21   1 3 4 5 6 7 2   6.0
1   6   -4 4 21 21 -4 4 21   1 3 4 5 6 7 2   6.0
1   6   -4 4 21 21 21 -4 4   1 3 4 5 6 7 2   6.0
1   6   -5 5 -5 5 21 21 21   1 3 4 5 6 7 2   6.0
1   6   -5 5 21 -5 5 21 21   1 3 4 5 6 7 2   6.0
1   6   -5 5 21 21 -5 5 21   1 3 4 5 6 7 2   6.0
1   6   -5 5 21 21 21 -5 5   1 3 4 5 6 7 2   6.0
1   6   1 -1 1 21 21 21 -1   2 1 3 4 5 6 7   6.0
1   6   1 21 1 -1 1 21 21   5 6 7 2 1 3 4   4.0
1   6   1 21 1 21 -1 1 21   6 7 2 1 3 4 5   4.0
1   6   1 21 1 21 21 -1 1   7 2 1 3 4 5 6   4.0
1   6   2 -2 2 21 21 21 -2   2 1 3 4 5 6 7   6.0
1   6   2 21 2 -2 2 21 21   5 6 7 2 1 3 4   4.0
1   6   2 21 2 21 -2 2 21   6 7 2 1 3 4 5   4.0
1   6   2 21 2 21 21 -2 2   7 2 1 3 4 5 6   4.0
1   6   3 -3 3 21 21 21 -3   2 1 3 4 5 6 7   6.0
1   6   3 21 3 -3 3 21 21   5 6 7 2 1 3 4   4.0
1   6   3 21 3 21 -3 3 21   6 7 2 1 3 4 5   4.0
1   6   3 21 3 21 21 -3 3   7 2 1 3 4 5 6   4.0
1   6   4 -4 4 21 21 21 -4   2 1 3 4 5 6 7   6.0
1   6   4 21 4 -4 4 21 21   5 6 7 2 1 3 4   4.0
1   6   4 21 4 21 -4 4 21   6 7 2 1 3 4 5   4.0
1   6   4 21 4 21 21 -4 4   7 2 1 3 4 5 6   4.0
1   6   5 -5 5 21 21 21 -5   2 1 3 4 5 6 7   6.0
1   6   5 21 5 -5 5 21 21   5 6 7 2 1 3 4   4.0
1   6   5 21 5 21 -5 5 21   6 7 2 1 3 4 5   4.0
1   6   5 21 5 21 21 -5 5   7 2 1 3 4 5 6   4.0
1   6   21 -1 -1 1 21 21 -1   2 1 3 4 5 6 7   4.0
1   6   21 -1 21 -1 1 21 -1   2 1 3 4 5 6 7   4.0
1   6   21 -1 21 21 -1 1 -1   2 1 3 4 5 6 7   4.0
1   6   21 -2 -2 2 21 21 -2   2 1 3 4 5 6 7   4.0
1   6   21 -2 21 -2 2 21 -2   2 1 3 4 5 6 7   4.0
1   6   21 -2 21 21 -2 2 -2   2 1 3 4 5 6 7   4.0
1   6   21 -3 -3 3 21 21 -3   2 1 3 4 5 6 7   4.0
1   6   21 -3 21 -3 3 21 -3   2 1 3 4 5 6 7   4.0
1   6   21 -3 21 21 -3 3 -3   2 1 3 4 5 6 7   4.0
1   6   21 -4 -4 4 21 21 -4   2 1 3 4 5 6 7   4.0
1   6   21 -4 21 -4 4 21 -4   2 1 3 4 5 6 7   4.0
1   6   21 -4 21 21 -4 4 -4   2 1 3 4 5 6 7   4.0
1   6   21 -5 -5 5 21 21 -5   2 1 3 4 5 6 7   4.0
1   6   21 -5 21 -5 5 21 -5   2 1 3 4 5 6 7   4.0
1   6   21 -5 21 21 -5 5 -5   2 1 3 4 5 6 7   4.0
1   6   21 21 -1 1 -1 1 21   6 7 2 1 3 4 5   4.0
1   6   21 21 -1 1 21 -1 1   7 2 1 3 4 5 6   4.0
1   6   21 21 -2 2 -2 2 21   6 7 2 1 3 4 5   4.0
1   6   21 21 -2 2 21 -2 2   7 2 1 3 4 5 6   4.0
1   6   21 21 -3 3 -3 3 21   6 7 2 1 3 4 5   4.0
1   6   21 21 -3 3 21 -3 3   7 2 1 3 4 5 6   4.0
1   6   21 21 -4 4 -4 4 21   6 7 2 1 3 4 5   4.0
1   6   21 21 -4 4 21 -4 4   7 2 1 3 4 5 6   4.0
1   6   21 21 -5 5 -5 5 21   6 7 2 1 3 4 5   4.0
1   6   21 21 -5 5 21 -5 5   7 2 1 3 4 5 6   4.0
1   6   21 21 21 -1 1 -1 1   7 2 1 3 4 5 6   4.0
1   6   21 21 21 -2 2 -2 2   7 2 1 3 4 5 6   4.0
1   6   21 21 21 -3 3 -3 3   7 2 1 3 4 5 6   4.0
1   6   21 21 21 -4 4 -4 4   7 2 1 3 4 5 6   4.0
1   6   21 21 21 -5 5 -5 5   7 2 1 3 4 5 6   4.0



